ax_mean,ax_std,ax_max,ax_min,ax_median,ay_mean,ay_std,ay_max,ay_min,ay_median,az_mean,az_std,az_max,az_min,az_median,gx_mean,gx_std,gx_max,gx_min,gx_median,gy_mean,gy_std,gy_max,gy_min,gy_median,gz_mean,gz_std,gz_max,gz_min,gz_median,linmag_mean,linmag_std,linmag_max,linmag_min,linmag_median,jerk_mean,jerk_std,jerk_max,spec_domfreq,spec_energy,label,source_file,start_idx
0.9413479999999999,0.012993463587511992,0.9785,0.9175,0.9410499999999999,0.34281799999999996,0.020995939512200926,0.3892,0.2891,0.34604999999999997,-0.24599600000000002,0.0463885242705564,-0.1428,-0.3506,-0.24914999999999998,3.75452,12.357580227924883,25.908,-13.099,-0.496,3.09702,3.10389802983281,9.985,-4.695,3.1835,0.43223999999999996,2.1348765824749685,3.122,-7.313,1.1105,0.0008627873641373896,0.015857718194425573,0.04435111570300898,-0.039173292719025365,-0.0012381209482714706,0.03156112096021273,0.574666469775164,1.4551348872916758,9.0,0.0001085677064495042,fall,fall_1764857045.csv,0
0.9246519999999999,0.03989281258572777,0.9995,0.8235,0.9318500000000001,0.34702,0.05429844196659791,0.5125,0.2815,0.33545,-0.277982,0.08093835108278398,-0.0251,-0.4001,-0.2783,5.25192,14.289315068035977,25.908,-19.473,8.4505,7.23792,10.896514736079606,34.489,-4.695,2.9965,-1.1420000000000001,4.222891767497718,5.16,-11.557,-0.897,-0.00033159462724849706,0.03851071494810208,0.0965178050918385,-0.09201362638879695,-0.001295210085153764,0.022951520642386897,1.0867331885745144,3.280659459247648,2.0,0.0011058572406265768,fall,fall_1764857045.csv,25
0.9386639999999999,0.059938858047180035,1.1118,0.8235,0.9347000000000001,0.323842,0.07026026498669073,0.5125,0.2209,0.30345,-0.24825400000000006,0.09248687519859237,-0.0251,-0.4001,-0.22415000000000002,-3.76826,17.351145780967897,23.458,-40.878,-2.691,7.52232,11.840501500257494,34.489,-12.977,4.5954999999999995,-1.2971200000000003,6.733703918765659,10.168,-14.679,-0.6145,-0.010758376273174124,0.051635598323544224,0.15491222471603905,-0.13307655574893074,-0.009362410097372154,-0.049132659194807665,2.256689694010677,7.019625528297501,1.0,0.0045665828845988235,fall,fall_1764857045.csv,50
0.9534739999999999,0.042304622962508476,1.1118,0.8477,0.94055,0.325264,0.050908996297314685,0.4062,0.2209,0.343,-0.209806,0.03922497372848068,-0.0884,-0.2705,-0.21889999999999998,1.1324999999999998,15.773195556069165,23.458,-40.878,5.6335,2.64716,6.1367307692614315,14.176,-12.977,4.1905,-1.91756,5.800271939004239,10.168,-14.679,-2.832,-0.06809936458368628,0.045959095730957585,0.003627595673285189,-0.2739953263811151,-0.05825221635037625,-0.16768520796316477,1.8199148624274744,4.157247719640317,1.0,0.0006145984374063011,fall,fall_1764857045.csv,75
0.862416,0.4205615328866871,1.9999,-0.2554,0.9343,0.34691599999999995,0.29063495616322543,1.0415,-0.5566,0.35325,-0.269402,0.19460836723018873,0.2932,-0.7817,-0.23704999999999998,7.81538,21.835254343277068,76.55,-80.412,6.84,-9.22372,41.43725757578076,32.099,-171.252,4.08,-1.7845799999999996,33.924095489837306,115.985,-102.168,-3.855,0.035478669872573906,0.36940962544851147,1.1596252212441935,-0.9444690252018291,0.016116269831629393,0.3854192150508024,11.074524187096634,57.69974458373227,3.0,0.0775690147036369,fall,fall_1764857045.csv,100
0.929718,0.43924742944723083,1.9999,-0.2554,1.0314999999999999,0.376516,0.29415791361783894,1.0415,-0.5566,0.41085,-0.44443800000000006,0.24044484847049646,0.2932,-0.7817,-0.54355,8.13948,22.98042003727521,76.55,-80.412,6.79,-8.676960000000001,44.847458051916384,32.099,-171.252,3.8205,-2.8763200000000007,36.37114914238482,115.985,-102.168,-7.5344999999999995,0.006470037135404008,0.3618860114177278,1.0113640885871358,-1.0324813941163786,0.03390387007389617,0.19474037686318463,11.225531636823774,57.69974458373227,2.0,0.12503897877976056,fall,fall_1764857045.csv,125
0.93309,0.19359730292542818,1.2593,0.5156,1.02195,0.36190399999999995,0.08816960464922138,0.5015,0.1709,0.3765,-0.479304,0.1340129873706276,-0.218,-0.6531,-0.5386,0.3189000000000004,12.63020212862803,27.908,-22.313,-1.08,16.53848,23.985679157564,57.802,-63.58,21.714,-5.79188,17.283114606621112,43.649,-36.74,-7.5344999999999995,-0.17270750011757743,0.19677433415047293,0.035847809752253657,-0.6138989168018845,-0.08834083763557232,-0.7427735538008856,2.9205343499020993,7.008162119179396,1.0,0.02396650529426213,fall,fall_1764857045.csv,150
0.8559599999999999,0.17747230769897598,1.3528,0.5156,0.90305,0.35141600000000006,0.1069634766824639,0.7673,0.1709,0.3478,-0.274428,0.12783775035567546,-0.0581,-0.5613,-0.2345,-8.655560000000001,13.45342227265613,26.725,-37.863,-10.332,16.33634,19.83975491643987,57.802,-14.809,12.7135,-1.0386,14.086345080254139,19.382,-31.954,1.6335,-0.06866715678688377,0.1956363182377222,0.5737883731184213,-0.4350309656856559,-0.00409217898217068,-0.19244158635705763,5.84422172347646,20.588324858943764,1.0,0.06758171372494437,fall,fall_1764857045.csv,175
0.9207940000000001,0.10506619705690315,1.3528,0.5566,0.93045,0.39352600000000004,0.0750398529049731,0.7673,0.2588,0.3893,-0.182048,0.0366424739339472,-0.0581,-0.3132,-0.18395,-6.816880000000001,12.470712788994861,26.725,-37.863,-6.7059999999999995,2.87284,10.28949544216819,43.641,-14.809,1.2445,2.2603199999999997,6.858014781086434,17.992,-17.198,0.4165,0.15560682900738626,0.13977249561297772,0.8677184119799843,-0.02687378778914673,0.10946926361619508,0.3614233110363377,5.285421517838185,20.588324858943764,1.0,0.0027033162072070127,fall,fall_1764857045.csv,200
0.938304,0.029407774210232232,1.0012,0.8801,0.9331,0.376952,0.03334527996583624,0.4312,0.2979,0.38034999999999997,-0.17430999999999996,0.023599451264806982,-0.1167,-0.2246,-0.1814,-0.18984000000000012,10.644780144953677,30.244,-13.931,-3.6605,3.5623999999999993,4.674733776377003,12.557,-9.473,3.6639999999999997,-0.31659999999999994,3.953186173202573,7.298,-11.931,-0.202,0.004814645993468967,0.019738525123931448,0.04857626993242037,-0.059122397250560677,0.00659883925473892,0.02635400381238974,0.9402014017988032,2.32022563228077,2.0,0.000545926582498404,fall,fall_1764857045.csv,225
0.929462,0.04540794155211179,1.0012,0.783,0.9358,0.379166,0.04581670704011802,0.4749,0.2976,0.37939999999999996,-0.19900600000000002,0.06145002330349436,-0.1074,-0.3213,-0.18015,7.85208,14.442744671065816,38.45,-13.931,5.8205,4.5238,5.421252836752775,12.672,-9.885,5.34,-2.86772,5.577358858958243,7.298,-14.824,-2.8129999999999997,0.006200421383986645,0.03224936081518239,0.07778466246841531,-0.10420346120321533,0.008325415007378933,0.0655035658097436,1.5278862461872926,6.0135918589808215,4.0,0.00046229722578686747,fall,fall_1764857045.csv,250
0.912712,0.03250208387165352,0.99,0.783,0.91725,0.401472,0.033314687691767424,0.4749,0.2976,0.40554999999999997,-0.23026599999999997,0.04738751569770249,-0.1074,-0.3213,-0.22815000000000002,5.757079999999999,12.176300409960326,38.45,-9.206,0.3855,4.017720000000001,3.7327743196716296,12.672,-9.885,3.9465,-2.46846,4.476824330750538,2.855,-14.824,-0.725,-0.003239592579473123,0.027453588173969024,0.07812974319259314,-0.10549113159179868,0.0007754810356731534,-0.014259603276278279,1.3162797329939417,6.0135918589808215,5.0,0.001372393560503559,fall,fall_1764857045.csv,275
0.8131240000000001,0.2668511484404742,0.9263,-0.1428,0.9142,0.38829,0.17862747856922795,0.7905,-0.3853,0.40635,-0.18329,0.11005841403545664,0.3535,-0.2693,-0.21275,-1.2765999999999997,9.062994838352276,26.489,-37.817,-0.7595000000000001,4.50412,6.4211865122888305,26.092,-27.099,4.2635000000000005,-2.66038,5.752471510194553,11.237,-21.221,-1.2254999999999998,-0.04804531795179659,0.20625105328766014,0.05183752404820419,-0.8468324698928651,0.018596424203446538,-0.5458595344694477,4.1829947700489125,13.26762490190872,0.0,0.005000957390700335,fall,fall_1764857045.csv,300
0.8652299999999999,0.46178221977464656,1.8179,-0.3804,0.9209,0.38122799999999996,0.2758241171761454,0.8438,-0.4512,0.4097,-0.33452800000000005,0.3236712740049695,0.6084,-1.2532,-0.217,8.041379999999998,26.9892588463559,69.977,-104.641,7.519,-10.632919999999999,42.36542273639672,31.832,-185.45,4.519,6.030579999999998,39.19695261373772,118.756,-127.29,-1.2785,0.08231333858311274,0.41155728697115496,1.1911064573127992,-0.875152069040672,0.016613223982246073,0.20466676078345666,12.628733135863323,65.46719459941752,2.0,0.34616667478769314,fall,fall_1764857045.csv,325
1.018316,0.3648259663784912,1.8179,-0.3804,1.07885,0.35936200000000007,0.2166371943042099,0.8438,-0.4512,0.3412,-0.5279419999999999,0.24455342981851635,0.6084,-1.2532,-0.5660499999999999,3.799619999999999,28.076879279499707,69.977,-104.641,3.4275,-8.120559999999998,43.77201443715379,32.458,-185.45,6.92,4.912220000000001,39.42473102573561,118.756,-127.29,-0.5,0.22759797819387567,0.3615647439185558,1.5146133506400927,-0.43014874945447923,0.1322639608557833,0.3173867948001711,11.962774626620664,65.46719459941752,1.0,0.035644152365802234,fall,fall_1764857045.csv,350
0.9418740000000001,0.11060024016248787,1.1577,0.7124,0.9108,0.35673199999999994,0.054871400346628664,0.4487,0.1956,0.35350000000000004,-0.42507599999999995,0.12484138986730321,-0.1902,-0.6106,-0.40235,-9.35088,7.453211806033692,7.519,-25.771,-10.183,12.798800000000002,10.601857252387433,32.458,-13.481,11.9275,-8.63238,4.688517099851508,10.626,-15.198,-9.168,-0.06525020952017059,0.12313710489693815,0.1850179653964532,-0.32778669396899485,-0.09266507921026734,-0.4551644947810639,1.9511467977535801,3.485085205766836,2.0,0.00886757192216578,fall,fall_1764857045.csv,375
0.8417200000000001,0.07469752070852151,0.9568,0.7083,0.87305,0.39535600000000004,0.04395589225576021,0.4753,0.3079,0.3994,-0.25374800000000003,0.08578152071396263,-0.1328,-0.4026,-0.22399999999999998,-2.2450600000000005,7.747215503417986,8.046,-15.275,-0.36250000000000004,15.496379999999998,9.418804376119082,35.756,-1.183,13.9655,-4.98192,5.694544262151274,5.725,-14.863,-6.1645,0.0032815979248251147,0.08362878504467856,0.13050042888022162,-0.14834808251335896,0.02854303860626306,0.048638497067240244,1.2379393174309272,2.6561408496743546,1.0,0.010937239330353985,fall,fall_1764857045.csv,400
0.8664359999999998,0.07380596116845847,0.9575,0.7083,0.8956500000000001,0.405692,0.055456266877603654,0.4797,0.1267,0.4131,-0.19787600000000002,0.0516367449012813,-0.1328,-0.5166,-0.19385,3.761219999999999,6.931474210555789,43.939,-7.931,4.08,9.210579999999998,12.936400697396476,35.756,-42.954,8.118500000000001,0.6089199999999999,3.128869245206645,6.71,-6.626,0.6719999999999999,0.04714853580906387,0.04442680886245552,0.13517218900820505,-0.056093080753095825,0.05558991554521697,0.19677478102406387,1.2632736156974038,4.082145877615173,1.0,0.0012038052817969496,fall,fall_1764857045.csv,425
0.918022,0.01464901757798113,0.9575,0.8784,0.9185,0.4038979999999999,0.04398467683182406,0.4797,0.1267,0.4054,-0.203594,0.047371896352162206,-0.1492,-0.5166,-0.198,0.36035999999999996,7.250728445501182,43.939,-7.931,-0.8965,2.48854,8.395719209716342,20.427,-42.954,2.557,1.1227200000000002,2.156745557918226,6.71,-4.206,1.275,-0.009546747467048587,0.015247926846144367,0.04450703712248938,-0.049639516735525246,-0.006496722516452946,-0.026857176333241507,1.073307258134985,4.082145877615173,1.0,0.00015622645177164953,fall,fall_1764857045.csv,450
0.9194239999999999,0.0075644315054074,0.9304,0.8936,0.92065,0.4062779999999999,0.00848908216475727,0.4241,0.3894,0.4071,-0.19707400000000008,0.005382,-0.1816,-0.2061,-0.19715,-1.088,2.0986141427141867,2.542,-5.275,-0.9275,2.40532,1.2493677511445538,5.084,-0.344,2.58,-0.13848,1.5903020623768302,3.069,-2.481,-0.504,-0.002399233969862782,0.005917614725980211,0.013760478503306528,-0.019317791726130462,-0.002500021451432244,-0.009090824149936538,0.23494504080908554,0.5209987523678739,1.0,1.410607752076695e-05,fall,fall_1764857045.csv,475
0.904162,0.0355658425459035,0.9304,0.7083,0.91125,0.43058599999999997,0.03816776131763559,0.6162,0.3992,0.4209,-0.18618200000000001,0.025145780481027027,-0.0408,-0.2061,-0.19224999999999998,0.8356399999999999,3.8453775770917478,12.42,-2.656,-0.5305,2.7936,3.545510992790743,6.74,-17.053,3.3514999999999997,-1.3093399999999997,1.383276308045504,3.435,-4.29,-1.1905000000000001,-0.0003398749697710657,0.015322162068289796,0.01862611766328981,-0.08049131589151948,0.0023091950536482386,-0.08407683403841093,0.41374233312750525,0.7072982037399811,4.0,6.208315569533452e-05,fall,fall_1764857045.csv,500
0.86444,0.39661712872744165,1.9999,-0.1252,0.9081,0.41261000000000003,0.28141383281565957,1.1836,-0.3782,0.43105000000000004,-0.250718,0.21183785751371262,0.4214,-0.6426,-0.192,2.42136,17.909566577402146,47.855,-72.534,-0.42,-9.43414,42.42847180467852,41.298,-170.931,3.5875000000000004,1.9115399999999994,34.39793569516054,93.939,-134.916,-0.8855,0.053421744977740666,0.4032272453991936,1.1495076971672855,-0.8965382465146055,0.02727931713982157,0.21389806280367016,11.897701282677746,64.33164783982419,2.0,0.25330135761990685,fall,fall_1764857045.csv,525
0.9230379999999999,0.40507710322357154,1.9999,-0.1252,1.00525,0.412664,0.2804908638512135,1.1836,-0.3782,0.43555,-0.40430400000000005,0.21460141095528706,0.4214,-0.6426,-0.47475,-0.09103999999999957,18.975023036571,47.855,-72.534,-2.691,-7.719360000000003,43.76778893102096,41.298,-170.931,8.7405,0.2987799999999985,34.95934041785686,93.939,-134.916,-0.9235,0.0674704273321149,0.37227205605471314,1.1693596517561935,-0.7799310715469812,0.05770035958086128,0.25957319482396596,11.922696719484854,64.33164783982419,1.0,0.046779511818891104,fall,fall_1764857045.csv,550
0.9175379999999999,0.11530657551067935,1.106,0.7214,0.94785,0.42561,0.04797467352676827,0.5059,0.3142,0.4369,-0.391808,0.10706420100108159,-0.2048,-0.605,-0.40225,-6.20918,7.290149671138447,18.198,-13.901,-9.0455,11.857820000000002,11.01687387545124,22.458,-32.176,15.2325,-3.9966199999999996,5.988402113719485,14.366,-14.069,-3.7785,-0.060387984475034996,0.12755991742800324,0.14220316256143506,-0.2946509993375259,-0.019678348738719875,-0.37118875594435247,1.373242333326315,3.0043803831624194,1.0,0.0037842934011455076,fall,fall_1764857045.csv,575
0.8436699999999999,0.07800732337415509,0.9534,0.7214,0.8605,0.42640399999999995,0.055569023601283477,0.563,0.3142,0.42215,-0.231544,0.08604954888899766,-0.0461,-0.3958,-0.2156,-6.0104999999999995,6.844349898273758,12.023,-16.916,-8.400500000000001,14.254799999999998,6.646257545416066,27.802,0.069,16.6375,-0.13176000000000015,4.997649141586472,14.267,-10.595,-0.309,-0.01688606324710901,0.08465688195215978,0.11299860320792221,-0.1671844646840318,0.00508107167839611,-0.05359884601699074,2.161545480858108,8.26854915842919,1.0,0.009406284188364604,fall,fall_1764857045.csv,600
0.8847019999999999,0.05216735948847708,0.937,0.7346,0.90625,0.4387959999999999,0.04123709960702862,0.563,0.3511,0.42274999999999996,-0.16678600000000002,0.027435852529126916,-0.0461,-0.2285,-0.1693,-2.78224,6.398505305334989,12.023,-16.916,-2.8129999999999997,5.01818,8.036134159382856,27.802,-5.679,1.8625,2.9650600000000003,2.708775637885131,14.267,-1.076,3.0075000000000003,0.048483818919228906,0.037922934049253974,0.15311884956255917,-0.04569035810184929,0.04389728582451874,0.1615083586798489,2.1885252406560287,8.26854915842919,1.0,0.0007728731885811666,fall,fall_1764857045.csv,625
0.913954,0.01318825553285954,0.9333,0.8523,0.91625,0.41922200000000004,0.018098456177254457,0.4771,0.3689,0.41455,-0.176836,0.014881542393179546,-0.1365,-0.2058,-0.1812,-1.6538199999999998,3.150310097053939,3.718,-9.885,-1.3545,0.6844399999999999,2.452930224527392,4.244,-5.679,0.6910000000000001,1.6002999999999998,1.7161518493420098,4.573,-1.672,2.1375,0.0009775082249471434,0.015173116708829123,0.02202404489529286,-0.07976875689396301,0.0028794956449840203,0.0025081003994059455,1.0213889896858455,4.415982699441873,7.0,0.00020945082189750513,fall,fall_1764857045.csv,650
0.918444,0.005620005693947293,0.9324,0.9048,0.9189,0.41112999999999994,0.006521203876585978,0.4341,0.3999,0.4099,-0.18919400000000003,0.010502807434205388,-0.165,-0.209,-0.1897,1.38808,2.809776253298472,4.748,-5.42,2.065,2.7956,1.6978376483044544,5.687,-1.595,3.336,-0.06336000000000003,0.9524038378755095,2.443,-1.672,-0.164,-0.0012785305101534305,0.005991557916424152,0.014178857895774666,-0.01688081811613973,-0.0006319333394002591,-0.010650728306783392,0.40556156574607255,0.9444441189329855,15.0,2.2722641609359555e-05,fall,fall_1764857045.csv,675
0.9186759999999999,0.003820919261120294,0.9272,0.9104,0.91905,0.40916800000000003,0.004754258722450854,0.4177,0.3972,0.40915,-0.19774999999999998,0.006958685220643336,-0.1848,-0.2126,-0.1986,3.4125999999999994,0.9663433137348238,4.863,1.244,3.542,3.6552400000000005,1.1438069165728977,5.687,-0.115,3.71,-0.47828000000000004,0.9254711241308397,1.076,-2.672,-0.37,-0.003117755930502417,0.004766605835503652,0.008328552932478361,-0.014327527646697424,-0.0028581041176649613,0.0017025562002715784,0.2403460031873611,0.3841769514110971,1.0,1.8808445796423827e-05,fall,fall_1764857045.csv,700
0.919544,0.003953436985712562,0.9282,0.9124,0.91955,0.405684,0.007583280556592905,0.4177,0.3821,0.4075,-0.204754,0.007218953109696726,-0.186,-0.219,-0.2053,1.5812,2.1325527801205766,4.863,-2.038,1.8704999999999998,3.2395399999999994,0.933698049906928,5.031,1.321,3.351,-0.5728,0.8837909707617521,1.076,-2.672,-0.523,0.0012346533794348113,0.003313366393567889,0.008979702366774367,-0.00612666680710805,0.00106014133813348,0.002244351146125101,0.20819019020010032,0.38239481641877404,12.0,1.1694493779068218e-05,fall,fall_1764857045.csv,725
0.9183940000000002,0.004444025652491227,0.9282,0.9045,0.91835,0.40559199999999995,0.00714626727739734,0.417,0.3821,0.4075,-0.209616,0.0038351198155989865,-0.2029,-0.219,-0.20984999999999998,0.8657600000000001,1.6032360844242497,3.542,-2.038,1.141,3.18518,0.9660846482581119,5.145,1.321,3.1985,-0.25252,0.5561790445531007,0.863,-1.252,-0.2445,0.00045149122605603776,0.0031521741872968666,0.006994294930281697,-0.01067069943124399,0.00098017943535178,0.0009217750051151713,0.19391021958952645,0.45303633479786276,8.0,6.7812690699785485e-06,fall,fall_1764857045.csv,750
0.918108,0.00566578644143953,0.9287,0.8979,0.9188000000000001,0.405876,0.0073776570806726996,0.4177,0.3843,0.40735,-0.20990000000000006,0.007380352295114373,-0.1907,-0.2266,-0.2097,0.93786,1.5909925833893759,2.962,-5.191,1.271,3.59828,1.712710495559597,7.931,-0.573,3.6905,-0.48491999999999996,1.4070188319990604,0.954,-5.489,-0.099,-0.00013138385429089627,0.005542911566442638,0.014588886410789259,-0.019383566881578718,0.0007982017550151044,-0.0029613540348725842,0.3530872230125713,1.0446069174841366,4.0,1.531122685192707e-05,fall,fall_1764857045.csv,775
0.918766,0.005658996730870233,0.9287,0.8979,0.9194,0.40431199999999995,0.008475131621396806,0.4185,0.3843,0.4054,-0.209606,0.00812707598094173,-0.1907,-0.2266,-0.20945,-1.6732399999999998,2.7294205873041992,2.137,-8.275,-0.5305,2.4778999999999995,2.157915199909394,7.931,-2.099,2.4314999999999998,-0.22432,1.7898381316755994,2.504,-5.489,0.126,-0.0019127821989213477,0.005810466459085566,0.012938851022352482,-0.02138160035284975,-0.0015975582623778406,-0.006131844778449837,0.35681585288691736,1.0446069174841366,9.0,5.8622226087402816e-05,fall,fall_1764857045.csv,800
0.913138,0.012082812420955647,0.926,0.8472,0.9153,0.41417799999999994,0.015389285753406493,0.4792,0.3921,0.4121,-0.202968,0.01174191534631382,-0.1685,-0.218,-0.2051,-1.79584,2.812476086013888,4.45,-8.275,-1.7974999999999999,3.13804,2.4408404942560256,8.931,-2.099,2.9465,-0.9746799999999999,2.1946057271409822,2.504,-5.992,-0.756,-0.0028838374334592466,0.00664786596740544,0.006226172409570907,-0.035321627912599074,-0.0018470734224944607,-0.04264018139626607,0.2900225052595607,0.5044975183313261,1.0,1.5347116164011187e-05,fall,fall_1764857045.csv,825
0.8550920000000001,0.30793194042840055,1.5686,0.0833,0.9137,0.409482,0.24565492357369922,1.1357,-0.167,0.41615,-0.23082999999999995,0.16369421156534522,0.0781,-0.6433,-0.2012,5.849920000000001,25.411642885763996,48.328,-90.527,0.1835,-6.2366600000000005,37.595376143674905,45.076,-175.679,3.8475,-2.6064199999999995,21.895915868572388,75.405,-68.023,-2.8049999999999997,0.027248974423225682,0.35246996404664943,1.0308105465285728,-0.8773503686376678,0.03493575660920906,0.27852342063820423,9.013397361948334,33.41803773169229,2.0,0.1238115903426613,fall,fall_1764857045.csv,850
0.87505,0.32016897429326285,1.5686,0.0833,0.89525,0.42359600000000003,0.252139892091672,1.1357,-0.167,0.4197,-0.36266600000000004,0.1910631713439301,0.0781,-0.6433,-0.4325,7.86314,25.759882054861976,48.328,-90.527,5.939,-6.9798599999999995,37.88849628634528,45.076,-175.679,2.809,-0.09943999999999878,23.375451290753723,75.405,-68.023,-2.733,-0.030688636549451954,0.333801467567812,0.9385216022031448,-0.8586179566080333,-0.01673337493168181,0.03425234355860421,9.137710693038361,33.41803773169229,1.0,0.08782792942453248,fall,fall_1764857045.csv,875
0.9050660000000001,0.08554271356462807,1.1343,0.8262,0.87195,0.42529999999999996,0.05978114418443326,0.6101,0.3557,0.41105,-0.43461999999999995,0.04714751318998703,-0.3728,-0.5552,-0.4181,1.0231000000000001,7.044113869749693,22.473,-6.374,-1.5955,2.894,6.716153241253508,20.763,-18.405,3.8585000000000003,0.8211599999999999,8.156422189563264,36.16,-11.947,-0.947,-0.06736046274041697,0.06553506374377394,0.14066917662605083,-0.16197598109754852,-0.07789306696585963,-0.28094871953743233,1.6147943461332852,4.43752265053865,1.0,0.0030104056014434812,fall,fall_1764857045.csv,900
0.8972,0.04717622282463912,0.9856,0.8262,0.8805000000000001,0.43358599999999997,0.04338494213433966,0.5229,0.3706,0.41945,-0.414306,0.02130346835611516,-0.3728,-0.4727,-0.41295000000000004,-6.130880000000001,6.623088012823022,1.412,-24.16,-3.519,4.355499999999999,3.6531147874108747,11.947,-4.55,4.485,-3.67424,4.757491908810776,2.427,-14.038,-2.0915,0.028384014634387934,0.04902615462488143,0.1295308724384412,-0.034418839635560694,0.012994310154806121,0.05344743298146125,1.365903790701041,4.297905935669966,1.0,0.0018713389465618388,fall,fall_1764857045.csv,925
0.8671479999999999,0.08612208831652889,0.9856,0.7068,0.8895500000000001,0.45763400000000004,0.03686598220582221,0.5229,0.3918,0.4585,-0.35473,0.09059653690953093,-0.1318,-0.4727,-0.3979,-33.11084,27.659200215017062,-1.321,-79.366,-22.58,-5.198520000000001,14.77209877334971,11.947,-34.313,1.1145,2.46912,13.121400802719197,29.145,-14.038,-1.767,-0.01398137671478029,0.11586922844237817,0.14395248688032658,-0.2289201958377266,0.028733157063160597,-0.13633762058373589,1.515017766877253,4.297905935669966,1.0,0.00769623639356693,fall,fall_1764857045.csv,950
0.845296,0.0695459444108713,0.9556,0.7068,0.86305,0.448008,0.03623128946090658,0.5071,0.3506,0.44825,-0.18818000000000001,0.11957282634445002,-0.0332,-0.4165,-0.1333,-49.417260000000006,21.776433691318694,1.237,-79.366,-53.229,-15.389019999999999,10.871536037727143,5.74,-34.313,-17.1185,9.97818,10.160647862592228,29.145,-12.023,10.160499999999999,-0.03142082842992,0.0715751269460828,0.061386554058120324,-0.1853845019995889,-0.006776672854696519,-0.06083503233436546,1.2882132560001696,2.5233838327943516,1.0,0.005837026934496896,fall,fall_1764857045.csv,975
0.9054040000000001,0.051868205906894456,1.0405,0.825,0.90015,0.4637220000000001,0.09201294537183341,0.7715,0.3506,0.44825,-0.128086,0.11794856507817296,-0.0151,-0.5247,-0.08935,-11.503219999999999,37.34326946119742,47.122,-72.473,-11.4085,-1.9516400000000005,20.277914000961736,47.183,-23.618,-9.656500000000001,-0.1425200000000001,11.386385050998408,26.496,-22.015,0.779,0.03905591618380421,0.08128089447710521,0.346456485173114,-0.07516706514157367,0.021339618461112153,0.2969866239453827,2.050935761517759,8.22480686929824,1.0,0.0020981339146762855,fall,fall_1764857045.csv,1000
0.8590559999999999,0.11720174940673882,1.0728,0.6025,0.86415,0.5076900000000001,0.12646313810751336,0.8804,0.3567,0.4767,-0.219472,0.1347158565871145,-0.0151,-0.5247,-0.21035,30.626279999999998,19.644809419324993,65.672,-16.573,35.798,21.63288,22.680347531411417,73.122,-17.031,21.721,-4.446219999999999,11.356422114891643,17.26,-22.015,-3.7785,-0.01664421162575604,0.12609697973748843,0.3008920618840776,-0.24187095654287338,-0.04154513534793691,0.04800816166281043,3.395128112764905,8.545347455484603,2.0,0.02623854592450597,fall,fall_1764857045.csv,1025
0.873202,0.12058830704508626,1.0728,0.6025,0.9271,0.456464,0.12323880031873079,0.8804,0.3005,0.4425,-0.21146399999999999,0.0922195765767768,-0.0459,-0.4656,-0.1915,31.95104,16.27874361854747,65.672,1.786,32.4695,18.65578,20.68668366586583,73.122,-8.305,14.317,-0.9429400000000001,9.649748416223089,17.26,-21.55,-2.0575,-0.11104838160680565,0.1327822986660106,0.13020346833289143,-0.4336220664714605,-0.06912548704873445,-0.2834560277721529,3.1150829870804495,8.545347455484603,1.0,0.015056935437548227,fall,fall_1764857045.csv,1050
0.916046,0.08123419282543527,1.1936,0.7849,0.93025,0.4032279999999999,0.08131111618960842,0.6118,0.3005,0.37245,-0.238504,0.11064766054463149,-0.0459,-0.4402,-0.24205,17.23758,18.126307485078144,58.725,-20.229,17.942500000000003,8.71982,10.935666290976512,36.641,-8.305,7.034,-1.4422000000000004,7.512979054942187,10.359,-18.656,-1.5764999999999998,0.020729521379502423,0.07422917259555196,0.33399072111561434,-0.10731757862209479,0.013748507144491051,0.2538278510075188,2.6995617027861685,11.633052719165061,3.0,0.001277657685505971,fall,fall_1764857045.csv,1075
0.897982,0.07397725242261975,1.1936,0.7849,0.9117500000000001,0.421416,0.07021710150668425,0.6118,0.3125,0.41785,-0.25658800000000004,0.09246899294358082,-0.1221,-0.4402,-0.2319,4.464180000000002,16.695769452996167,43.786,-20.229,0.35500000000000004,7.75422,9.181474625113331,36.641,-5.069,6.1335,0.6791599999999999,6.874559698948,10.374,-18.656,1.744,0.014267820650600624,0.07120262681667214,0.3475140221266433,-0.09284663394528159,0.0025689177879740788,0.03040530406405771,3.1203514775293817,11.633052719165061,4.0,0.010782766096687744,fall,fall_1764857045.csv,1100
0.9159320000000001,0.0210197187421716,0.9707,0.8186,0.91725,0.410278,0.016037409890627602,0.458,0.3809,0.4127,-0.199552,0.028811013449720924,-0.1582,-0.2651,-0.19569999999999999,3.9078399999999998,8.527146991485488,13.55,-14.504,6.667999999999999,3.0641,4.605110944374739,23.901,-5.069,3.3585,1.18924,2.41787587406798,10.374,-3.847,1.0385,0.008212558062058116,0.016049428346502873,0.05600728681793932,-0.06361172112165425,0.006166526308564402,0.030658347948543857,0.8966038731312004,3.4291146122111815,11.0,5.8636153266804324e-05,fall,fall_1764857045.csv,1125
0.91884,0.004643662347759578,0.9292,0.9053,0.9193,0.3961840000000001,0.014618664234464103,0.4216,0.3694,0.3937,-0.228338,0.02526424263658026,-0.1714,-0.2556,-0.2407,7.65868,3.781597278611249,13.55,1.954,7.9465,3.21464,1.2268615204659408,5.634,0.557,3.3585,0.86422,1.8502335127221106,4.267,-3.847,1.027,-0.0012836966866547471,0.004849153941848577,0.010804582363583615,-0.009376687932923566,-0.001226801464688787,0.0024000752577919694,0.28889716227030193,0.7221750739971666,10.0,2.576058513328985e-05,fall,fall_1764857045.csv,1150
0.919592,0.00893511813016482,0.9495,0.8931,0.9202,0.38825999999999994,0.01240146765508018,0.436,0.3662,0.3866,-0.24291200000000004,0.015022085607531332,-0.1838,-0.2664,-0.24695,8.104940000000001,7.818779980048038,36.191,1.954,5.836,1.0501,2.4823942495099365,5.031,-5.267,0.985,3.6618,2.621972944177724,9.053,-0.893,3.2249999999999996,-0.001541693468206753,0.007340595688765449,0.02375479836873362,-0.0254657373916376,-0.0014636341554106203,0.009267952766908784,0.36001338791319776,0.8752353959329162,1.0,1.736263113064065e-05,fall,fall_1764857045.csv,1175
0.82517,0.14017964795219026,0.9495,0.4807,0.9032,0.310404,0.1458024045892248,0.436,-0.3418,0.3684,-0.25335799999999997,0.09227849606490127,-0.1807,-0.7168,-0.23855,17.81806,13.42870242042767,47.595,2.962,12.542,-10.62222,22.14494214514005,4.137,-104.847,-2.8049999999999997,19.33788,20.10926676896997,88.664,1.42,8.935,-0.06418244994491568,0.13882152624404676,0.15344326079792603,-0.41398403367364445,0.010122684209439237,0.1060524279346075,2.671018267814466,12.313567824610288,1.0,0.007577916903237621,fall,fall_1764857045.csv,1200
0.5490120000000001,0.5723092529882773,1.8857,-0.7988,0.66295,-0.22346999999999997,0.5207728139025692,0.3755,-1.2222,-0.19345,-0.50453,0.3739557210419437,-0.1328,-1.5469,-0.31265,51.50919999999999,35.474605000760754,130.13,2.962,40.561,-55.89092000000001,47.93105157821597,0.046,-152.641,-51.771,84.60766000000001,69.00123116426546,190.977,-24.931,56.5535,0.027184822770801597,0.42221168494761524,1.4531965047216684,-0.47777338348772946,-0.11780701100567359,-0.1611426384451998,8.699139771119402,24.885766207349434,3.0,0.35708035782319203,fall,fall_1764857045.csv,1225
0.0381,0.6322753033291749,1.8857,-0.7988,-0.1965,-0.7730900000000003,0.25057559039140265,-0.179,-1.2222,-0.8314,-0.5690259999999999,0.33462200633550687,-0.1328,-1.5469,-0.46935,31.83998,53.02838340190657,130.13,-45.527,22.247999999999998,-37.5056,61.977900220320464,51.443,-152.641,-30.752,58.8522,90.31196297301925,190.977,-52.878,16.771,-0.0669705042815605,0.3287595013939725,1.1683182416972324,-0.6687101230197934,-0.1475722279663223,-0.27166629111041296,8.202937105054447,24.885766207349434,3.0,0.030539818035757924,fall,fall_1764857045.csv,1250
-0.04612400000000001,0.27077894863522906,0.3884,-0.5291,-0.00755,-0.80399,0.12533408993565956,-0.5471,-1.0022,-0.8274,-0.554596,0.18584507414510612,-0.1689,-0.8274,-0.56725,-23.37588,18.849448541153667,23.267,-49.634,-22.2215,20.974719999999998,19.313750265590574,51.443,-26.771,23.454,-27.768420000000003,21.432509169101035,35.435,-55.26,-34.45399999999999,0.04174461060404933,0.050897081541297,0.15262502388073518,-0.05509834828717641,0.03792960375064114,0.1506737696866735,2.20047044072598,6.5711448282088805,2.0,0.0037506114258600513,fall,fall_1764857045.csv,1275
0.279532,0.11973321751293582,0.501,0.0032,0.30615000000000003,-0.6836480000000001,0.13635173814807056,-0.4329,-1.0022,-0.667,-0.7468039999999999,0.08452914517490404,-0.5381,-0.9326,-0.7578,-19.18136,18.80051109279745,14.534,-49.634,-18.7825,13.06216,15.448561730284151,41.863,-10.473,12.5725,-27.403360000000003,15.413558340318437,-1.076,-55.26,-28.7975,-0.03723987567681096,0.05853771261535311,0.12399883800110878,-0.1317897705395864,-0.046679062539236704,0.00890008326684109,2.9321262019676566,7.554671952159653,1.0,0.0038650991306112613,fall,fall_1764857045.csv,1300
0.40651399999999993,0.08001080429542,0.6084,0.2412,0.4093,-0.57628,0.1132143683460717,-0.2971,-0.8665,-0.562,-0.8013440000000002,0.07040548603624579,-0.6411,-0.9326,-0.8069999999999999,-14.33478,15.540291957733613,14.534,-46.427,-17.2975,7.817679999999998,9.848658339977074,23.137,-10.473,10.233,-19.14872,14.328978900172894,0.74,-53.611,-16.374000000000002,0.030841546312636213,0.058041655308272884,0.19513788243044994,-0.09234454470425912,0.022939093973213698,0.06524605771986823,2.773512041817069,7.554671952159653,5.0,0.003498879552079696,fall,fall_1764857045.csv,1325
0.5386279999999999,0.12564950782235482,0.8333,0.3574,0.5133,-0.315942,0.23986920360062897,0.1648,-0.6365,-0.3878,-0.8453040000000002,0.08830959848170526,-0.7107,-1.0898,-0.8382499999999999,-29.81768,13.919287907705623,2.71,-51.626,-29.912,17.34474,9.232432777572768,43.931,-2.107,14.957999999999998,-29.09698,17.270708009216065,0.74,-55.015,-28.2175,-0.026424549782137798,0.0993080004071135,0.15247372003882154,-0.2585405802545261,-0.029235368224760583,-0.12504051706472197,3.453165004188692,6.379417263114817,5.0,0.00948979093748921,fall,fall_1764857045.csv,1350
0.70881,0.1305516821032958,0.9485,0.4016,0.73155,0.10885399999999999,0.26141177877823335,0.5303,-0.428,0.12915,-0.76571,0.16216093395142986,-0.3525,-1.0898,-0.7787,-35.12856,14.320809671467602,3.42,-61.145,-34.79,31.51448,18.575748274823276,83.687,1.885,31.3815,-31.3614,18.634860050990454,16.473,-56.756,-31.4735,0.0630751219180343,0.11577959443852825,0.2534116453431776,-0.21407153689551406,0.07309065246934965,0.19585709684635785,4.6921018573338555,8.94431178498421,8.0,0.011804884515474586,fall,fall_1764857045.csv,1375
0.7927960000000001,0.06636203420631408,0.9485,0.6179,0.79395,0.37101599999999996,0.12034111742874919,0.5366,0.1211,0.3938,-0.5066700000000001,0.19389611883686583,-0.2424,-0.9326,-0.50595,-17.425040000000003,21.809389131252622,12.916,-61.145,-17.7405,28.816440000000004,19.43108309812914,83.687,5.267,25.683,-9.35022,22.596462213620963,17.733,-56.756,-1.004,0.005418749182965679,0.11679660331481709,0.29799153579198623,-0.17647980344394887,-0.0012466464584309778,-0.10052579104441993,4.132436378736059,8.94431178498421,1.0,0.009305299527890167,fall,fall_1764857045.csv,1400
0.850682,0.07509340767337704,1.0706,0.718,0.8447,0.41924,0.05131211942611608,0.5366,0.2915,0.4158,-0.299928,0.08099144409133596,-0.1941,-0.522,-0.27505,2.5640799999999997,13.10236089693762,22.519,-31.962,4.3740000000000006,15.57422,6.950801160413093,35.038,5.267,13.8015,2.7214400000000007,8.346162816911733,17.733,-13.191,2.729,-0.019879101700648518,0.07468900420524043,0.21392699917461067,-0.14916336534287944,-0.004405021231995043,-0.03018941618942999,2.571528955059786,6.403757915319042,2.0,0.007572316969990703,fall,fall_1764857045.csv,1425
0.917218,0.0412733652129312,1.0706,0.8105,0.92025,0.40382399999999996,0.03717396163983602,0.5107,0.3281,0.4028,-0.238816,0.027605378896149932,-0.1907,-0.3225,-0.2344,9.2337,8.81242897106127,23.847,-9.137,8.2255,12.401719999999997,6.863962360153209,28.458,3.122,11.1295,-2.1480200000000003,4.357749072583229,8.573,-9.718,-3.29,0.03583880217310184,0.04573198382659543,0.24972076350775718,-0.005678224681775035,0.025101687717970056,0.08878765391581414,1.670856602127321,6.403757915319042,1.0,0.0004786767371296512,fall,fall_1764857045.csv,1450
0.9204260000000002,0.011653528392722955,0.9548,0.9011,0.9171,0.38939799999999997,0.02141687642958235,0.4368,0.3281,0.38965,-0.244228,0.018971747837244732,-0.1907,-0.2712,-0.25,5.3649000000000004,7.194170321169774,23.847,-2.878,2.691,4.80508,3.3138407857952377,12.496,1.015,4.2445,-1.32744,2.188507858427746,1.466,-5.618,-1.702,0.0012540821163708493,0.007303307800856965,0.029125484865316187,-0.02182950016698304,0.0010026065051248478,0.0005217513736336456,0.4964896462154676,1.247596788292249,9.0,1.7028506058463764e-05,fall,fall_1764857045.csv,1475
0.914172,0.004901919623984063,0.9292,0.9036,0.91445,0.39437600000000006,0.007902393561447068,0.4106,0.3757,0.39525,-0.26234999999999997,0.006106267272237597,-0.2456,-0.2773,-0.26305,0.4907,1.5835734684567053,5.313,-2.878,0.836,2.05386,1.0802547849465884,6.214,0.412,1.6795,1.0224799999999998,1.1898087953952936,3.565,-2.55,0.9695,-0.00064913652917999,0.0030400912569207273,0.008079811112681856,-0.0070036942900684185,-0.0005417421159423785,-0.005224021616095127,0.1965155254411344,0.4419173155917222,1.0,1.1330330917261715e-05,fall,fall_1764857045.csv,1500
0.9144580000000002,0.00722504228361329,0.9377,0.8958,0.9143,0.38476999999999995,0.015227898738828021,0.406,0.3491,0.38785000000000003,-0.27193,0.010329167439827857,-0.2546,-0.2991,-0.26844999999999997,4.444419999999999,4.070067130109773,14.908,-1.298,2.645,-0.30811999999999995,2.832938831955254,3.595,-5.885,0.515,6.5887,6.053399891796346,18.344,0.412,3.9654999999999996,0.0005760695335826637,0.006081713429962075,0.015518452655743697,-0.018091390280534636,0.0016458365021166932,-0.01407240778209234,0.2680018401806265,0.5797075266433471,3.0,1.0246380654914138e-05,fall,fall_1764857045.csv,1525
0.8192099999999999,0.18138885109068859,1.1797,0.342,0.89795,0.246268,0.2739450678073982,0.4011,-0.7607,0.3569,-0.299312,0.10366826445928377,-0.1924,-0.8076,-0.2804,12.559,9.986129860962155,33.695,-10.611,10.2405,-16.515400000000003,29.529966543834757,0.618,-174.893,-5.510999999999999,31.21266,26.178505869976615,121.275,4.366,19.195,-0.0584303538354672,0.1948762763760529,0.5642124906072936,-0.5972871062648883,0.005887619796193233,0.5434293086037233,4.337513797913885,18.18950212962338,1.0,0.006038159847753584,fall,fall_1764857045.csv,1550
0.4471939999999999,0.6757489179895148,1.9999,-0.99,0.58935,-0.26746400000000004,0.5052313678939581,0.4011,-1.0835,-0.2819,-0.54442,0.42296078919918806,-0.0764,-1.9429,-0.3429,47.02896,39.33079570105848,142.901,-10.611,33.5195,-63.904259999999994,61.23607060934267,-3.985,-232.053,-32.435500000000005,84.14734,53.099722876342774,185.656,18.031,70.84700000000001,0.03959786865053777,0.4828912037127597,1.7063947043647734,-0.6610597739360902,-0.0964354348826012,-0.17087897689867787,10.242591768650835,24.843195613951064,3.0,0.5031736964925431,fall,fall_1764857045.csv,1575
-0.111074,0.6650747139412233,1.9999,-0.99,-0.33655,-0.7376060000000001,0.23909268948255194,-0.0015,-1.0835,-0.81165,-0.54167,0.41971034881213015,-0.0764,-1.9429,-0.38425,32.89346,53.196213149136845,142.901,-56.557,35.931,-43.408379999999994,71.3463712957821,51.748,-232.053,-21.5995,51.610380000000006,77.62447802539867,185.656,-53.672,25.618000000000002,-0.34162085824537136,0.3291807894747445,0.8129246844006031,-1.0268230687654836,-0.3225227111934154,-0.9541910174201491,8.75679973060444,18.919094053800613,3.0,0.03589866606214452,fall,fall_1764857045.csv,1600
-0.09599999999999997,0.3510218528809852,0.5317,-0.614,-0.1953,-0.79199,0.12432706583845692,-0.4336,-0.9888,-0.8191999999999999,-0.5128260000000001,0.21980425274320786,-0.0935,-0.8188,-0.5603,-31.02618,27.179356489578627,51.145,-60.176,-42.71,27.92688,26.26091471875266,70.122,-27.878,24.2365,-43.516760000000005,34.45354630836135,29.687,-85.458,-47.557,0.11231093641004328,0.06448937586357059,0.2354347229872339,-0.044244401047052295,0.107527006655036,0.2576513125642129,2.7442021533643013,8.252413788906388,2.0,0.0031907103471401333,fall,fall_1764857045.csv,1625
0.38388,0.2554746883744063,0.6836,-0.1892,0.4867,-0.519394,0.27350431543944603,-0.1465,-0.9888,-0.4302,-0.7720220000000001,0.0877121070092379,-0.5505,-0.9287,-0.78615,-37.32252,17.381414075086067,-0.969,-60.176,-42.706,31.114919999999998,19.531671544279053,70.122,1.145,22.183,-47.153380000000006,27.04284213309688,-14.931,-85.458,-39.198499999999996,0.00773107522478528,0.05856419785479901,0.14627678168890168,-0.11480522843548768,0.002697486955437811,0.02176817520457191,3.04942821134912,6.12607749200646,4.0,0.0035664571200902523,fall,fall_1764857045.csv,1650
0.5988640000000001,0.06839470084736098,0.7207,0.4368,0.6234,-0.237392,0.09272102855339776,0.0466,-0.4268,-0.24230000000000002,-0.8451719999999999,0.048554880455006784,-0.7495,-0.9551,-0.8446,-23.117400000000004,12.933029035767296,-0.969,-45.481,-21.9925,13.812779999999998,13.053015930872068,42.389,-7.397,15.1375,-21.6633,6.445840364917518,-10.672,-39.786,-21.537999999999997,0.010742617647429986,0.05085807051047104,0.14703737627962843,-0.10396772910605367,0.011515089859354122,0.014323106856506087,3.29085371623267,6.743297458750741,13.0,0.0014546404222575368,fall,fall_1764857045.csv,1675
0.716274,0.1103902709662405,0.9958,0.5393,0.6592,0.032558000000000004,0.27190763732561835,0.6978,-0.2705,0.0631,-0.7886880000000001,0.12183098889855569,-0.4827,-0.9551,-0.8369,-30.30272,17.432686790096355,-5.237,-83.458,-32.618,23.181240000000003,19.798957992338888,53.435,-7.397,32.187,-28.476420000000005,15.96530779294906,-3.962,-65.412,-23.9805,0.03860537576543971,0.07627416185796175,0.2675193823970463,-0.10795414430430927,0.018829528260745576,-0.004770507067735419,3.543900913472117,7.950533002371241,9.0,0.004596696020661888,fall,fall_1764857045.csv,1700
0.797728,0.07861543370102336,0.9958,0.6279,0.7927500000000001,0.34260199999999996,0.1709196670836917,0.6978,0.0796,0.3607,-0.5358320000000001,0.2181564626042511,-0.0754,-0.9243,-0.4945,-27.74444,20.20448035576268,11.557,-83.458,-23.503999999999998,23.840440000000005,17.159426057021836,53.435,-16.267,22.381500000000003,-9.912040000000001,29.429212214369585,35.122,-65.412,-4.9125000000000005,-0.0037878999766070187,0.1159602954506282,0.28498469153750605,-0.19705402093252422,-0.005686807139165806,0.08576250792350337,3.434144462761618,7.950533002371241,1.0,0.013132322704415026,fall,fall_1764857045.csv,1725
0.8460820000000001,0.09747480431373022,1.2324,0.717,0.8225,0.403732,0.08717085164204834,0.5759,0.1599,0.39244999999999997,-0.333164,0.08704422498936963,-0.0754,-0.5347,-0.3263,-23.833720000000003,14.77602995941738,11.557,-48.618,-22.927500000000002,5.816600000000001,11.974979899774363,28.641,-16.267,4.649,13.5925,7.532559262959702,35.122,-5.863,12.9695,0.019529288430464472,0.08975886350128556,0.438285062949479,-0.11555189110637454,0.009211217071669775,0.024850175392495844,3.9822859104673793,16.546298919891257,1.0,0.006761440563307483,fall,fall_1764857045.csv,1750
0.91809,0.07551052178339121,1.2324,0.8032,0.9258,0.37187200000000004,0.045295134573152554,0.5745,0.2993,0.36465000000000003,-0.26546600000000004,0.07387567559081946,-0.1738,-0.4509,-0.23415,-28.959919999999997,7.604855359150494,-14.053,-47.275,-28.809,-1.1898999999999997,7.314273085549923,22.55,-12.214,-0.5840000000000001,8.03404,4.803032346174653,17.954,0.885,7.1225000000000005,-0.0002579964047804251,0.07489190898437567,0.40504153277654686,-0.07470401692160511,-0.014852869512079425,0.019933070372533473,3.653965129165994,16.546298919891257,7.0,0.005730537497838274,fall,fall_1764857045.csv,1775
0.933392,0.022163842988074063,1.0164,0.8894,0.9318500000000001,0.36562599999999995,0.018978459473835068,0.4036,0.3008,0.3668,-0.21041800000000002,0.022540148091793895,-0.1619,-0.2727,-0.21105000000000002,-18.014619999999997,10.87502587378991,-2.664,-35.115,-17.610500000000002,1.45732,6.0807570168195335,15.924,-11.519,1.0725,2.3482399999999997,2.645937040520806,9.26,-2.206,1.8780000000000001,0.010063189806624469,0.023384456012206345,0.11211742619219489,-0.03839073359341416,0.006949131188620172,0.022801277210854627,1.5409981550025877,4.544120999884221,4.0,0.00032616500451676934,fall,fall_1764857045.csv,1800
0.9292699999999999,0.03461673728126324,1.1099,0.8242,0.9302999999999999,0.382244,0.01967329316611736,0.4324,0.3503,0.3806,-0.204688,0.028866199195598994,-0.1523,-0.3035,-0.2025,-4.2027600000000005,5.594405861429791,5.031,-18.626,-3.317,4.80048,6.291447850026255,15.924,-20.809,5.882,-0.87664,2.5810811359583408,3.908,-8.962,-0.4425,-0.0002743956427480865,0.03674479319205599,0.19996736906671742,-0.09192058882315524,-0.0016095738666607184,0.012385810168540037,2.557604944745638,14.59576950607479,8.0,0.002702007344264985,fall,fall_1764857045.csv,1825
0.9324960000000001,0.034003023159713326,1.1099,0.8242,0.9333499999999999,0.390836,0.018086821279594704,0.4355,0.3601,0.38634999999999997,-0.18364799999999998,0.035917434429535745,-0.1255,-0.3035,-0.1759,-0.2708399999999999,3.154310170924857,5.947,-6.237,0.08,4.78474,6.15081762308069,15.305,-20.809,6.58,0.4536000000000001,4.17244390735214,12.557,-8.962,0.8664999999999999,-0.0063765842888172195,0.03567067527955741,0.18454324472277417,-0.10797424486109086,-0.007783919479869894,-0.005086469363471913,2.5329274647871003,14.59576950607479,8.0,0.00024731850504084227,fall,fall_1764857045.csv,1850
0.948356,0.03204611776799181,1.0134,0.8474,0.9452,0.34931999999999996,0.04892879724661133,0.4355,0.2476,0.36805,-0.156262,0.02736858702965865,-0.1099,-0.2739,-0.15589999999999998,-2.1347599999999995,5.005897084679229,7.992,-13.168,-2.183,2.5383599999999995,5.538789679198877,12.427,-9.191,2.95,2.5639800000000004,7.049072329008974,22.137,-10.13,2.3895,0.0035042732268119894,0.024962379495651943,0.04704900352306529,-0.09432354706916413,0.0063679004984577015,0.03862472004948763,1.3950267594295294,5.2791571468339455,2.0,0.0011524470131803286,fall,fall_1764857045.csv,1875
0.9389400000000001,0.04311749992752363,1.0134,0.8474,0.948,0.360032,0.0621404133877463,0.4692,0.2476,0.35865,-0.15110400000000002,0.043856812287260453,-0.0762,-0.2971,-0.1438,-3.2205799999999996,7.163318937727119,13.519,-16.855,-3.4085,-6.2545,7.9570633584256445,9.573,-19.382,-6.088,-3.66594,9.200237986943598,22.137,-15.244,-5.8055,-0.025435301073115993,0.030075980778750414,0.033474853757967216,-0.13531634843261386,-0.019557391194537144,0.0022114616112501578,1.4477294015637419,5.2791571468339455,1.0,0.0004355155835590254,fall,fall_1764857045.csv,1900
0.8253559999999999,0.15796732087365412,0.9792,0.417,0.8867499999999999,0.42383399999999993,0.0828162486713809,0.8455,0.3286,0.4116,-0.23429200000000003,0.14419368341227712,-0.0762,-0.8977,-0.22265000000000001,15.26838,29.081701570499618,133.687,-16.855,7.3815,-41.66704,38.984265899955076,-3.58,-140.008,-20.195,-14.49834,11.193826004740291,0.374,-48.313,-10.7365,-0.03945630186881613,0.10011129813950806,0.3238729283445543,-0.2957359598379271,-0.019235814281053032,0.3041391282776548,2.9353355077332357,14.65280209794556,1.0,0.0026993595181926478,fall,fall_1764857045.csv,1925
0.251914,0.7391123246192016,1.1118,-1.8923,0.4932,0.23461400000000004,0.30996562971400554,0.9741,-0.3728,0.3523,-0.644302,0.441286201683216,-0.1892,-1.9385,-0.5051,34.5652,53.36660953442705,165.153,-71.092,23.889499999999998,-92.25952000000001,55.55237031639244,-0.061,-216.595,-87.042,-6.01436,27.83462821290056,64.992,-56.817,-5.6565,-0.004904614534278429,0.41025607572955136,1.169795952864232,-0.5263106660872785,-0.12968320218054175,-0.12420318571491064,11.465411261699161,29.05858001076207,3.0,0.24994135199678583,fall,fall_1764857045.csv,1950
-0.30985599999999996,0.5869548637365568,1.1118,-1.8923,-0.3063,0.15997799999999998,0.29020906690866843,0.9741,-0.3728,0.14415,-0.9609319999999998,0.2760331946994781,-0.4639,-1.9385,-0.94825,9.64862,56.20835424308027,165.153,-71.092,-6.1105,-44.407939999999996,83.1987380116814,46.924,-216.595,-12.2595,13.626259999999997,26.235499523210912,64.992,-56.817,16.0,-0.24281089251590668,0.33883900556958063,0.7179969206584396,-0.8477284524601612,-0.2130066749227868,-0.7479877024701712,10.936737855309326,29.05858001076207,5.0,0.1252040483223633,fall,fall_1764857045.csv,1975
-0.362562,0.21375671768625193,-0.043,-0.9829,-0.35585,0.30389800000000006,0.13985277328676754,0.5779,-0.0703,0.3159,-0.95301,0.04362099150638372,-0.8198,-1.0784,-0.9556,-8.36268,13.806783714449937,12.885,-41.718,-4.79,13.14216,17.61250776392732,46.924,-19.565,8.3055,6.82078,18.440010584910194,56.634,-16.573,1.9355,-0.039231544295991315,0.06800938183865571,0.20509663490859276,-0.20047263487986045,-0.039026830552614356,-0.1325177160902962,2.26263218484693,6.420812576316404,3.0,0.0010976803538877246,fall,fall_1764857045.csv,2000
-0.314822,0.06689881102082458,-0.1423,-0.4294,-0.3179,0.327238,0.030514920219459854,0.4011,0.2695,0.32299999999999995,-0.9617020000000001,0.02028596056389739,-0.907,-1.0081,-0.9624,1.32918,3.722910746660468,9.473,-6.038,1.5075,1.82902,4.911673293247424,9.878,-11.519,1.9805000000000001,-2.00712,6.334954903201758,4.924,-16.573,0.8935,0.013669216929865282,0.01767392798333143,0.05586839603771088,-0.01892807068875757,0.010649861836007468,0.03711598893135362,0.5040629784284264,1.7794946871098838,3.0,9.636351464345194e-05,fall,fall_1764857045.csv,2025
-0.299892,0.024526351868959233,-0.2375,-0.3347,-0.3053,0.330302,0.02030475303962104,0.3848,0.2861,0.328,-0.966828,0.009175184793779358,-0.9431,-0.9841,-0.96705,1.56896,2.134528406557289,6.153,-1.947,1.2365,2.6746599999999994,1.960097575224254,8.008,-1.878,2.7595,1.4719399999999998,1.2576865652458882,4.924,-0.206,1.1945000000000001,-0.002294381932777707,0.0069549275875869536,0.010378190699065426,-0.01488156571191146,-0.0025762107703793946,0.003771686701403483,0.41308479764863226,0.8107941493182502,5.0,4.877750144887397e-05,fall,fall_1764857045.csv,2050
-0.30597799999999997,0.007239151607750729,-0.291,-0.323,-0.3053,0.32738799999999996,0.0076163676381855415,0.342,0.3118,0.3279,-0.9672120000000001,0.008457154131266614,-0.9431,-0.9841,-0.96765,0.35808,0.8470077647814098,2.374,-1.351,0.16049999999999998,3.2994000000000003,0.7394159046166101,4.733,1.802,3.344,0.41635999999999995,0.797998440098726,2.496,-1.122,0.26,0.002408172296544686,0.006343647132703337,0.016264780639276166,-0.010354383788247379,0.0020088543353319332,-0.0014767647647107708,0.41047963625726663,0.8107941493182502,15.0,3.71750049248208e-05,fall,fall_1764857045.csv,2075
-0.30374999999999996,0.005365677962755502,-0.2925,-0.3186,-0.30335,0.32756599999999997,0.007684467710908804,0.3535,0.3145,0.3268,-0.967228,0.006828881021075127,-0.9521,-0.9839,-0.9675,-0.020519999999999993,0.5361861333529617,1.16,-1.061,-0.0535,3.31264,0.6653541541164374,4.733,1.969,3.145,0.17728000000000002,0.5878261661409774,1.321,-1.122,0.145,-0.00045574178709140156,0.005334820445259324,0.013173576483848537,-0.011226831652642932,-0.0004930936175201461,-0.004874914552032354,0.3658839619946357,0.6080703455672243,15.0,2.5065358001872784e-05,fall,fall_1764857045.csv,2100
-0.302642,0.0051466917529613175,-0.2925,-0.3152,-0.3026,0.329566,0.01014174758116174,0.3542,0.3088,0.327,-0.9673700000000001,0.006541322496254102,-0.9556,-0.9829,-0.9669000000000001,0.12636,0.8959833427023071,2.076,-2.084,0.1145,2.7595199999999993,0.7543431908620903,4.099,0.664,2.817,0.31511999999999996,0.6648030276706026,1.344,-1.382,0.4085,0.0003349849189016796,0.0059148128432975,0.013220303826600999,-0.010748872325537118,-0.0006299539078513661,0.004455125234445751,0.3710211680593877,0.7086844551417948,6.0,3.6517283016035123e-05,fall,fall_1764857045.csv,2125
-0.318868,0.04944727875222256,-0.2012,-0.4893,-0.3066,0.303246,0.12654141963799836,0.5007,-0.0686,0.32994999999999997,-0.9641879999999999,0.05012185008556647,-0.8491,-1.0852,-0.9653,12.61472,17.7493900256206,70.527,-2.084,1.5955,7.50164,11.362150178130898,37.832,-11.779,2.8285,-8.97834,13.312262411190668,1.344,-39.252,-1.672,0.0010317851086507179,0.023876301667252003,0.05890295627839248,-0.07943832276762808,-0.0016986964117164938,0.014926071468371705,1.244165511608599,4.0644714657833365,5.0,0.00033273621798561234,fall,fall_1764857045.csv,2150
-0.259254,0.12482584541672449,0.1677,-0.4893,-0.2743,0.16154999999999997,0.17284262929034608,0.5007,-0.0686,0.0863,-1.002848,0.07144967806785416,-0.8491,-1.1309,-1.01915,9.07018,20.814094182250642,70.527,-17.275,1.069,31.762739999999997,28.31397905121073,87.618,-11.779,22.851,-22.727359999999997,11.817137207902766,-1.962,-39.252,-24.2025,0.004700371173841411,0.03514638963914453,0.0756760087064936,-0.07984527232057448,0.007777039129789665,-0.06365305227535709,2.052282416881726,4.0644714657833365,2.0,0.0009981746746201574,fall,fall_1764857045.csv,2175
0.08443400000000001,0.2958609346365282,0.7161,-0.3218,0.1738,0.136166,0.12526253807104498,0.3777,-0.0637,0.13069999999999998,-1.0110199999999998,0.08405802043826634,-0.7646,-1.1357,-1.02345,-11.51652,11.256107601191452,9.366,-35.344,-10.561,64.91590000000001,29.105055510855838,129.0,15.832,64.6065,-25.24794,8.801031879069637,-13.466,-48.435,-21.836,-0.023803487264379718,0.06915556690711014,0.30236684932683633,-0.13939371886281182,-0.03043159194679057,0.28434360557140304,2.9959370556593123,10.519996948944998,11.0,0.002547140455347414,fall,fall_1764857045.csv,2200
0.5753860000000001,0.24374519811475262,0.9451,0.1799,0.70005,0.326722,0.13414525901424917,0.5078,-0.0317,0.35609999999999997,-0.7998100000000001,0.22715530920495786,-0.2344,-1.1357,-0.8261499999999999,-18.53286,17.62531534357329,9.366,-60.298,-16.4085,60.704119999999996,29.314904310701753,129.0,13.435,60.9965,-14.071720000000001,16.88069675344001,20.71,-48.435,-16.481,-0.004744114094262679,0.10699926204358681,0.2926311408557809,-0.2148136111992548,0.001801338150350218,-0.21621111690855946,3.808944588351217,10.519996948944998,2.0,0.018332011377042347,fall,fall_1764857045.csv,2225
0.796368,0.07802587119667426,0.9492,0.6545,0.7854,0.443048,0.0853809422295163,0.6201,0.2507,0.45225000000000004,-0.494076,0.18598227287566954,-0.2344,-1.0605,-0.44955,2.91726,30.31912823602288,55.206,-60.298,3.7744999999999997,38.33958,18.35694237512337,75.794,7.16,39.313,-4.3913,13.67018351925094,20.71,-43.893,-4.6225000000000005,-0.12772848364679787,0.09876309555536321,0.09649398017924193,-0.29662644731821153,-0.13344113998443352,-0.30670614763959486,4.180057791896585,16.490563118666774,2.0,0.01000609659647406,fall,fall_1764857045.csv,2250
0.860172,0.09681372431633854,0.9792,0.6545,0.8901,0.42064999999999997,0.08760013755696962,0.6201,0.2507,0.4138,-0.308642,0.07974256100728143,-0.1584,-0.5579,-0.2767,20.157320000000002,16.564593001266285,55.206,-10.122,17.427500000000002,23.43348,18.60731499517327,57.023,-18.221,20.752000000000002,-2.75866,7.111739074544284,11.229,-19.275,-1.5764999999999998,-0.07907515427902267,0.1172870607730008,0.1128408105316534,-0.2987456561781533,-0.03718913629926002,-0.1830629246214468,2.169903617371441,6.095834710002546,1.0,0.012969615702221477,fall,fall_1764857045.csv,2275
0.9102619999999999,0.03867642636025205,0.9792,0.8203,0.9049,0.397218,0.03804078174801354,0.4922,0.3167,0.38905,-0.27401800000000004,0.03279218010440904,-0.1584,-0.3191,-0.27965,9.297460000000001,12.221685245840689,46.634,-7.458,5.1335,9.1631,11.706488517484651,46.389,-18.221,6.656499999999999,-1.5296399999999999,6.078896362860613,16.229,-12.427,-1.496,0.014148656102098627,0.02738704338842035,0.0730550001027781,-0.05831110347964186,0.012453760037095973,0.033692312694739414,1.1187170570432454,2.254005447318619,1.0,0.000692224435758982,fall,fall_1764857045.csv,2300
0.900982,0.017796041020406758,0.928,0.8296,0.9028,0.398006,0.028966038113625414,0.4922,0.3591,0.3931,-0.30286199999999996,0.016577899625706508,-0.2495,-0.3401,-0.30465,3.2748399999999998,6.191196053623242,23.397,-7.458,2.2255,3.7857,3.027570526015868,11.122,-0.618,2.9924999999999997,-0.45474000000000003,4.600832345608781,16.229,-12.427,-0.359,-0.0029986900831363438,0.011517300625842587,0.01666579167448723,-0.03753005009134469,-0.0014982545995092522,-0.003885740191120938,0.5062524971013893,1.3900328683864704,5.0,6.822419955734367e-05,fall,fall_1764857045.csv,2325
0.9073180000000001,0.006776892798325789,0.928,0.8979,0.90675,0.379372,0.013831211660588526,0.4011,0.3484,0.37844999999999995,-0.311078,0.010285898891200516,-0.2925,-0.3401,-0.3109,1.4558000000000002,1.662343442252533,4.641,-2.313,1.6255,2.2754,1.0827240276266155,5.038,-0.13,2.3815,0.9887599999999999,1.2188331396872993,4.153,-1.359,0.9655,0.0006611482282347891,0.006303275005766043,0.017369314849897677,-0.011093635273057068,0.0001530759559242867,-0.004395066721319747,0.32672673973472327,0.5535061185955148,9.0,4.1838924131906295e-05,fall,fall_1764857045.csv,2350
0.9042739999999999,0.01044562702761303,0.9209,0.8738,0.90745,0.3779740000000001,0.013244558278780004,0.4065,0.3484,0.3766,-0.312628,0.009364956807161472,-0.2942,-0.3315,-0.3142,5.87944,5.921925278691044,21.176,-2.145,4.397,0.12133999999999993,3.488730230957963,4.206,-9.687,1.393,6.95344,8.184786240727366,29.618,0.206,3.099,-0.0009175879267894538,0.01035093476007444,0.01705973117666515,-0.03061436138961804,0.000303110662681072,-0.014946311675463024,0.3546800668455278,0.7661428347111587,4.0,6.101350053297845e-05,fall,fall_1764857045.csv,2375
0.8479820000000001,0.22744893377635342,1.8826,0.436,0.8866,0.18924999999999997,0.3769630200696084,0.4065,-0.9866,0.36805,-0.354656,0.20547122636515314,-0.1536,-1.5557,-0.31579999999999997,20.418760000000006,20.935746746232866,75.099,-28.794,15.0915,-20.838800000000003,33.65472402204481,3.16,-132.542,-9.5725,42.69546,42.309336783840045,191.611,1.076,30.5225,-0.018900121444071667,0.3090557210025918,1.5360201004644032,-0.4733006750134101,-0.014391337666625814,1.5764476116412034,7.325773038988222,42.60077603852079,1.0,0.012931469459632788,fall,fall_1764857045.csv,2400
0.364238,0.6483487536472944,1.8826,-0.8376,0.52735,-0.37518,0.5074924188596318,0.3923,-1.1982,-0.6167,-0.491446,0.3971413568038463,0.04,-1.7515,-0.32835000000000003,46.173559999999995,37.551878386126035,125.573,-28.794,37.209999999999994,-54.8226,50.09910371054556,3.45,-165.435,-24.9125,86.68810000000002,68.77879303862493,205.374,-24.786,63.672,-0.015552823176878896,0.4221525220863106,1.483855866756135,-0.542586358546806,-0.13031867473117198,0.09526475851244913,10.114070486287313,42.60077603852079,2.0,0.3837241753880277,fall,fall_1764857045.csv,2425
-0.127004,0.44372762048806474,1.3123,-0.8376,-0.17395,-0.829064,0.1596140253987725,-0.3484,-1.1982,-0.85495,-0.5366259999999999,0.33900950358950116,0.04,-1.7515,-0.5309999999999999,20.3148,51.297643696372646,125.573,-38.137,-2.1645000000000003,-30.713299999999993,55.56133863227199,18.756,-165.435,-7.103,41.10228,85.31606844786977,205.374,-47.702,-7.668000000000001,-0.398876031815487,0.2506845183558003,0.2566045812641087,-0.9654236188716647,-0.3098752601138771,-1.1140708440076015,6.078363734709804,9.076706190938877,1.0,0.02789426086330175,fall,fall_1764857045.csv,2450
-0.13415000000000002,0.10229100693609385,-0.0146,-0.6006,-0.1062,-0.8798659999999999,0.06813319781134597,-0.7266,-1.0513,-0.8654999999999999,-0.545236,0.09288871354475742,-0.291,-0.6838,-0.567,-15.481180000000002,10.21715562510428,4.595,-38.137,-13.843499999999999,10.570640000000001,6.91385530586228,19.87,-13.26,11.9735,-11.517119999999998,10.355155760566811,3.649,-47.702,-8.9275,-0.022280091311592996,0.04311342175947322,0.06543080402668822,-0.12522290602009,-0.024708489114991017,-0.053707375290646335,1.9054873584524108,5.396988630718347,4.0,0.0012922027352974806,fall,fall_1764857045.csv,2475
-0.044334,0.06017527601930879,0.1228,-0.1265,-0.05005,-0.8258300000000002,0.04974493039496588,-0.7126,-0.928,-0.8307,-0.637856,0.05457042847550311,-0.5186,-0.7434,-0.64005,-6.31872,8.201145427414392,14.046,-17.237,-9.107,11.58254,6.891397031691034,22.519,-3.641,12.7135,-3.0117599999999998,4.85338168521702,8.237,-11.214,-3.0115,-0.015168884045725084,0.04197169482381545,0.05538204391564583,-0.13543671027678972,-0.013486085686929106,-0.013688797713450723,1.891619580202818,4.136954708246876,4.0,0.001579260147876024,fall,fall_1764857045.csv,2500
-0.023008,0.04871765528019591,0.1228,-0.1265,-0.02845,-0.8085239999999999,0.03329829160782877,-0.7126,-0.8953,-0.8074,-0.6628640000000001,0.030595037244625155,-0.585,-0.7434,-0.66015,-0.8944199999999999,7.381194068956595,14.046,-15.145,0.458,5.61478,8.219705951650582,22.519,-3.641,3.3129999999999997,0.5610999999999998,4.803781299143416,8.237,-11.214,0.1145,0.008981276780284821,0.02278343197696589,0.06857980682249387,-0.04225165741672465,0.005916794530893332,0.015931601962212334,1.2761624788189252,3.178098584125766,2.0,0.0003420065651146588,fall,fall_1764857045.csv,2525
-0.039778,0.016836760852373,-0.0044,-0.0793,-0.04285,-0.815702,0.01133992045827482,-0.7942,-0.8499,-0.8164,-0.65213,0.01132316651824922,-0.6169,-0.6746,-0.65025,1.09138,1.9162526648644225,7.191,-3.832,1.126,1.62214,2.444566914690616,6.191,-3.237,2.4505,1.2904999999999998,2.70777658790381,7.733,-2.504,0.4315,-0.001931465300252162,0.009409252162988309,0.022501808074356422,-0.026489667267368233,-0.0015752916210968193,-0.0063367710278399705,0.5518814398536371,1.4990618671468336,12.0,6.04529674111104e-05,fall,fall_1764857045.csv,2550
-0.045577999999999994,0.010124332866910293,-0.019,-0.0674,-0.04665,-0.8186439999999999,0.011654975933051079,-0.7703,-0.8411,-0.81935,-0.647792,0.014184679622747925,-0.5972,-0.6802,-0.64865,0.80716,1.8925805595535423,4.069,-3.832,1.149,2.722199999999999,1.1343660079533413,6.191,-0.282,2.7865,0.4842000000000001,1.0183745676321656,2.351,-2.229,0.5995,-0.001090428850383507,0.012913651024749756,0.029294110693332653,-0.04250020605807614,-0.001058542791886552,-0.04831628653135392,0.7890123714752861,2.2353820241345357,14.0,0.0001531844648336564,fall,fall_1764857045.csv,2575
-0.084214,0.0818070681787338,0.0015,-0.3447,-0.05155,-0.841518,0.053962559946688984,-0.7703,-1.0334,-0.82485,-0.603256,0.07914635850119701,-0.4351,-0.8081,-0.6366,-0.12134000000000057,20.701220458330468,56.16,-50.511,1.332,4.53444,11.270568552047408,41.0,-19.435,2.8395,0.2401000000000002,15.222921101089632,24.817,-50.122,1.2825,-0.0005358663382798623,0.044082466287789765,0.1690728531928125,-0.09866435430304354,-0.0009686737187121208,0.06842098068422367,2.584282331552143,8.769360194799102,12.0,0.002281941773110678,fall,fall_1764857045.csv,2600
0.02203799999999999,0.18256004808281576,0.3169,-0.3447,-0.02905,-0.748774,0.1753443911962969,-0.3887,-1.0334,-0.81715,-0.6895979999999998,0.16068046737547162,-0.4351,-0.9912,-0.6789499999999999,-22.15828,32.73289450203877,56.16,-78.565,-24.8395,12.693739999999998,13.565888390827928,41.0,-19.435,14.1525,-23.859759999999998,30.0802624427115,24.817,-66.382,-25.6565,0.009833864588108011,0.058954517284264256,0.17728383322063967,-0.09300269523984495,0.01172056581101677,-0.06662425993501564,3.013072917219457,8.769360194799102,4.0,0.003251189594343105,fall,fall_1764857045.csv,2625
0.29126,0.16069798878641883,0.5166,-0.0774,0.32935000000000003,-0.49739,0.18959123107359158,-0.2131,-0.9331,-0.4562,-0.866344,0.09402286989876453,-0.5891,-1.0352,-0.8874500000000001,-34.13192,17.02892254118269,-16.916,-78.565,-25.9085,19.06788,6.407477118616968,32.641,4.565,19.5075,-33.8795,17.82227710619493,-8.481,-66.382,-27.0535,0.012854582111967449,0.05800628706442008,0.13372271535842062,-0.0925926966295868,0.01421807572949485,-0.02320059667343865,2.8288648328985895,6.477582416299316,3.0,0.003924196358847792,fall,fall_1764857045.csv,2650
0.534438,0.13668466905984739,0.7954,0.3418,0.48805,-0.224222,0.1679091138562764,0.1226,-0.4705,-0.2378,-0.8770020000000001,0.06497704052971326,-0.7534,-1.0352,-0.8859999999999999,-27.65618,5.132378149318305,-18.794,-38.336,-27.252,27.159239999999997,10.154456205154464,47.443,4.565,26.584,-24.017680000000006,8.067752198574272,-8.481,-41.847,-22.92,0.036002674562910356,0.05373650885714668,0.17339932601085684,-0.06279613736378375,0.03746467926639929,0.052013261408643235,2.7344470531119835,6.477582416299316,4.0,0.002945435730746473,fall,fall_1764857045.csv,2675
0.74263,0.12160392633463772,0.9292,0.4819,0.7539,0.09488800000000001,0.20816458934218376,0.4573,-0.25,0.13625,-0.7511160000000001,0.1164580445654142,-0.5144,-0.9214,-0.7697,-24.1476,17.289446611155604,5.969,-63.298,-27.252,36.74916,12.667066906525758,67.504,6.931,36.496,-31.1434,16.61619625907205,20.137,-57.458,-33.393,0.01868973898069524,0.05839778219294534,0.13776284778359504,-0.09872329903800181,0.004200361589442703,-0.010943581244341086,2.1711332034736297,6.362400966309545,5.0,0.0038595536135524245,fall,fall_1764857045.csv,2700
0.8346880000000002,0.05581462403349144,0.9336,0.7283,0.83615,0.33910799999999997,0.09598234804379396,0.5,0.1499,0.35525,-0.515934,0.16911324561961433,-0.1973,-0.7944,-0.51915,-7.7609,20.752193669344933,23.015,-63.298,-3.1565,25.826999999999995,19.19524482052782,67.504,-9.015,24.229,-12.77144,27.966649574920478,28.603,-57.458,-5.6715,0.0019255175669831925,0.08861396093799143,0.16964454210510715,-0.20805906643338123,-0.0036681880289375357,-0.1242235330911172,2.6357794098240492,5.06405695077633,1.0,0.003111412254144493,fall,fall_1764857045.csv,2725
0.8530220000000002,0.06667271792870004,1.0901,0.729,0.8465499999999999,0.39129400000000003,0.057994414937992095,0.5308,0.3037,0.3755,-0.38018,0.056520325547540856,-0.1973,-0.5464,-0.3761,-7.3525599999999995,14.240876792051816,23.015,-29.145,-9.755500000000001,8.178699999999997,11.318040482786762,31.244,-12.427,8.1145,3.84764,11.028605184265144,28.603,-11.969,0.4505,-0.01867050526728472,0.08573129107939452,0.2687877231611855,-0.20247312461500688,-0.028824466725020037,-0.10554059172496787,2.8516969744126532,6.6881016060185985,1.0,0.004061403586001643,fall,fall_1764857045.csv,2750
0.892132,0.06255508753091152,1.0901,0.7959,0.8882,0.38799799999999995,0.046418968062635776,0.5308,0.3132,0.37975000000000003,-0.31068199999999996,0.09259262970668886,-0.1499,-0.4604,-0.34265,-16.882779999999997,6.885308415140167,-2.489,-29.145,-17.008,2.7203600000000008,6.786413986075415,15.389,-12.427,2.1145,0.75544,5.87702868177449,12.863,-9.55,0.275,0.018827769443682186,0.05908399545435576,0.2637205131499505,-0.056937355668973844,0.01060385529490937,0.09808208972295668,2.0395234611719903,6.6881016060185985,3.0,0.0074792155279078554,fall,fall_1764857045.csv,2775
0.9022579999999999,0.03311178092461956,0.9595,0.801,0.9006,0.40137,0.029200131849017395,0.4688,0.3455,0.40125,-0.254082,0.05363301106594706,-0.1499,-0.3855,-0.24159999999999998,-10.771019999999998,8.236803082482911,2.55,-27.427,-10.3435,2.9701599999999995,5.18621038663107,12.489,-8.695,2.4385000000000003,1.1928599999999996,4.329235650827984,12.863,-6.595,-0.473,0.020710763896016893,0.019460323020430447,0.06455536772264359,-0.014194260320447682,0.019399129088762457,0.05045148129416586,0.732067496203961,2.431802803319072,1.0,0.0003815502006823997,fall,fall_1764857045.csv,2800
0.790178,0.14743732266966866,0.9277,0.4011,0.859,0.348448,0.19727687268405283,0.6133,-0.1838,0.4197,-0.26733199999999996,0.0842660297866228,-0.0579,-0.5076,-0.27505,5.70076,21.8873565873634,62.71,-16.115,-3.0495,8.564779999999999,10.529840236755732,50.565,-4.344,6.8625,0.59526,14.905043401224967,43.313,-29.252,-1.355,-0.05955375007931025,0.1387653029676247,0.0512740323433456,-0.5440048822393538,-0.00043180935718278857,-0.313593616095443,2.692301657108535,11.412182340560072,1.0,0.009565271958041174,fall,fall_1764857045.csv,2825
0.9016659999999999,0.31760993221875167,1.9999,0.4011,0.8261499999999999,0.402478,0.3382650512778404,1.7988,-0.1838,0.44645,-0.26185600000000003,0.35835343568047456,1.8435,-1.1851,-0.28235,30.7956,35.25758291545239,99.748,-14.115,26.549500000000002,17.68236,21.514905560341184,72.672,-63.153,12.71,-10.968559999999998,38.89604356237791,43.313,-162.603,-4.542,0.05648397296672046,0.4414788882133475,1.9736746653498338,-0.6156294491683478,-0.1071113048735442,-0.2163546924721578,14.21194043238642,44.21614383869687,1.0,0.1821898318288699,fall,fall_1764857045.csv,2850
0.9594739999999998,0.2689338854142408,1.9999,0.6006,0.8639,0.516958,0.27735196995154004,1.7988,-0.0085,0.5366,-0.279282,0.3738100350124378,1.8435,-1.1851,-0.33899999999999997,45.68758,66.54709776424212,160.061,-47.771,41.504,28.878560000000004,30.312647061686974,91.099,-63.153,29.21,-26.171120000000002,36.697365448565925,35.061,-162.603,-19.6905,0.08785599611204464,0.3910804738359831,1.9116040607193607,-0.3888355677854719,-0.04244799584247727,0.045986833638327396,14.83275168742148,44.21614383869687,1.0,0.12048101605366222,fall,fall_1764857045.csv,2875
0.791746,0.07235865452038201,0.9666,0.6411,0.79355,0.586966,0.12746911094065103,0.7476,-0.0085,0.6145,-0.22186799999999998,0.1526489009983367,-0.0339,-0.6541,-0.15965000000000001,16.9291,70.77114016468859,160.061,-69.817,-2.7255000000000003,18.841179999999998,29.53626544957233,91.099,-21.443,9.133500000000002,-16.55648,19.070596346459645,1.626,-76.962,-11.233,0.02814106039707089,0.08721460599505028,0.30474231493058757,-0.2201124969160002,-0.0004343838981103465,0.06285912177134452,5.427049773751296,17.64740074191821,4.0,0.005684473814314357,fall,fall_1764857045.csv,2900
0.78262,0.036072876236862506,0.886,0.6772,0.7866500000000001,0.64028,0.037519653516523845,0.7476,0.595,0.6344,-0.17507199999999998,0.045714698030283434,-0.072,-0.2725,-0.1731,-4.58078,22.006341670791173,21.206,-69.817,2.2555,0.26911999999999986,9.324762835890251,23.313,-21.443,0.20199999999999999,-1.3906200000000002,4.4253510002710525,3.832,-12.359,-0.0115,-0.03120836920313912,0.020513506397822002,0.007345370068726487,-0.08364138070953597,-0.027582557219649306,-0.07139341426151408,0.82678879077496,2.028483277579274,1.0,0.00022342819618061143,fall,fall_1764857045.csv,2925
0.771538,0.02196990568937427,0.7998,0.7253,0.7793,0.63487,0.024490032666372664,0.7075,0.5981,0.63415,-0.208858,0.028712708614827685,-0.1599,-0.2734,-0.20425,8.21532,10.49473008407553,30.779,-8.565,5.599,-0.03175999999999998,3.577901460688933,7.679,-5.458,-0.435,2.01698,2.544675778876358,9.244,-4.832,1.6755,0.0050457399164793885,0.01418733906936987,0.030310150354187604,-0.039800817962550306,0.005986439566037949,-0.02869868446999419,0.5901355033341328,1.4994584138447453,3.0,8.218961020346955e-05,fall,fall_1764857045.csv,2950
0.7801980000000001,0.05781790549648093,0.938,0.7014,0.7659,0.564072,0.11239617260387472,0.7075,0.2637,0.6093999999999999,-0.299242,0.10018584947985418,-0.1804,-0.5588,-0.26335,9.886799999999997,27.398093973851537,56.328,-58.137,16.9735,2.94002,13.217373605206141,42.992,-17.107,0.775,12.169860000000002,16.173741307452644,50.695,-7.481,5.5725,-0.0031586387478421264,0.0339195725357406,0.08143518664431926,-0.09911411304906204,-0.002184440605764282,-0.06576766086070884,1.698914699368088,3.6557329321973917,3.0,0.000767857184625799,fall,fall_1764857045.csv,2975
0.93122,0.21864355375816594,1.916,0.7014,0.88815,0.39640600000000004,0.13191729744047972,0.6255,0.0542,0.3706,-0.352712,0.11949862031002702,-0.073,-0.6008,-0.3478,-8.871319999999999,42.782793190926654,80.718,-63.817,-8.5915,-2.14442,17.462609916149418,42.992,-36.298,-6.084,29.891000000000005,20.12889245040571,61.542,-10.145,33.3855,0.05026353383489468,0.188213629206148,0.9518703009835774,-0.11430744665221404,-0.001406187621871946,1.0342322318577188,4.116614478229691,18.812321538487243,1.0,0.011126215024259804,fall,fall_1764857045.csv,3000
0.9860700000000001,0.23808173827490423,1.916,0.7288,0.92735,0.228744,0.12586781981110184,0.4956,-0.0273,0.243,-0.38204799999999994,0.12327174086545545,-0.073,-0.6008,-0.41565,-6.245220000000001,37.23602757507304,80.718,-63.817,5.8205,-2.4301799999999996,22.854590790202305,41.939,-63.13,-1.855,7.47926,35.999911285896246,61.542,-48.771,11.347000000000001,-0.0035268885720644906,0.24184127270974862,0.8907890123647266,-0.3136145494789214,-0.050803578888215684,0.12138864342017208,5.699931942592994,18.812321538487243,2.0,0.12054658269299884,fall,fall_1764857045.csv,3025
0.8884620000000001,0.19569821449364322,1.738,0.5623,0.8831,0.255564,0.1559845117439549,0.5898,-0.0273,0.2612,-0.40401000000000004,0.08184762000205015,-0.1426,-0.5774,-0.4153,11.62062,18.81221739071713,54.947,-31.26,9.939,8.770900000000001,21.073783809510815,41.939,-63.13,13.065000000000001,-23.59204,16.897065837547064,28.069,-50.221,-21.8475,-0.3524782383271001,0.24481222165832958,-0.022160195671087957,-0.7978039756298387,-0.37020437157763764,-1.0054337526733956,4.166780566268545,5.082228401929828,1.0,0.045537264879507856,fall,fall_1764857045.csv,3050
0.863116,0.14373373071064424,1.0444,0.5623,0.9156500000000001,0.382746,0.1300119428514165,0.7095,0.125,0.38354999999999995,-0.317004,0.11908759122595435,-0.0012,-0.6257,-0.3296,11.937560000000001,20.779505795047196,54.947,-31.908,9.21,15.483819999999998,9.992756774163974,41.282,-11.611,13.92,-10.904860000000001,18.002910315846158,21.298,-50.221,-9.6145,-0.024671926611903046,0.13007523614987354,0.22159498823552526,-0.28325205679858956,0.008605787678846677,-0.12781544820133706,2.7250987610101634,8.78615430187878,2.0,0.030182520321862836,fall,fall_1764857045.csv,3075
0.8799640000000001,0.0789623093887204,0.9858,0.6165,0.89465,0.397432,0.09951764354123342,0.7095,0.2,0.395,-0.27899999999999997,0.09423187995577718,-0.0012,-0.6257,-0.26525,3.0452999999999997,18.990917304069335,41.229,-31.908,0.2825,7.1167799999999986,14.551586395015493,41.282,-16.489,9.042,2.2546799999999996,9.405043345865026,21.298,-17.336,4.542,0.08878268314384251,0.07588583943572,0.39120204012035675,-0.03897190269007578,0.061862794861893444,0.22160085859628167,2.322304358078446,8.78615430187878,1.0,0.0019415918376974937,fall,fall_1764857045.csv,3100
0.9062,0.02867603180358119,0.9807,0.8552,0.9059999999999999,0.38937,0.04322659944987577,0.4863,0.3005,0.39475,-0.28738800000000003,0.036254840449242084,-0.2163,-0.3718,-0.28554999999999997,-16.37926,13.354008635327444,23.305,-38.42,-19.7255,-5.954939999999999,7.758275170190859,15.626,-16.489,-8.0075,4.773339999999999,7.440320325389224,15.023,-14.16,5.637499999999999,0.006652585329268937,0.019547682632200625,0.07970482719997474,-0.039348480247900275,0.005810803282599752,0.021505981870435852,1.1119707935644392,2.988469239286756,3.0,0.000274951084897259,fall,fall_1764857045.csv,3125
0.9012779999999999,0.02545256207143005,0.958,0.8552,0.8944000000000001,0.39743800000000007,0.03486746271239133,0.4509,0.3157,0.401,-0.302736,0.030042881086873134,-0.2312,-0.3594,-0.31079999999999997,-12.840879999999997,15.087119342856674,11.053,-38.42,-12.5725,-3.6952399999999996,6.251910688933424,4.756,-15.58,-3.748,6.72156,3.692341301450883,15.023,-1.779,6.137499999999999,0.0195341735462364,0.01763188560223435,0.06524946236477969,-0.014475247083759357,0.016395000373285895,0.051166492188164596,0.6971741840104522,2.232111264537928,1.0,0.00021681761849360215,fall,fall_1764857045.csv,3150
0.8842319999999999,0.017983452838651423,0.9136,0.8445,0.8855,0.385246,0.03806722585111765,0.4585,0.292,0.38515,-0.335684,0.020338086045643532,-0.3066,-0.3816,-0.3297,5.47802,7.643191800524176,17.947,-12.275,7.045999999999999,-0.54034,3.8258153724925092,4.756,-10.191,0.706,12.09998,9.537580237125137,37.298,3.74,7.5535,-0.0059172800816259755,0.01896926996786319,0.023386064015455732,-0.0541940748020413,-0.0001749895965152959,-0.05330922520443118,0.7159309251411898,1.3403692491875507,1.0,0.000154983540077076,fall,fall_1764857045.csv,3175
0.873314,0.25537536687002527,1.7786,0.4788,0.86865,0.011121999999999979,0.5515983971296509,0.4585,-1.4189,0.3235,-0.33834800000000004,0.11212575126169724,-0.0293,-0.7295,-0.33215,12.538499999999999,24.258188181519245,54.344,-67.237,11.782499999999999,-4.8416999999999994,25.11484986317856,36.145,-84.13,-0.45799999999999996,70.00318,68.62044275190593,229.191,6.038,35.3585,0.0623361912167796,0.364653576296048,1.234308976612626,-0.39717401346592884,0.00357066372867898,0.49723679754782873,6.38793464737139,18.913321098282342,1.0,0.05424269864047509,fall,fall_1764857045.csv,3200
0.343712,0.7051277625054909,1.7786,-0.8325,0.5881000000000001,-0.565134,0.5369329304894607,0.4473,-1.446,-0.62845,-0.3531500000000001,0.17512600178157442,0.0715,-0.7295,-0.33545,11.53852,39.22842742514158,111.099,-67.237,9.588000000000001,-25.31354,55.518519264191475,45.748,-178.832,-8.4235,91.66042000000002,96.29188928359231,242.595,-90.855,88.2675,-0.045754981358412126,0.4253878955542997,1.0873279570264893,-0.6579204401044471,-0.18192127017211634,-0.0806926564435295,11.033579359760735,36.26442735457763,1.0,0.2594066138427798,fall,fall_1764857045.csv,3225
-0.038546000000000004,0.4247623543630014,1.041,-0.8325,0.07544999999999999,-0.8409420000000002,0.25333772643647057,-0.0669,-1.446,-0.8429,-0.480788,0.18043064666513833,0.0715,-0.7305,-0.49820000000000003,-8.17236,35.58368159859798,111.099,-63.244,-15.66,-12.425180000000001,56.10428922665004,45.748,-178.832,10.343499999999999,17.76194,91.35311797227503,242.595,-90.855,-20.989,-0.06341453835704883,0.23285378860115785,0.4573119275884192,-0.6874727455098751,-0.028586670023166394,-0.15436085347914408,9.224001851437759,36.26442735457763,5.0,0.04573375387695814,fall,fall_1764857045.csv,3250
0.15225599999999997,0.07072740673883075,0.2476,-0.0481,0.18225,-0.8371900000000001,0.09107117710889653,-0.7114,-1.1055,-0.8182499999999999,-0.6274959999999999,0.07719322239678818,-0.4531,-0.7461,-0.6353,-13.369639999999999,13.102315535446397,2.87,-42.275,-10.0915,11.841199999999997,10.181891853678275,43.466,-1.115,9.0,-14.736379999999999,13.438451092131118,3.023,-41.977,-12.9505,-0.026425760863257812,0.05249069299349191,0.07176618785022337,-0.1313453993599092,-0.023277401469535275,-0.11587457764182135,3.3656406869250826,6.940375870703585,13.0,0.0023642395701326748,fall,fall_1764857045.csv,3275
0.20488800000000004,0.02999633737641981,0.2771,0.1543,0.19945,-0.7787860000000001,0.048650632102779506,-0.6265,-0.8457,-0.7827,-0.670222,0.04168873847935435,-0.5901,-0.7812,-0.6650499999999999,-1.81236,4.062762901080988,11.382,-11.901,-1.1985000000000001,4.018759999999999,8.021112697275859,16.115,-28.321,5.973000000000001,-8.54398,11.928286635539909,3.153,-39.931,-3.191,0.017440948412734626,0.042612894096858846,0.1078179147064191,-0.04787275828333748,0.009480243166205438,0.04543410650132845,2.8057451319551276,4.769408323456837,12.0,0.001888106958873741,fall,fall_1764857045.csv,3300
0.269488,0.08708532974043331,0.4856,0.1543,0.24695,-0.740396,0.08440579354523006,-0.5166,-0.856,-0.7677,-0.6968139999999999,0.06935467110440363,-0.5781,-0.8708,-0.6865,-8.30796,11.168369920377817,15.443,-33.481,-5.7065,0.3294400000000002,17.547173885455173,28.008,-41.153,6.168,-17.92594,12.494249777253533,3.153,-39.931,-18.588,0.028443203003047226,0.04897847230589857,0.13218015796717952,-0.08189019728876101,0.025324662091259054,0.08327142981520139,2.666729713450068,5.931701205458884,7.0,0.0017561595583959018,fall,fall_1764857045.csv,3325
0.3865039999999999,0.08520270408854405,0.5247,0.2246,0.405,-0.604048,0.13190410492475205,-0.3401,-0.856,-0.589,-0.7793139999999998,0.0842103675564951,-0.5781,-0.8982,-0.8122499999999999,-21.809660000000004,10.92166068985848,15.443,-41.145,-23.679499999999997,0.7468399999999998,16.432800740421577,28.008,-41.153,4.8665,-21.058339999999998,6.6274529907348265,-5.763,-39.336,-20.962,-0.038957221599313856,0.053833718280747456,0.06150341193626052,-0.14089355749266408,-0.040268310850255395,-0.15925056295054663,2.915570912436061,5.028041243671688,11.0,0.003727471325571637,fall,fall_1764857045.csv,3350
0.48591,0.0716843727739875,0.6953,0.3447,0.4774,-0.329126,0.20926035440092325,0.1794,-0.7034,-0.34985,-0.868922,0.05200375098009758,-0.7568,-0.9817,-0.86025,-38.564699999999995,13.438309374694423,-21.687,-67.412,-34.397,12.60056,15.225185600392528,50.565,-5.359,7.9885,-22.95402,5.522126555920282,-9.855,-36.954,-22.206,-0.03697009387160117,0.06024925807030633,0.0766943223389982,-0.17255551497626942,-0.02927136283859344,-0.030932091575965003,2.658717312159731,5.272353368617722,5.0,0.001876677890375541,fall,fall_1764857045.csv,3375
0.9747899999999998,0.004036941911893212,0.9817,0.9663,0.9754499999999999,0.267508,0.00892235036299293,0.2932,0.2534,0.2681,-0.13631000000000001,0.011512762483435503,-0.104,-0.1533,-0.1399,1.3829,1.916463631275063,3.542,-3.58,1.889,1.6013,1.062346031196992,3.969,-0.725,1.4965,1.1386,0.8689470639803094,3.076,-0.206,0.897,0.002834024873447323,0.0036970742990591536,0.012753793175539485,-0.006421945067299317,0.002933229777374091,-0.0010295948798379167,0.25919771660543833,0.5101560625231927,15.0,9.919840296991505e-06,nornal,nornal_1764856182.csv,0
0.9771939999999999,0.003754379309553047,0.9875,0.9666,0.9775499999999999,0.258924,0.005550839936442053,0.2729,0.2461,0.2578,-0.149092,0.006675622517788136,-0.1304,-0.1624,-0.14945,1.5208000000000002,2.081881812207408,4.832,-3.58,1.9735,2.7604600000000006,1.1347290638738396,4.87,-0.16,2.832,0.27405999999999997,0.43034601938440187,1.244,-0.519,0.256,0.000662029451568209,0.0034388549155652728,0.009196309616663179,-0.0086991713638227,0.000891151402217627,-0.002271968117958537,0.2436768780684055,0.8967819134377608,14.0,1.5186489614475424e-05,nornal,nornal_1764856182.csv,25
0.975596,0.006152851696571275,0.9875,0.9553,0.9772,0.265622,0.01770368650874727,0.3091,0.2461,0.25795,-0.14949,0.01192396326730337,-0.1177,-0.1653,-0.15355,4.053039999999999,8.32223946052984,32.122,-5.779,2.008,4.17758,3.049509934989555,14.099,0.718,3.1719999999999997,-1.1081600000000003,2.233709733694152,0.504,-6.779,-0.088,-0.0033026446768249463,0.0061193201140515695,0.014258686980164192,-0.02278464351138032,-0.003539401280072685,-0.03056763578663303,0.22868505414331197,0.4278609774531206,1.0,1.1995676047173191e-05,nornal,nornal_1764856182.csv,50
0.9727419999999999,0.009840062804677616,0.9888,0.9441,0.975,0.281376,0.019254532557296738,0.3123,0.2515,0.28135,-0.136614,0.01789165179629874,-0.0981,-0.1653,-0.13425,29.799539999999997,26.81162831176801,69.786,-5.779,30.9085,10.33722,6.2467504489614445,17.237,0.718,13.859,-4.59456,3.540315856869271,0.504,-10.908,-5.1835,0.00166223921266464,0.009022073401819864,0.02013430696425389,-0.021169459092831522,0.0023110846286296116,-0.018213933415917153,0.33320293191859685,0.6890260213246902,2.0,9.730453600586472e-05,nornal,nornal_1764856182.csv,75
0.963836,0.026319131900577563,0.9924,0.873,0.973,0.269536,0.03376519367632889,0.3123,0.1536,0.27675,-0.18707400000000005,0.06768967073342874,-0.0981,-0.2959,-0.15660000000000002,56.16014,9.20933739421029,69.786,30.634,58.2215,14.231119999999999,3.521840391840607,21.015,3.618,15.0305,-7.713420000000001,3.6624356272295078,-0.893,-15.672,-7.4315,0.0027731322274348338,0.022732408476985443,0.04012809692869301,-0.06475692313644388,0.0070575666422748595,-0.0015677486906052502,0.7831077621997624,1.8110299237707572,2.0,0.00032716490674908073,nornal,nornal_1764856182.csv,100
0.95521,0.02983819867217188,1.032,0.873,0.9633,0.26753399999999994,0.041449591602330665,0.3889,0.1536,0.2632,-0.27116799999999996,0.05627198748933612,-0.1294,-0.3442,-0.28025,48.53296,12.984132645594777,69.015,17.634,52.4425,17.92868,8.11923917479957,33.947,3.618,15.424,-7.3153,5.407678375236456,4.153,-15.672,-7.8015,0.008364797838525957,0.029497944460177988,0.07270506378839614,-0.06408842663104253,0.006609650187445637,-0.022704984814162766,1.186832038598465,2.493813763742192,1.0,0.0010528240221157098,nornal,nornal_1764856182.csv,125
0.96762,0.028840353673282162,1.032,0.9087,0.96705,0.269606,0.05742085826596465,0.3889,0.136,0.27235,-0.182548,0.12085493989076326,-0.0383,-0.3442,-0.13294999999999998,58.412040000000005,24.07071592617054,102.511,17.634,53.2975,29.95878,9.531029863115528,43.55,9.626,30.133499999999998,-4.019099999999999,5.466513438198063,5.115,-15.656,-3.523,0.0008963742535114849,0.023685541998855815,0.06794663018904101,-0.03246824147447236,-0.003954296471532892,-0.011978538308077963,1.0493622397434956,2.493813763742192,1.0,0.0007099175549094407,nornal,nornal_1764856182.csv,150
0.994742,0.05746459811048887,1.1785,0.8564,0.9983,0.23907799999999998,0.07421577538502175,0.3804,0.1228,0.23254999999999998,-0.08650799999999999,0.046878326932602875,0.0476,-0.2092,-0.07214999999999999,53.590520000000005,34.89226145565231,102.511,-12.534,62.5305,19.6576,20.64923775542332,43.55,-20.847,23.6145,0.6120400000000001,8.4928535980788,27.015,-9.267,-0.8895,0.010482105902688965,0.04516519264911025,0.16261531612538271,-0.08459020826198282,0.005379817114718133,-0.015129899920633252,1.8794122714750467,8.363106408803311,5.0,0.001167430407163221,nornal,nornal_1764856182.csv,175
0.992956,0.0838699759389497,1.2498,0.7913,0.9934,0.23914200000000002,0.0741355571638873,0.4275,0.1228,0.23120000000000002,-0.161582,0.08306007149045805,0.0476,-0.3435,-0.161,13.762559999999999,27.329595429248492,73.244,-14.611,0.8015,-1.27154,14.975367386758832,21.656,-34.344,-0.1985,-2.2674,11.568619433623011,27.015,-24.649,-4.2555000000000005,0.02797873470836506,0.07968315377080595,0.29070275161390646,-0.12158914957734845,0.01522308611907175,-0.11420172658794242,3.033553047848178,9.259468244803582,1.0,0.004907978657188095,nornal,nornal_1764856182.csv,200
0.9626480000000001,0.07345550555268135,1.2498,0.7905,0.9648,0.26582,0.06050113056794889,0.4275,0.1602,0.25,-0.167764,0.0762880246434524,-0.0007,-0.3435,-0.15175,6.69988,11.411932966224434,34.893,-14.611,7.977,4.5917200000000005,14.501278026491322,26.542,-34.344,8.472999999999999,-5.31774,8.470187808567175,10.45,-24.649,-5.4925,0.021789312123654404,0.07246029681208775,0.31256286773756536,-0.10568701789397439,0.0001418072692520589,0.07567591856699363,2.4880390415157687,9.259468244803582,4.0,0.010877057262515191,nornal,nornal_1764856182.csv,225
0.9651460000000001,0.05189995842002188,1.0686,0.7905,0.97245,0.305786,0.0764309806557524,0.5088,0.2004,0.28735,-0.09415600000000002,0.05973597629569638,0.0205,-0.2644,-0.1068,28.472579999999997,18.78192838245317,68.26,-1.702,20.893,22.67138,16.815495151662944,64.695,-16.863,19.183,-8.41314,8.26476873242077,10.275,-26.58,-7.962,0.039454235535025126,0.047170747428352616,0.17577863002492955,-0.07106506152100489,0.029803092804302267,0.15044485219782333,1.6414223329399142,4.209188447394519,2.0,0.0009083210272992955,nornal,nornal_1764856182.csv,250
0.957326,0.052288912055999025,1.0686,0.8684,0.96255,0.318984,0.0712767854494014,0.5088,0.2131,0.3053,-0.10647999999999999,0.07268598214236359,0.1138,-0.2405,-0.1073,5.8559399999999995,38.764412785651736,68.26,-42.389,6.2905,3.415839999999999,32.474454638906565,64.695,-45.885,-1.2025,1.6355800000000005,17.944336704475873,37.076,-26.58,-2.233,-0.005696575400564821,0.06448736619164644,0.1616293078706066,-0.10545034018850175,-0.0020353407526398914,-0.08099172434845803,2.1745383321646123,4.209188447394519,4.0,0.003921671183932625,nornal,nornal_1764856182.csv,275
0.9594439999999999,0.09087882296772995,1.3066,0.7646,0.95875,0.29709599999999997,0.08122133207476963,0.5322,0.1248,0.2854,-0.18610800000000002,0.10667682379973636,0.1138,-0.4343,-0.16745,-20.595080000000003,17.777827614014036,29.061,-42.389,-23.42,-12.462459999999998,18.95873589268019,21.321,-45.885,-14.836,8.285639999999999,14.379380826391655,37.076,-24.58,8.095500000000001,0.04284114057749929,0.09377621656617338,0.4285257626189811,-0.19119426275392537,0.054205191903898775,0.029671916193849363,3.9011649586434967,17.841680451551255,2.0,0.008509460404245111,nornal,nornal_1764856182.csv,300
0.993846,0.0987333483884751,1.3066,0.7646,0.9938,0.2621,0.09430696050663492,0.5322,0.1248,0.22465,-0.17471400000000004,0.11143646263230002,0.0293,-0.4343,-0.15395,-3.35924,17.319150405906175,29.061,-39.824,0.9165,7.30856,14.21605629302304,26.0,-30.954,11.748000000000001,0.8710000000000002,10.293217324044022,21.382,-24.58,0.05750000000000002,0.04138044860145861,0.10008111245059469,0.42888300681015923,-0.18805697332543425,0.04165264590861695,0.14874418210382703,4.151129824407315,17.841680451551255,1.0,0.009189299884357304,nornal,nornal_1764856182.csv,325
0.974222,0.07297505132577846,1.1606,0.8442,0.9680500000000001,0.257604,0.07833172782468162,0.4592,0.1299,0.23965,-0.142846,0.07295747586094245,0.0293,-0.281,-0.14465,-1.4369199999999995,12.432155203085264,21.618,-32.099,1.0955,3.5866,15.062444303631466,26.0,-31.427,7.561,3.1879999999999997,8.892960998452653,24.618,-9.29,2.0385,0.032178813096166534,0.06667248460209575,0.192599607281432,-0.10577137591192776,0.025551984191163724,0.1410659570472766,2.4104362749347907,9.68731448288872,1.0,0.007134514203176953,nornal,nornal_1764856182.csv,350
0.9683319999999999,0.06768804455736627,1.22,0.8313,0.9745,0.279366,0.06738197566115141,0.4592,0.137,0.261,-0.11187200000000003,0.08806411991270906,0.0396,-0.281,-0.09425,-24.51904,21.140002355685773,3.115,-71.977,-20.286,-3.28988,12.563544532718463,23.099,-31.427,-2.58,0.48669999999999997,8.589791620871837,24.618,-18.382,0.7975,-0.022309195647138118,0.06566994092076862,0.22046784333894331,-0.17094326558196105,-0.015837148651928423,-0.04835672475552239,2.8655397358729267,9.975204765534729,5.0,0.0075599124911270455,nornal,nornal_1764856182.csv,375
0.9893639999999999,0.06812382478986334,1.22,0.8313,0.9820500000000001,0.257492,0.05807617356541321,0.3811,0.1631,0.241,-0.065574,0.0698789061448446,0.0396,-0.231,-0.0471,-34.66894,16.92952929104646,-3.641,-71.977,-34.828,-6.541999999999999,14.513997620228551,23.099,-36.16,-5.6835,3.5312599999999996,9.850244774237845,28.359,-18.382,3.832,-0.0938273793832623,0.07991743112025992,0.11157554198811903,-0.3485329802922611,-0.08760588424304372,-0.2644428651143171,2.7119839573835742,7.60823662382078,1.0,0.0020049979508056258,nornal,nornal_1764856182.csv,400
0.988146,0.08001173966362686,1.2773,0.8425,0.97325,0.23161399999999996,0.059994803141605525,0.3833,0.1494,0.21915,-0.13328799999999996,0.08565153037745443,0.0315,-0.2739,-0.15844999999999998,-41.8793,18.665333746011616,-3.641,-62.229,-50.7975,-13.690420000000001,12.608656134719512,8.71,-39.13,-12.363,3.16134,10.306079003403767,28.359,-23.008,2.8015,0.013446276299385919,0.07843026999671626,0.3101244044923299,-0.10559145942804049,-0.013151877477158291,-0.02184977294296253,3.2812393826826907,12.03001375079248,2.0,0.0033414193558750868,nornal,nornal_1764856182.csv,425
0.9831020000000001,0.08870943690498773,1.2773,0.8237,0.96045,0.21507399999999996,0.07911134636700352,0.5127,0.0747,0.19625,-0.15106,0.07330555231358672,-0.0132,-0.2866,-0.16199999999999998,-44.474619999999994,34.08649432129388,21.824,-105.122,-54.4125,-5.52004,14.275477835729353,22.626,-39.13,-3.771,-0.8369599999999998,8.147827769313732,19.344,-23.008,-1.1335,0.00679866517459283,0.0894959699438405,0.3105769985856244,-0.1676847582947828,-0.01281888521750002,0.010158944671998524,4.431569910951398,13.106954289887002,3.0,0.009539566556632005,nornal,nornal_1764856182.csv,450
1.016966,0.09176179294237881,1.208,0.8237,1.0007,0.19388000000000002,0.08536428995780378,0.5127,-0.0596,0.1931,-0.10754200000000001,0.09080322481057597,0.1177,-0.3181,-0.08760000000000001,-51.31023999999999,41.393234859604775,21.824,-112.954,-57.756,-7.523860000000001,16.5692678281329,22.626,-44.84,-6.103,2.71708,8.4977486873642,26.084,-15.023,2.7365,0.026508755629820347,0.08934462765730135,0.21054693452788076,-0.15671172179613346,0.008588043299052717,0.2450899808444911,4.6016632178248225,13.106954289887002,2.0,0.008832304122501631,nornal,nornal_1764856182.csv,475
1.004802,0.09993338879473666,1.208,0.7756,0.9978,0.221796,0.08732530666421962,0.4114,-0.0596,0.21325,-0.11258800000000001,0.10610953517945501,0.1177,-0.3181,-0.0897,-63.851620000000004,20.473240057098923,-19.893,-112.954,-61.328,-20.84096,17.71300226269957,6.679,-59.718,-20.328000000000003,7.58528,9.832013909754197,26.084,-11.847,7.321,0.002721808369459211,0.09150763117190674,0.19378575345516702,-0.16460907893354526,-0.005474914046685653,0.11245939534780228,3.607611012382333,5.501820297796812,4.0,0.009747945292337367,nornal,nornal_1764856182.csv,500
0.9863979999999999,0.12629994693585583,1.3245,0.7043,0.9775,0.292928,0.10043245300200526,0.5623,0.1501,0.28015,-0.126796,0.1046461159527672,0.0793,-0.4192,-0.1122,-36.00154,26.08690106410495,25.664,-74.779,-48.931,-17.01194,22.51755813795981,24.947,-59.718,-22.519,9.67288,12.978350158074793,35.473,-24.427,10.6795,-0.05345405099851715,0.14043837439767648,0.3785806000490608,-0.3103266979095196,-0.04198196237427554,-0.217708130094276,4.371740654870379,17.944761385687112,3.0,0.02588555199725309,nornal,nornal_1764856182.csv,525
0.996656,0.14288087368153934,1.3728,0.7043,0.9607,0.294426,0.1132442648614048,0.5623,0.1052,0.2776,-0.15928799999999999,0.11506387207112403,0.0793,-0.4192,-0.1348,-0.93318,23.867636020092146,44.832,-51.641,-2.332,0.5105600000000002,24.087340792341525,40.878,-41.565,4.9695,2.68342,16.587334418875145,35.473,-28.748,0.6789999999999999,-0.039049781963060935,0.1378578131609797,0.35969555783492346,-0.31493915857910504,-0.0428438570216676,-0.1040169265075235,5.686069237401489,17.944761385687112,3.0,0.016090318408200358,nornal,nornal_1764856182.csv,550
0.9847360000000001,0.15779146207574096,1.532,0.5042,0.9413,0.25276200000000004,0.10574426677602904,0.5188,0.1052,0.2356,-0.175234,0.1178427437053296,0.1042,-0.4209,-0.14024999999999999,22.146319999999996,20.822174323965307,60.786,-34.969,25.064500000000002,11.285979999999997,21.031866979885546,52.733,-37.786,14.148499999999999,-4.4569600000000005,17.89932591463712,44.321,-44.557,-5.6605,0.05735170000710174,0.16573155647851426,0.6268719904665383,-0.42925975931944704,0.015830672878823115,0.15062792296711996,8.382510654980248,23.732987073880512,4.0,0.025028621213049135,nornal,nornal_1764856182.csv,575
0.9675040000000001,0.1494209342227521,1.532,0.5042,0.9768,0.268866,0.11998676862054417,0.5974,0.0588,0.24745,-0.16854,0.11323443999066714,0.1042,-0.4209,-0.1564,30.03176,18.638490551071992,60.786,-22.366,33.8895,9.610499999999998,20.073606426599085,52.733,-31.26,12.374,-1.0345,20.06743189174938,45.031,-44.557,-5.6795,-0.03363068362219033,0.15315087840970637,0.5520156244935934,-0.4970887755836412,-0.03205638269467559,0.045496289877051045,7.566565676910268,23.732987073880512,2.0,0.013573949105664373,nornal,nornal_1764856182.csv,600
0.956078,0.14131429834238288,1.4019,0.6475,0.93565,0.31204,0.1314561508640809,0.5974,0.0588,0.26625,-0.17143799999999998,0.12116865913263214,0.0725,-0.467,-0.1689,34.062200000000004,19.942296985051644,67.969,-22.366,39.065,9.74166,18.746852781851146,37.809,-31.26,11.95,-2.842460000000001,17.53614564630438,45.031,-31.954,-6.5535,-0.03671014985495644,0.15120692524324603,0.5213899591854696,-0.2732220123901936,-0.059679815623696675,-0.13176475454443473,4.837830825536691,21.001110200533457,2.0,0.04051165216013894,nornal,nornal_1764856182.csv,625
0.9977380000000001,0.13634654068218965,1.4019,0.6475,0.97,0.29483599999999993,0.14403738231445334,0.5957,0.0452,0.2804,-0.145632,0.11034727806339402,0.0757,-0.467,-0.1477,25.5261,23.926442382644353,67.969,-35.595,25.8625,9.9895,17.819891434293307,36.603,-28.893,14.129999999999999,0.24075999999999978,17.875294210233296,42.588,-31.954,-3.0495,-0.018750177740944403,0.13214186853163826,0.4327188990275941,-0.3466459376574762,-0.04293546103252488,-0.10830093119606042,4.754523684997894,21.001110200533457,1.0,0.008724010490548934,nornal,nornal_1764856182.csv,650
0.9977719999999999,0.11961073537103599,1.3906,0.8013,0.9927999999999999,0.263022,0.13771705383139737,0.5627,0.0452,0.24159999999999998,-0.180246,0.09462520638815008,0.0757,-0.3748,-0.17115,18.19938,19.788315609864323,48.519,-35.595,20.431,7.537740000000001,16.768397069260974,35.534,-28.893,10.4505,1.0646399999999998,16.977653162625273,42.588,-25.359,-4.225,0.050146162330296,0.1157802591412647,0.4071551261010733,-0.15537271902000171,0.0522267766267957,0.028119510519660045,3.360604553357798,7.359839836439008,1.0,0.01712491563542756,nornal,nornal_1764856182.csv,675
0.9506560000000002,0.11182807368456277,1.3906,0.7412,0.9485,0.267708,0.12347737742598845,0.5627,0.0583,0.245,-0.166404,0.09881332493140792,0.0735,-0.3748,-0.14915,47.62570000000001,26.119402312648734,85.55,-7.267,48.935,17.73328,17.753224936377055,49.466,-20.252,20.645,-6.1277,12.170564049788325,19.611,-37.122,-6.0725,0.02251445440451063,0.11068801890453889,0.4503123984738867,-0.17831470528688387,-0.007550014129401927,0.19037134291891483,3.0788139271006645,7.359839836439008,1.0,0.023442055024940626,nornal,nornal_1764856182.csv,700
0.9610839999999999,0.09459360942473863,1.2061,0.7412,0.955,0.267776,0.11769147897787673,0.5017,0.0356,0.281,-0.11003399999999999,0.07186794169864615,0.0735,-0.2449,-0.12685,51.3099,25.168668936000568,85.55,-6.252,57.617999999999995,15.72444,21.373313974355966,49.466,-23.305,20.981,-1.8662200000000002,12.633161386272242,21.901,-37.122,-1.389,0.024881289347661296,0.08112098632215085,0.23899670701534426,-0.12532814113407742,0.025427964142114123,0.006172462206573381,2.151831999418681,5.8369963855794795,1.0,0.006162266940020837,nornal,nornal_1764856182.csv,725
0.98299,0.1211514940064711,1.4187,0.7317,0.9722999999999999,0.274474,0.11862015648278332,0.543,0.0356,0.27685,-0.18940800000000002,0.12872227443608972,0.0569,-0.5691,-0.17555,40.34834,20.253650982092093,79.664,-6.252,43.046,7.08058,18.958928795783795,43.786,-32.229,6.618,-8.249860000000002,13.173002734395832,21.901,-29.435,-9.4195,-0.022767123850101392,0.1162792630841248,0.42768231470075846,-0.18551648108127194,-0.04062845038265339,-0.10563914476933858,3.70089598569661,15.055336057638847,2.0,0.011741029082536911,nornal,nornal_1764856182.csv,750
0.9868779999999998,0.11477394702631778,1.4187,0.7317,0.9651000000000001,0.252276,0.10928755566852066,0.543,0.0623,0.23155,-0.19448200000000004,0.12002985243680007,0.0325,-0.5691,-0.16895,25.11154,29.01355311933373,79.664,-46.74,22.542,13.41586,11.941424935090453,38.954,-32.229,15.088000000000001,-6.093960000000001,13.489243089158116,27.412,-29.435,-5.2330000000000005,0.05175783172364829,0.12391502032282802,0.5141181595479849,-0.11609485798568853,0.013620806286390397,0.18182954951788585,3.609355813825397,15.055336057638847,1.0,0.015300131636060452,nornal,nornal_1764856182.csv,775
0.9744400000000002,0.09091706770458449,1.1997,0.7803,0.9673,0.254806,0.07547217609159021,0.4089,0.0623,0.2683,-0.150368,0.06655507025013195,0.0315,-0.2896,-0.15565,-20.676219999999997,29.214296054014376,23.695,-69.817,-23.3205,-0.85446,20.100280647005903,23.656,-36.901,3.9085,2.71652,13.143769986179764,32.0,-27.542,1.8090000000000002,-0.01208784355259967,0.08972902143625112,0.1927984018307618,-0.17628362283565957,-0.035446742568017275,0.037743964893448625,2.4615045324882474,7.050956468056335,4.0,0.01365887659998414,nornal,nornal_1764856182.csv,800
0.9478939999999999,0.09823701626169232,1.3149,0.751,0.9431,0.29831399999999997,0.09176135572233009,0.5757,0.1431,0.28575,-0.172752,0.06741260784156032,0.012,-0.3411,-0.178,-4.62532,46.21436691958032,92.427,-69.817,-10.0685,-1.81282,20.070921744344478,29.817,-36.901,1.076,-3.6732799999999997,15.19323021880469,32.0,-35.366,-3.8285,-0.02285728611038397,0.0987612767706126,0.36805565910370097,-0.219022149916397,-0.023240114544586965,-0.02143531768784859,4.0056626324041105,16.99568357724909,2.0,0.014988805832962433,nornal,nornal_1764856182.csv,825
0.974112,0.11216196974019312,1.3149,0.751,0.9558,0.293846,0.11803996308030598,0.5757,0.1042,0.2743,-0.164292,0.05420465234645455,-0.0601,-0.3411,-0.16344999999999998,13.333139999999997,31.833770623041186,92.427,-32.664,6.771,9.038359999999999,14.46468340719561,29.817,-26.153,11.439,-0.17459999999999998,12.65537233430925,15.099,-35.366,3.2255000000000003,0.027936258124591058,0.09981381653968989,0.3963002988537805,-0.11900979330066919,-0.004134753310128636,0.0011737920835790893,3.8904234992625284,16.99568357724909,2.0,0.005794729924524508,nornal,nornal_1764856182.csv,850
0.9790000000000001,0.11020770027543447,1.2234,0.814,0.9633499999999999,0.27424400000000004,0.10208444966790975,0.4912,0.1042,0.25695,-0.222802,0.10800866907799578,-0.0337,-0.4438,-0.20155,-4.86168,12.326351658848616,15.176,-32.664,-6.473,-0.9912400000000002,14.771159020957022,23.298,-26.466,2.2675,1.2870999999999997,11.063343843974117,15.26,-26.55,3.5460000000000003,0.034251467319610304,0.10460752440059327,0.2933226168988168,-0.12493081831211628,0.011531051894487776,-0.09700996449842372,3.057015600855772,11.325450356067934,1.0,0.009230475270966274,nornal,nornal_1764856182.csv,875
0.951762,0.07884659000869981,1.2129,0.814,0.94985,0.266932,0.07926260515526852,0.4912,0.1604,0.25534999999999997,-0.21147999999999997,0.11672123885565985,-0.0146,-0.4438,-0.167,-17.08138,19.152782785684174,12.084,-55.29,-16.2025,-0.08117999999999988,11.122148344074539,19.183,-26.466,2.195,-2.1387600000000004,10.72481889368767,15.26,-26.55,-1.645,0.008680656488301974,0.08800988968318411,0.311274064354766,-0.1189068681618417,-0.02545643490550631,0.014675720146677545,2.602543553568749,11.325450356067934,1.0,0.011996439324093937,nornal,nornal_1764856182.csv,900
0.971396,0.07266067150804484,1.1833,0.8438,0.9598,0.27791199999999994,0.0639048781862543,0.4102,0.1704,0.28015,-0.10579000000000001,0.04959929132558246,0.0271,-0.1929,-0.11015,-59.15968000000001,33.22448372597533,-1.924,-120.29,-53.565,-12.13774,20.121610628187792,19.183,-43.71,-8.275,8.36554,10.11993772354356,24.298,-19.916,10.099499999999999,0.02160257260913946,0.07052232335130232,0.22934055158518496,-0.11507331604232862,0.009584780966637951,0.06560624357996382,2.2598952622636586,7.867152822237744,4.0,0.008880222264294392,nornal,nornal_1764856182.csv,925
0.9846079999999999,0.07222889405217277,1.1833,0.8438,0.9773000000000001,0.277232,0.049639204022627115,0.3665,0.1907,0.27785000000000004,-0.06677000000000001,0.0674907230662111,0.0703,-0.2327,-0.09104999999999999,-95.7864,24.05214878550355,-45.618,-142.115,-94.8205,-20.860820000000004,14.712856260685754,5.16,-43.71,-19.809,9.996540000000001,9.700551430119836,24.298,-8.832,10.7595,-0.00524801915853871,0.0716229441571114,0.19095536864547236,-0.14598664106815795,-0.01339484828057047,-0.046891692175582755,2.2880825633353683,7.867152822237744,4.0,0.0025094473536150506,nornal,nornal_1764856182.csv,950
0.980352,0.03269455758991088,1.0342,0.896,0.9818,0.2559040000000001,0.04346796503173343,0.3657,0.1902,0.25015,0.0006619999999999995,0.07359918719659884,0.0767,-0.2327,0.036250000000000004,-92.50697999999998,27.9163271212314,-33.16,-142.115,-94.9195,-17.12942,10.351298181561578,5.16,-32.076,-18.415999999999997,0.6719200000000001,8.95879230218002,20.908,-11.504,-1.126,-0.0009119025934184366,0.030071027845574094,0.062400047561719685,-0.07889656518539734,-0.002770022082087209,-0.01120094985406488,1.048055057567926,2.954468692497214,5.0,0.0005193683257122319,nornal,nornal_1764856182.csv,975
0.9890899999999999,0.035577567370465336,1.0681,0.9055,0.9841,0.258216,0.0594776507942269,0.4375,0.1797,0.24655,-0.008066,0.07776407553620117,0.0767,-0.1711,0.025500000000000002,-61.587599999999995,32.20311818815066,-13.893,-121.725,-60.5155,-19.04968,19.589217464145932,27.557,-62.076,-19.3435,3.3476999999999997,11.113394844510834,24.565,-11.656,0.523,0.00568122219597345,0.040256614363817673,0.12332401106766944,-0.06690181474623724,-0.005846760404711215,-0.03410846658769536,1.0539539712865178,2.4390582069816924,2.0,0.0012243305162358063,nornal,nornal_1764856182.csv,1000
0.990706,0.0587483494576656,1.1965,0.8794,0.9754499999999999,0.25085999999999997,0.08888865619413987,0.5383,0.1475,0.2229,-0.16112200000000002,0.12683742553363342,0.0615,-0.3799,-0.1537,-38.69696,23.32595209371742,-6.908,-83.366,-32.504,-13.366980000000003,21.869921899714225,27.557,-62.076,-11.248000000000001,2.06358,14.111804556597288,24.565,-23.863,3.7560000000000002,0.029383858116187572,0.07400273321176026,0.2895769466375089,-0.08295612307506184,0.016828667264483455,0.20668994018572823,2.268879494515117,9.070180722920739,1.0,0.004698163749492762,nornal,nornal_1764856182.csv,1025
0.9564199999999999,0.07397127280235212,1.1965,0.7385,0.95335,0.268588,0.10663693476464897,0.5383,0.1475,0.2137,-0.176196,0.11329258221084025,0.0942,-0.3799,-0.16455,-7.79588,31.27020598885783,38.565,-83.366,-3.3240000000000003,3.66592,20.007486752553405,36.748,-40.244,3.931,-6.8249200000000005,10.29946143026906,12.519,-29.214,-5.9695,0.008284858506867648,0.08385284509256159,0.31069707849820727,-0.15346639620953706,-0.018334628281752308,0.00408531119032272,2.638154234889081,9.070180722920739,2.0,0.014298452640417805,nornal,nornal_1764856182.csv,1050
0.961478,0.11669356330149493,1.3257,0.7385,0.95655,0.27650199999999997,0.09808920122011393,0.4929,0.0896,0.25695,-0.09122200000000001,0.0728163725819956,0.0942,-0.2268,-0.0886,4.533240000000001,21.371253845818217,38.565,-49.771,6.771,7.003900000000001,19.79078597858104,36.748,-33.389,13.2595,5.89558,18.906621839017145,55.366,-29.214,2.3434999999999997,-0.05574019983747804,0.11642202899517246,0.30124652239110383,-0.2583770246056194,-0.07762913905324631,-0.20759047041522172,3.1778062281727837,10.717938567291219,1.0,0.013512967801474447,nornal,nornal_1764856182.csv,1075
0.98804,0.14271425857285602,1.4272,0.7224,0.9753499999999999,0.259794,0.1254181205567999,0.625,0.0613,0.2395,-0.150172,0.12238473767590467,0.1272,-0.4531,-0.14135,0.38894000000000006,21.982085273613148,49.115,-49.771,2.0229999999999997,-0.7693199999999996,16.652025340408294,31.107,-33.389,-1.107,1.6234600000000006,22.27895708439693,55.366,-30.328,1.782,0.034079618062101934,0.14414553690824242,0.42835229605936953,-0.22075904127415824,0.018615240401224864,0.04150645723024875,5.036303063737217,19.61992430962748,2.0,0.015954751034715282,nornal,nornal_1764856182.csv,1100
0.988604,0.11717714616767212,1.4272,0.7224,0.9783999999999999,0.24981399999999998,0.11984850105028431,0.625,0.0613,0.23645,-0.16442800000000002,0.11805781641212917,0.1272,-0.4531,-0.15785,13.67448,22.345844393300514,49.115,-48.305,19.9925,10.84706,14.597945449151398,41.031,-21.824,11.1795,-7.10774,16.10121914118307,46.435,-30.328,-10.218,0.027600248482650108,0.11959599864563196,0.4568736811401972,-0.161858105922148,0.004421548867436731,0.047786283956912985,4.881918163964234,19.61992430962748,1.0,0.015642758177262912,nornal,nornal_1764856182.csv,1125
0.9797299999999999,0.09229646417929561,1.2244,0.8228,0.98475,0.24102200000000004,0.08808403099313745,0.5271,0.0671,0.2247,-0.15428,0.08797200009093803,0.0962,-0.3547,-0.14915,2.910980000000001,24.11502205803677,35.557,-48.305,3.2595,5.55818,18.09243008077135,41.031,-34.382,7.099,4.81224,17.403490520651307,47.282,-17.45,0.3935,-0.0028959309127755705,0.0903721455491846,0.2580669931768984,-0.15816107940899593,-0.002480478500730965,0.07334397352091376,3.382770026292648,13.306546800523755,2.0,0.01111942157500492,nornal,nornal_1764856182.csv,1150
0.9566919999999999,0.09348675807835033,1.2722,0.8162,0.94425,0.27489800000000003,0.10758817870007839,0.5278,0.124,0.2457,-0.163142,0.09870354013914598,0.1042,-0.4395,-0.15305,5.88502,27.720559734962066,51.405,-37.901,0.889,2.0459800000000006,18.40993541160859,36.58,-34.382,1.794,0.7456599999999999,15.762235668343497,47.282,-31.092,-4.855,0.003791789552514211,0.09748321705774184,0.2814063939881861,-0.13709752710122525,-0.012286000960325894,-0.0578688949021469,3.3053313660138457,8.430429859764388,2.0,0.014732631320560128,nornal,nornal_1764856182.csv,1175
0.9791639999999999,0.10850706845178337,1.3513,0.8162,0.95055,0.26419400000000004,0.1002281066567657,0.5278,0.0916,0.25085,-0.13799,0.08944827611530588,0.1042,-0.4395,-0.14915,25.820619999999998,26.140615819746863,69.45,-27.473,38.317,8.923680000000001,21.46018601731122,53.038,-39.031,7.027,-0.3501000000000001,17.84693043214995,35.771,-40.29,-5.6795,-0.033353804460409454,0.10945957168236879,0.3267242621368185,-0.19492448914449934,-0.05959672205050581,-0.13367163034837876,3.682838408530239,10.681276309716958,1.0,0.015420197579480868,nornal,nornal_1764856182.csv,1200
0.9834740000000001,0.10225677250920841,1.3513,0.8645,0.9660500000000001,0.28329399999999993,0.1010098458765283,0.5178,0.0916,0.28635,-0.19300599999999998,0.09917153303241813,0.0269,-0.4146,-0.1792,40.1339,23.381666135885183,74.198,-16.504,43.0955,13.95658,20.539482486265324,53.038,-39.031,11.0,-6.953319999999999,20.83539692776694,35.771,-40.29,-13.187000000000001,0.05972539509289703,0.11339525951653717,0.4246279988964272,-0.11137467167579806,0.039334182849530996,-0.02717128705040766,3.567787282258168,11.19940732135949,1.0,0.00725090909540884,nornal,nornal_1764856182.csv,1225
0.958294,0.062159232331167026,1.1592,0.8645,0.9668000000000001,0.34891,0.08151130289720561,0.5178,0.1689,0.33394999999999997,-0.13346200000000003,0.13590367013440072,0.0645,-0.4146,-0.06825,80.55630000000001,40.041203643372164,172.221,29.748,69.958,28.680419999999998,13.62829404157395,52.336,3.389,34.3435,-12.488580000000002,9.527695757296199,4.847,-38.817,-9.839500000000001,0.0007105352280657828,0.07485740969715629,0.24918661538425457,-0.13130237707545833,-0.010024692260295898,0.01196671640860867,2.3758175662973025,11.19940732135949,2.0,0.008435464709589073,nornal,nornal_1764856182.csv,1250
0.9617519999999999,0.040451592008226324,1.0293,0.8789,0.9763,0.326164,0.07161928444211098,0.5166,0.1262,0.32455,-0.06719800000000001,0.08455009282076513,0.0645,-0.2935,-0.036750000000000005,117.13085999999997,38.319316393176955,200.954,39.221,110.38550000000001,36.49100000000001,10.914006662999617,55.405,7.573,37.057500000000005,-15.41036,12.037643682648195,4.847,-41.061,-13.103,0.03359056731696554,0.030941509495810385,0.09458739971524732,-0.04930976308081125,0.03766693500774754,0.07827235542008745,0.9532663210856611,2.6410677810372984,1.0,0.0004925134900670385,nornal,nornal_1764856182.csv,1275
0.9610679999999999,0.05277977809729782,1.1555,0.8911,0.9447,0.298474,0.07728197153282258,0.5962,0.1262,0.30065,-0.202182,0.11708853861928586,0.0083,-0.3982,-0.23020000000000002,99.04032,46.43653007210595,200.954,21.58,102.271,33.88414,12.62337670040786,55.405,-0.763,35.4695,-18.55526,10.64478660718006,-1.26,-41.061,-17.859,0.013730211401974536,0.05896891843911457,0.2755167627482378,-0.06028022410630385,-0.0012880883702455215,0.10874300347535719,1.9843988778611417,6.816927684798291,2.0,0.0013594566736258075,nornal,nornal_1764856182.csv,1300
0.95002,0.0669207591110561,1.1555,0.76,0.94895,0.314936,0.09812489543433918,0.5962,0.177,0.29835,-0.18247000000000002,0.12561586882237452,0.0437,-0.3982,-0.21155000000000002,73.86762,29.939835292058635,118.115,21.58,80.607,32.59298,12.825723606081647,51.786,-0.763,33.905,-7.47868,8.09069107169468,8.725,-28.763,-7.565,-0.00048119167048212843,0.058710810657684666,0.2641115281209354,-0.07917245226584302,-0.008375923030038646,0.0017125899585486704,2.182461574598396,6.816927684798291,2.0,0.007961304526119812,nornal,nornal_1764856182.csv,1325
0.974076,0.07985309652104919,1.176,0.76,0.9793499999999999,0.27616399999999997,0.10916801319067779,0.5808,0.0476,0.2551,-0.095734,0.062114106642533314,0.0437,-0.2107,-0.1055,34.53404,46.82680629167871,94.985,-55.794,31.752000000000002,16.775199999999998,21.684602529905867,51.786,-32.412,14.6415,3.54044,10.70863930508447,30.954,-10.168,0.9885,0.01871864060806369,0.047761797688130825,0.1634675920614055,-0.09662416294761778,0.011786587784228364,0.03312581495672451,1.3805863017373163,4.132119704137027,2.0,0.0009250970665775051,nornal,nornal_1764856182.csv,1350
0.9818640000000001,0.09021348626452699,1.1897,0.814,0.9782500000000001,0.22136199999999998,0.08251557159712342,0.4314,0.0261,0.22755,-0.17252800000000001,0.07700685174710103,-0.0264,-0.3364,-0.1504,-39.0634,40.17870608120675,29.099,-91.076,-54.439,-12.669039999999997,15.778862311282142,13.71,-37.237,-15.584,11.59776,9.33313471575333,30.954,-5.26,10.557500000000001,-0.0019306633944569417,0.08440171934935808,0.19203327497401457,-0.17252762705635694,0.014913790602926635,0.23935502980716766,3.0424888775281786,16.257628564512455,4.0,0.008235909826173145,nornal,nornal_1764856182.csv,1375
0.973182,0.09453637329620806,1.3892,0.814,0.9678,0.242086,0.065269453835619,0.3762,0.0261,0.24585,-0.16191200000000003,0.08158425740300639,-0.0225,-0.3364,-0.1357,-75.90975999999999,12.92075954819994,-46.496,-94.053,-75.5535,-15.845680000000002,11.859188887002349,2.916,-37.237,-14.8055,7.77512,10.107903358540781,27.802,-21.45,10.0765,-0.04083103079858444,0.09340687622753792,0.37518148902172754,-0.2098837292262321,-0.04054544664866855,-0.11478300508403488,3.8835624359105503,16.257628564512455,5.0,0.016112686155215657,nornal,nornal_1764856182.csv,1400
0.9946080000000002,0.07687225986010819,1.3892,0.8699,0.98315,0.26537999999999995,0.08356756069193355,0.4495,0.0776,0.2454,-0.084534,0.04621500453316001,0.0227,-0.2192,-0.0868,-49.716319999999996,32.989561006742726,7.351,-94.053,-47.7595,-2.1426600000000002,10.756219294175812,21.29,-28.145,-2.6950000000000003,4.2088600000000005,10.207527054110608,26.916,-21.45,2.8475,-0.16546871270980126,0.12985480671718086,0.09733459504820119,-0.43224214338451616,-0.15233820299561862,-0.2391044425267651,2.991659857023025,8.386434334193915,1.0,0.004123860533525233,nornal,nornal_1764856182.csv,1425
0.9803200000000001,0.0699688787962191,1.1243,0.8264,0.97765,0.25387399999999993,0.1040758815672488,0.4495,0.0776,0.2291,-0.14273599999999997,0.11162087575359728,0.0227,-0.3765,-0.1136,-8.980500000000001,23.69532631153241,38.618,-47.374,-10.690999999999999,-2.3584400000000003,15.511536987880987,21.29,-35.221,1.817,1.5830799999999994,13.686579961173646,26.916,-23.954,-0.5419999999999999,0.010732271955505744,0.06822476003918869,0.16939277239398098,-0.1404121825539515,0.005408802546007174,0.15460938795594792,2.3553622164062236,8.386434334193915,1.0,0.006248521204098381,nornal,nornal_1764856182.csv,1450
0.95017,0.11599549344694386,1.4106,0.6685,0.94045,0.27681,0.10422386530924671,0.5227,0.0867,0.28615,-0.20799,0.10571238385354859,-0.0205,-0.4231,-0.19115,15.640280000000002,27.01156119371111,68.466,-38.885,17.5685,2.1976199999999992,21.598798350732384,42.542,-38.008,7.4965,-5.412020000000001,16.061481105414906,22.534,-44.183,-3.4885,-0.0832754090044046,0.135190699782212,0.44215210412427175,-0.30071636512241084,-0.09970473227382981,-0.1894929592363991,4.202546093631386,16.95278020809742,2.0,0.03705470291038814,nornal,nornal_1764856182.csv,1475
0.96524,0.14588310800089227,1.4106,0.6685,0.9401999999999999,0.286174,0.08406710845509081,0.5227,0.1445,0.28225,-0.17226200000000005,0.09355710959622471,0.0166,-0.4231,-0.1737,9.533119999999998,28.51276594344365,68.466,-34.443,9.3095,4.3431999999999995,21.67678548678286,42.542,-38.008,7.023,-0.5210599999999999,16.850741339668115,31.313,-44.183,3.458,-0.059996483499768265,0.14845452386667324,0.3362202093556057,-0.3814063594115006,-0.08134656173353455,-0.2959823936411558,4.78279288068025,16.95278020809742,1.0,0.015335457406123382,nornal,nornal_1764856182.csv,1500
0.9722320000000001,0.13133553127771633,1.3425,0.7073,0.95385,0.29953799999999997,0.10599173154543706,0.6511,0.0518,0.29675,-0.18414999999999998,0.0978299366247367,0.0166,-0.394,-0.18165,4.08728,26.605284714913314,61.496,-34.443,1.7675,2.74122,16.892253378741394,33.748,-35.924,4.084,-2.73774,14.530299323565222,31.313,-32.145,-6.6530000000000005,0.031947927138328516,0.13196527582890943,0.406482152931834,-0.1705786192015012,0.005596898000432282,0.010874722794484003,4.493577012811467,16.23652062722526,2.0,0.014087748283744103,nornal,nornal_1764856182.csv,1525
0.9856540000000001,0.11014690047386716,1.27,0.7073,0.9829,0.27101000000000003,0.12229817864547288,0.6511,0.0518,0.28305,-0.18367200000000003,0.08878207711019155,-0.0276,-0.394,-0.1558,13.55516,22.818101257869813,61.496,-38.321,11.7135,12.88098,8.80881002971457,30.656,-8.16,13.4695,-4.2664,10.23450116224528,11.351,-32.145,-2.1109999999999998,0.057514559198373616,0.11082642129114419,0.40881106349324803,-0.11713586854820568,0.04492078581099035,0.23533924190036415,3.828955761320335,16.23652062722526,1.0,0.013644205104972738,nornal,nornal_1764856182.csv,1550
0.959264,0.10858154495124851,1.1633,0.6958,0.9524999999999999,0.26158000000000003,0.09349644057395982,0.4971,0.0894,0.25549999999999995,-0.19862,0.07478534883250863,-0.0972,-0.3765,-0.20865,-7.396419999999999,21.750606197612054,33.992,-38.321,-15.073,1.21528,17.646642943109605,30.656,-30.794,6.584,5.163660000000001,7.335602076476068,22.374,-10.557,5.7865,0.02546946525902349,0.08623501099629462,0.1843981980849816,-0.1401659075664835,0.023985381755044388,0.16605345536024538,2.6300466093069033,8.231011196951632,1.0,0.011151702210959834,nornal,nornal_1764856182.csv,1575
0.9402300000000001,0.11098188545884413,1.2246,0.6958,0.9326,0.31014600000000003,0.07996378732901538,0.4971,0.1426,0.3031,-0.21537799999999996,0.10965171278188043,0.0029,-0.4238,-0.23435,-24.760499999999997,7.010013581299255,-12.221,-42.069,-26.194499999999998,-7.40958,12.735594385956237,18.13,-30.794,-8.641,2.0073000000000003,10.494330601329462,22.374,-26.038,1.8855,-0.027485459446598293,0.11396715406706841,0.25826184719807177,-0.22292128781505716,-0.04958718910684107,-0.0855630387095514,3.835064564914754,9.861724806400085,2.0,0.016880380123542035,nornal,nornal_1764856182.csv,1600
0.974724,0.09191294698789719,1.2246,0.7754,0.9691,0.316174,0.0678358218347799,0.4878,0.1426,0.31505,-0.14632799999999999,0.10101930714472357,0.0029,-0.4238,-0.11135,-13.47836,18.629027048947027,24.122,-42.069,-17.950499999999998,1.6490799999999999,11.246765579205428,19.351,-19.221,2.874,0.5270000000000001,8.605602795853407,13.885,-26.038,0.389,-0.03990286761484807,0.09833324785975486,0.15187952194529375,-0.308761596566664,-0.05125292461325193,-0.208386935192279,3.437356454195058,9.861724806400085,1.0,0.004727884378851541,nornal,nornal_1764856182.csv,1625
0.9569699999999999,0.053179098337598756,1.0789,0.8525,0.95225,0.33005799999999996,0.05495351886822171,0.4255,0.2124,0.3359,-0.158582,0.055635958480105295,-0.0571,-0.2754,-0.1521,-6.714439999999999,19.072691391788418,24.122,-37.305,-1.3435000000000001,2.3879799999999998,8.352735488425333,19.351,-19.221,1.5154999999999998,2.6845800000000004,7.213974871289753,16.237,-10.076,2.1525,0.01511250103752181,0.05225643266873666,0.14374988452945936,-0.06397721698016434,0.002559254440531067,0.007805566928972265,1.4481719263157316,5.983829407238595,1.0,0.003261332874865479,nornal,nornal_1764856182.csv,1650
0.952598,0.031555465390325006,1.0066,0.8611,0.964,0.31999999999999995,0.044738842184392745,0.4104,0.2556,0.30335,-0.146434,0.06286779973881701,-0.0452,-0.2754,-0.125,-18.72938,15.12807990709991,9.641,-38.107,-21.3245,2.5075,4.245922558172723,11.802,-4.931,2.5,1.46854,5.894112259568866,16.237,-10.076,1.225,0.01927545033069654,0.022507717267100217,0.09484335258444498,-0.023334898497615164,0.018086638225226936,0.06645619755486723,0.9542664310501316,2.9943739272417003,5.0,0.0006181380363907591,nornal,nornal_1764856182.csv,1675
0.980198,0.019666189158044828,1.0229,0.9111,0.9795,0.275638,0.039799833617742676,0.3594,0.2017,0.2744,-0.077392,0.027386250856953752,-0.019,-0.125,-0.07344999999999999,-25.159100000000002,7.357707086450235,-10.282,-38.107,-23.389499999999998,0.48117999999999994,6.603740608745924,11.802,-15.832,0.099,1.3056000000000003,2.028202711762313,5.198,-2.725,1.4045,0.0185051123162536,0.016472882492383635,0.06912969558676185,-0.006778267420395778,0.015697371471592003,0.054621469870598044,0.5636968485870443,1.8686290398038319,4.0,0.00014943525888131773,nornal,nornal_1764856182.csv,1700
0.984448,0.015363153842880048,1.0229,0.9548,0.98485,0.2522,0.025844728669498544,0.3057,0.2017,0.25025,-0.080564,0.035340830550511966,-0.019,-0.1506,-0.0769,-19.74734,8.292970846711087,-4.557,-37.794,-17.430999999999997,-5.539419999999999,5.6389231812111085,3.069,-15.832,-3.2175000000000002,1.3833600000000001,3.460697668158835,7.702,-6.771,1.4125,-0.0021670317583818675,0.012937210549679749,0.031031528557552424,-0.028646673246081833,-0.0027626660904517264,0.0007517047623421049,0.4532682872356259,0.909028448873217,3.0,0.00011078826855481249,nornal,nornal_1764856182.csv,1725
0.9726699999999999,0.02314551576439808,1.0383,0.9153,0.9734,0.271456,0.027221617586028937,0.3215,0.2153,0.27125,-0.14945,0.057923616081871125,-0.0249,-0.2507,-0.1538,-17.018479999999997,4.400483638147062,-4.557,-24.466,-16.9735,-9.166920000000001,5.370157967285507,-1.702,-21.321,-8.9885,2.77898,4.638942291040059,10.603,-6.771,3.092,-0.003118174203954949,0.02425685311314564,0.08055121710340774,-0.04467620362096614,-0.005922208931298356,-0.053027521463118656,0.6183502169539018,1.6146743474535263,1.0,0.00040128767486555066,nornal,nornal_1764856182.csv,1750
0.9664780000000001,0.0318871402919735,1.0383,0.8975,0.9711000000000001,0.270384,0.028202115948985106,0.3215,0.2104,0.2694,-0.21009200000000003,0.024164021519606373,-0.157,-0.2595,-0.20645000000000002,-14.166720000000003,6.446385049126371,-3.092,-24.466,-14.477,-5.144620000000001,8.784151323582718,17.168,-21.321,-5.977,2.75164,3.883686139532905,10.603,-4.053,2.3055,0.0029132742744149807,0.03299576000003212,0.08346485412842486,-0.06473364063753118,0.008831171631004109,0.019382301987908822,0.8588853423963692,1.9706161643683995,2.0,0.001418169838497797,nornal,nornal_1764856182.csv,1775
0.965276,0.027978302736227586,1.0098,0.8975,0.9706,0.26054,0.023548868337990258,0.3101,0.2104,0.26280000000000003,-0.205992,0.040083252562635174,-0.1184,-0.2698,-0.21350000000000002,-10.766280000000002,3.929436127690588,-3.092,-20.137,-11.3245,4.386660000000001,7.6607435816897045,18.16,-7.916,5.0765,-0.76458,3.91280791294436,4.412,-8.733,-0.01150000000000001,0.026787630590999815,0.03346559852280706,0.09520900427396617,-0.049024241148309944,0.023514373116844456,0.002897595543133275,0.8986511057310802,2.1277487538236106,4.0,0.0007616657933239053,nornal,nornal_1764856182.csv,1800
0.9725759999999998,0.02035373734722937,1.0442,0.9155,0.9739,0.27607200000000004,0.023670750220472526,0.322,0.2332,0.2754,-0.153242,0.051086898868496614,-0.0977,-0.2698,-0.1316,-9.1925,5.112033107287158,0.137,-20.137,-9.8665,5.94376,5.129227675040367,18.16,-1.55,4.9695,-1.7023000000000001,3.780917519597591,4.412,-8.733,-1.4925000000000002,-0.008183004583129715,0.022036608572412266,0.05717946865457324,-0.07040365536065174,-0.005380643167030463,-0.03014490695906022,0.9026153176373548,3.577875925901269,6.0,0.000786624160561236,nornal,nornal_1764856182.csv,1825
0.9759680000000001,0.014305837130346473,1.0442,0.9402,0.97315,0.284096,0.01771423111512323,0.322,0.2468,0.28274999999999995,-0.1223,0.012939876351804911,-0.0977,-0.1589,-0.11935,-1.4430399999999997,5.454455514384548,7.031,-11.985,-0.8475,3.09546,2.664902986677001,13.664,-0.076,2.107,0.42692,2.4419489662153055,3.42,-6.42,1.3815,0.019426849560635888,0.02049592007561497,0.10277602294471733,-0.0036959756679306732,0.01225436755246978,0.04467358645214573,0.6941021118346344,3.577875925901269,1.0,8.445787901391184e-05,nornal,nornal_1764856182.csv,1850
0.97345,0.0037885749299703727,0.9814,0.9663,0.9735,0.275048,0.011881418097180149,0.2964,0.2537,0.27505,-0.136578,0.013208456230763685,-0.1143,-0.1648,-0.1376,1.81012,2.688543908066223,7.031,-2.901,1.924,2.58612,1.1963237127132438,5.412,0.878,2.107,0.69636,1.2851098125841232,3.42,-1.511,0.8205,0.0015254624473883239,0.003804504711423919,0.009636479556398792,-0.007945865432855026,0.0019987724025315456,0.0048454114031680285,0.3004535034304088,0.6258583966886389,22.0,2.1986804919511444e-05,nornal,nornal_1764856182.csv,1875
0.975356,0.0031756045093808516,0.9814,0.9663,0.9754499999999999,0.26773399999999997,0.007058204020854031,0.2808,0.2537,0.26615,-0.14504,0.007033860959672149,-0.1309,-0.1648,-0.14405,0.65508,1.5918992912869836,3.74,-2.901,0.649,3.1502399999999993,0.965439124129533,4.679,1.137,3.2824999999999998,-0.20352000000000003,0.7243805972001183,1.313,-1.511,-0.20650000000000002,0.002152752581762205,0.0032561935724561035,0.011878725839697735,-0.004337829207814892,0.0020120846715693252,0.0048583003142203054,0.2506032922912792,0.5129319915115893,16.0,8.111113339350741e-06,nornal,nornal_1764856182.csv,1900
0.975528,0.002510859613757804,0.9814,0.9705,0.9754499999999999,0.2685820000000001,0.005067294741772974,0.2808,0.2568,0.26865,-0.144134,0.005386004455995187,-0.1335,-0.1545,-0.14415,-0.23736000000000002,1.1619944881108515,3.084,-1.802,-0.5954999999999999,3.3449400000000002,0.6235933742431843,4.58,1.786,3.382,0.003679999999999997,0.575110056945625,1.092,-1.229,-0.11049999999999999,-0.0019470079180818134,0.0026164672432524537,0.003145842847485092,-0.008614055742520721,-0.002015054153794771,-0.003981403078363044,0.1714112258582642,0.3890723351331338,23.0,5.608510629927914e-06,nornal,nornal_1764856182.csv,1925
0.975408,0.0017662208242459315,0.9792,0.9717,0.9756,0.26865,0.0031280185421445296,0.2751,0.2622,0.26915,-0.142288,0.00502137989003023,-0.1335,-0.1519,-0.1416,-0.09538000000000002,0.7773351629766918,1.008,-1.802,-0.0685,3.38536,0.46546178188977017,4.382,1.786,3.5,-0.08292,0.41326508877474755,1.092,-0.588,-0.22549999999999998,-0.0007930776793684834,0.0020078182734561685,0.0029595504241544113,-0.005208014833335772,-0.0003916501088210289,-0.0028055768129009,0.14425211533748136,0.273892901287176,7.0,3.453100406652173e-06,nornal,nornal_1764856182.csv,1950
0.975584,0.001796814959866484,0.9795,0.97,0.9757,0.267106,0.003172973999263153,0.2732,0.2588,0.26705,-0.140776,0.004874979384571799,-0.1294,-0.1506,-0.1411,0.63622,0.6157537913809382,2.122,-0.733,0.5914999999999999,3.1844799999999998,0.5651906665896032,4.382,1.908,3.267,0.05140000000000001,0.40848730702434316,1.046,-0.588,-0.004,-0.0009259256206726496,0.0019878648228548825,0.0034201246395422213,-0.006041512055644738,-0.0007033824814058898,-0.0010399905908272371,0.1389942060266756,0.273892901287176,23.0,4.047439271912254e-06,nornal,nornal_1764856182.csv,1975
0.975808,0.0019731031397268632,0.9817,0.97,0.9757,0.26425,0.004056266756513931,0.272,0.2556,0.26465000000000005,-0.142736,0.00517052260414748,-0.1294,-0.1516,-0.1438,0.64412,0.7437891808839384,2.176,-0.733,0.5535,2.9918199999999997,0.4881944977158182,4.115,1.908,3.069,-0.005819999999999996,0.517988366278626,1.046,-1.031,0.061,0.000732431105131095,0.001974228687862448,0.005325493017113381,-0.0045579654834655425,0.000640563446975273,-0.0006348436746820807,0.1315498195949097,0.23021368951650079,9.0,4.613732531765614e-06,nornal,nornal_1764856182.csv,2000
0.9759699999999999,0.0019341406360448524,0.9817,0.9722,0.97595,0.263442,0.003909070989378427,0.2712,0.2556,0.2637,-0.14587199999999997,0.0039719536754599764,-0.1362,-0.1541,-0.14565,0.07736000000000001,0.7944697794126596,2.176,-1.481,0.0685,3.29168,0.40561491294083357,4.115,2.458,3.3129999999999997,-0.47342000000000006,0.3925138514753333,0.26,-1.061,-0.527,-0.00032508166260735826,0.0018705174566906325,0.004704131807515166,-0.004223034662210079,-0.0008660537406135482,-0.0022631862919098703,0.13877603638728306,0.31314766777993386,19.0,3.1773490619746953e-06,nornal,nornal_1764856182.csv,2025
0.976212,0.001994556592328233,0.9814,0.9719,0.97595,0.266104,0.0036161836236562996,0.2734,0.2581,0.2667,-0.14332399999999998,0.00479468705965259,-0.135,-0.1541,-0.14355,-0.2631,0.539916150897526,0.58,-1.481,-0.1105,3.4362,0.32907828855760146,4.221,2.534,3.439,-0.45360000000000006,0.3300702955432373,0.206,-1.061,-0.4545,0.0005174803992587628,0.0020375277133203164,0.005882983015653487,-0.00442629423078178,0.0001560639026800814,0.00031962317801631843,0.15708998313669428,0.31314766777993386,16.0,3.883738826475634e-06,nornal,nornal_1764856182.csv,2050
0.975766,0.002384165262728236,0.9814,0.9685,0.9757,0.268762,0.0028804089987361143,0.2749,0.262,0.26915,-0.13895599999999997,0.004043521237733268,-0.1274,-0.1487,-0.1387,0.023519999999999996,0.39903264227378693,0.656,-1.298,0.088,3.3059400000000005,0.3406666646444879,4.221,2.626,3.3625,-0.25404,0.3121898755565273,0.473,-0.817,-0.317,0.0001567511765408236,0.0023563634568412747,0.006277834429960771,-0.007090780452178702,0.0002367944413513845,0.0011920056627944696,0.17212851094749532,0.4604798849894842,11.0,4.262677967599894e-06,nornal,nornal_1764856182.csv,2075
0.975372,0.002346831054848212,0.9802,0.9685,0.9753,0.268592,0.002712109142346599,0.2749,0.2617,0.2686,-0.137512,0.00418089177090247,-0.1274,-0.1462,-0.137,-0.02711999999999999,0.37837154438461673,0.656,-1.153,0.061,2.9771199999999998,0.33405871579708857,3.779,2.221,3.019,-0.11693999999999999,0.3925991039215449,0.725,-0.817,-0.164,0.0008081021331779459,0.0023649927997473107,0.00595691835489065,-0.005837040680091832,0.000822793465593441,0.002729618699969216,0.15296673553797105,0.4604798849894842,8.0,6.355483848634711e-06,nornal,nornal_1764856182.csv,2100
0.9754179999999999,0.002382493651617981,0.9802,0.9707,0.9752,0.26606799999999997,0.0033867648279737412,0.2727,0.259,0.26644999999999996,-0.141674,0.005973870102370824,-0.1287,-0.1567,-0.1431,0.36676000000000003,0.6697719480539627,1.412,-1.153,0.22499999999999998,2.90014,0.37475762887498365,3.756,2.221,2.8049999999999997,-0.06414,0.4523435424541838,0.725,-1.26,0.004,-0.0006163801202693886,0.002512026489429939,0.004757333321253832,-0.00584068997656173,-0.0006143850683266727,-0.002773413348924608,0.1493646742892957,0.3348226208529703,8.0,5.075528098681377e-06,nornal,nornal_1764856182.csv,2125
0.9755320000000001,0.002225438383779692,0.9802,0.9707,0.9754499999999999,0.264084,0.003509094470087694,0.2727,0.2578,0.2642,-0.145654,0.004229383406597231,-0.1338,-0.1602,-0.1459,0.33475999999999995,0.7593718077463766,1.412,-1.137,0.58,3.10644,0.40326141198979104,3.893,2.389,3.107,-0.23455999999999996,0.4605389520985168,0.45,-1.351,-0.0995,-0.001580268889448826,0.0024137399178363436,0.004675778132823494,-0.007147646702597044,-0.001543597794607665,0.0019399894992118275,0.14412465623490314,0.3686292197564667,5.0,4.264914711661704e-06,nornal,nornal_1764856182.csv,2150
0.9759,0.0020569880894161625,0.9819,0.9717,0.9758,0.26353600000000005,0.0026384662211216656,0.27,0.2578,0.26405,-0.14461400000000002,0.004130666290079605,-0.1372,-0.1602,-0.14475,-0.35546,0.478308068508153,0.885,-1.137,-0.4275,3.1798599999999997,0.3658653309620904,3.893,2.58,3.1944999999999997,-0.20208,0.41730894263123575,0.504,-1.351,-0.122,0.0008019061812866823,0.002314693120733433,0.006147561553742742,-0.004984726619617907,0.0007771544861394641,0.007464506740122083,0.16390503941432868,0.5578691989917228,15.0,6.150643579550054e-06,nornal,nornal_1764856182.csv,2175
0.9762079999999999,0.0022355169424542456,0.9819,0.9712,0.9758,0.26486599999999993,0.003472498236140658,0.2717,0.2571,0.2644,-0.14364200000000002,0.0044369399364877615,-0.1338,-0.1528,-0.1436,-0.3433599999999999,0.4011909650029522,0.725,-0.916,-0.40449999999999997,3.151,0.3028034345908249,3.863,2.58,3.126,-0.22754000000000002,0.386495909939549,0.504,-1.275,-0.187,0.0008713254300991613,0.0023310687736505216,0.0068605038516720285,-0.004242767310139284,0.0005368558256036993,0.005090684849124234,0.1676291737683928,0.5578691989917228,6.0,4.108929944194128e-06,nornal,nornal_1764856182.csv,2200
0.976356,0.0020192236131741353,0.981,0.9712,0.9762,0.26567,0.004071817775883396,0.2725,0.2561,0.2661,-0.143724,0.004318034738165038,-0.1328,-0.1528,-0.14379999999999998,0.16549999999999998,0.6636789962022303,1.763,-0.885,0.1605,3.07238,0.4650364669571624,4.023,2.0,3.084,-0.21403999999999995,0.6752086480488828,1.206,-1.275,-0.29000000000000004,-0.0001511638928084702,0.0020943333720940343,0.004839744580075633,-0.005680057204698885,-0.00033490429450178105,-8.526640998433101e-05,0.1479242870633183,0.27051432859909186,19.0,6.498359951943678e-06,nornal,nornal_1764856182.csv,2225
0.9756999999999999,0.001946175737183043,0.9797,0.9724,0.9756,0.26529400000000003,0.0036512688205608767,0.2725,0.2561,0.266,-0.144702,0.00406253566138194,-0.1328,-0.1567,-0.14515,0.30844,0.6147333457687162,1.763,-0.763,0.183,3.2086799999999993,0.5666155112596195,4.145,2.0,3.305,-0.38974000000000003,0.7878144911081542,1.206,-1.58,-0.45399999999999996,-0.0009506781582851475,0.0022869558435697273,0.0042777767175326,-0.006977950629473595,-0.0010373096644322732,-0.0038117970541934445,0.15770047079549127,0.3324439091664244,17.0,4.927438564638629e-06,nornal,nornal_1764856182.csv,2250
0.9749500000000001,0.001933726971420721,0.9788,0.97,0.9746,0.266938,0.004160956140119717,0.2771,0.2593,0.2667,-0.143534,0.00485636118920329,-0.1313,-0.1567,-0.14345000000000002,-0.1721,0.507574240875165,1.328,-0.924,-0.248,3.35788,0.3505438996759179,4.145,2.672,3.3625,-0.4634,0.4808455469274931,0.336,-1.58,-0.3325,0.0008037383260764131,0.001950853064899221,0.004770925487932898,-0.004076401238701566,0.000630509943755353,0.0007215326211812989,0.1458474207817172,0.3324439091664244,18.0,3.995827194164246e-06,nornal,nornal_1764856182.csv,2275
0.975084,0.00207522143396794,0.979,0.97,0.97475,0.26845800000000003,0.0034228695563810175,0.2771,0.2605,0.2682,-0.142204,0.003986876471625374,-0.1313,-0.1519,-0.14235,-0.15488,0.5605904615670874,1.038,-1.275,-0.107,3.24338,0.23882528258122088,3.656,2.672,3.2675,-0.13262000000000002,0.19768134863967313,0.336,-0.542,-0.164,-5.85154438827118e-06,0.0018891903664210567,0.0038947185676942997,-0.004581032858508749,-0.00012463942341556233,-0.002358896621554364,0.14027884474533822,0.3334591665419606,12.0,3.4468885625915795e-06,nornal,nornal_1764856182.csv,2300
0.97587,0.0025523518566216525,0.9814,0.9717,0.97595,0.267474,0.002753166177331107,0.2734,0.262,0.2673,-0.14233200000000001,0.00323050708093946,-0.1348,-0.1492,-0.1422,0.11342,0.5425939951750296,1.038,-1.275,0.0995,3.1095200000000007,0.31995819976990747,3.84,2.42,3.1565,-0.10284000000000003,0.2777567540132913,0.595,-0.649,-0.122,-0.00010062975942119134,0.0024321067092984193,0.006639722206561727,-0.004673405261878649,-0.00014039845103130943,-0.0004505326970899788,0.15537282734018693,0.3334591665419606,6.0,4.710713587746029e-06,nornal,nornal_1764856182.csv,2325
0.976092,0.0027025795085436457,0.9814,0.9717,0.9758,0.265982,0.002897149633691704,0.2734,0.26,0.2665,-0.14346000000000003,0.0037048076873165752,-0.1348,-0.1543,-0.1432,0.06624000000000001,0.37388166898097586,0.824,-0.695,0.056999999999999995,2.9628400000000004,0.306874004112437,3.84,2.42,2.985,-0.13884,0.2847832410799484,0.595,-0.649,-0.14500000000000002,0.0013500192904102625,0.0028125727934501374,0.008467592833125703,-0.003844619143757999,0.0010178719874591735,0.003625637544112132,0.15974014376775614,0.30350412813680006,8.0,6.923523584444476e-06,nornal,nornal_1764856182.csv,2350
0.9757400000000002,0.0023208619088605784,0.9805,0.9712,0.9752,0.26497600000000004,0.0024278846760091353,0.2688,0.26,0.2654,-0.145678,0.004158186623998495,-0.1377,-0.158,-0.1449,0.061099999999999995,0.24664754205140582,0.802,-0.443,0.0495,3.05504,0.2654084369420083,3.618,2.588,3.0995,-0.13378,0.2603013860892792,0.458,-0.618,-0.092,0.0015002612343918288,0.0023701944984166573,0.006428892720353074,-0.0028202703605448853,0.0014652826810167552,0.006533276190649439,0.15609210319183853,0.30350412813680006,5.0,5.5027566128675055e-06,nornal,nornal_1764856182.csv,2375
0.9760979999999999,0.002401706893024197,0.9812,0.9697,0.9761,0.2648,0.0030486718419665978,0.2717,0.2583,0.26475000000000004,-0.146694,0.004678179560470078,-0.1377,-0.1597,-0.14634999999999998,0.04678000000000001,0.508202412036779,0.939,-1.359,0.107,3.1776000000000004,0.25390738468977225,3.855,2.588,3.145,-0.1725,0.31752084970911754,0.458,-0.794,-0.1295,-0.0007007854962218874,0.002478717538389267,0.0059461043678934455,-0.005912797858153684,-0.000934329062207695,0.005394966828965475,0.16642509560179755,0.2889926395241327,23.0,5.4430355773521014e-06,nornal,nornal_1764856182.csv,2400
0.9753640000000001,0.003310514159462235,0.9822,0.9675,0.97585,0.266632,0.0051945140292427704,0.2783,0.2559,0.2667,-0.14563,0.006896267106195931,-0.1155,-0.1597,-0.1453,-5.32548,6.340349111019046,0.939,-17.702,-1.4085,2.38796,1.4792270408561357,3.855,-2.389,3.0,0.30369999999999997,1.139680907096368,3.779,-0.962,-0.1335,0.0003888951504367144,0.003172427486155328,0.007259874540573197,-0.007377947141784302,0.0002109353703882988,0.0008866862299079876,0.17232512509472042,0.2938618323957587,3.0,1.043844399957192e-05,nornal,nornal_1764856182.csv,2425
0.9786739999999999,0.016200442092733143,1.0225,0.9521,0.97475,0.263712,0.018388046552040266,0.2922,0.2012,0.2682,-0.10317200000000001,0.04950030319099066,0.0073,-0.156,-0.11560000000000001,-28.62002,22.070155606601418,-1.458,-74.695,-18.450000000000003,2.18446,3.758341055359399,11.847,-9.16,2.504,-0.46806,3.9401784092094108,5.534,-11.992,0.1905,0.0011285829069562058,0.014758867363126585,0.04412219837349185,-0.03562336742762784,0.0012008650923168718,0.017446739667325448,0.5328607015610016,1.7504354206721584,2.0,0.00015545357643679953,nornal,nornal_1764856182.csv,2450
0.9817159999999998,0.018962113384325064,1.0225,0.9497,0.9774,0.256076,0.030924291810807893,0.3123,0.1917,0.26295,-0.031322,0.054724076200517086,0.0859,-0.1157,-0.03955,-45.412380000000006,16.771538932238748,-16.145,-74.695,-47.542,-8.539219999999998,13.335515533026836,11.847,-27.168,-4.523,-3.00378,5.440203853864301,10.298,-11.992,-3.977,-0.004187035781674888,0.016988137313377134,0.04225622336270596,-0.04828515817326062,-0.004216029786757836,-0.04820418841899174,0.6284046449625027,1.7504354206721584,3.0,0.00028770881306246725,nornal,nornal_1764856182.csv,2475
0.9800259999999998,0.03427132218050539,1.0674,0.906,0.98035,0.27270999999999995,0.04432781632338773,0.3779,0.1917,0.2677,-0.063736,0.08066268470612667,0.0859,-0.2073,-0.060649999999999996,-55.70763999999999,22.86941840079017,-16.145,-108.0,-53.897000000000006,-24.347059999999995,19.109479501451627,7.176,-64.282,-24.313000000000002,0.49532,8.516410728564,19.069,-9.557,-3.309,0.0039491217951444415,0.037629880253552205,0.11162329191620213,-0.07024779942436421,-0.0013931760955865347,-0.056099629951244734,1.1705099884127093,3.0426935038067815,2.0,0.0014773950043824367,nornal,nornal_1764856182.csv,2500
0.9697520000000002,0.05773423677507135,1.1511,0.8494,0.9699500000000001,0.29853599999999997,0.0818954937954464,0.5803,0.2158,0.27590000000000003,-0.19201000000000001,0.08585238086389917,-0.0398,-0.3503,-0.18630000000000002,-53.856320000000004,25.123448046349054,15.107,-108.0,-48.809,-19.938200000000005,21.168518131413922,11.718,-64.282,-12.408000000000001,3.42006,7.823049447395817,19.069,-13.42,2.042,0.044241643082032524,0.06742893537451122,0.20233342425115763,-0.04834785811615738,0.0344366314637512,0.020536523186255404,2.3553457116365912,10.030611288905156,1.0,0.004205818601829627,nornal,nornal_1764856182.csv,2525
0.95341,0.05217035652552127,1.1511,0.8442,0.9501999999999999,0.29326,0.08352736078675059,0.5803,0.2131,0.26525,-0.16501999999999994,0.10683335247009709,0.0527,-0.3503,-0.1261,-23.94278,22.700421129388765,18.42,-70.252,-17.088,0.6810599999999997,14.723430414696162,22.252,-35.046,4.5535,-0.31294000000000016,6.802678979372759,16.328,-13.42,-0.9385,0.015995653324306632,0.06829140076770593,0.2194360243484641,-0.08201380528825397,0.0013041389935066205,0.033579829774995615,2.181587889791788,10.030611288905156,2.0,0.008997948765299323,nornal,nornal_1764856182.csv,2550
0.9863779999999999,0.07281798758548605,1.1587,0.8442,0.9679,0.27120599999999995,0.06901312747586505,0.4282,0.1174,0.26170000000000004,-0.072416,0.043144118301339754,0.0527,-0.1379,-0.07615,-21.3155,23.800228424324,18.42,-81.634,-12.664,-1.3464599999999998,21.758566406093944,22.252,-46.672,7.0954999999999995,6.5129600000000005,14.32778084276836,36.87,-11.244,1.141,0.04501789216658649,0.05345716465738347,0.19642064379689672,-0.039424309037297434,0.02593144792808416,0.05798338206476978,1.9057336665923814,4.752441211562786,2.0,0.0018330734396243616,nornal,nornal_1764856182.csv,2575
0.98769,0.10280911875898947,1.2795,0.7925,0.9878,0.261262,0.12539698064945584,0.7571,0.1077,0.23620000000000002,-0.17391599999999996,0.1285293684104921,0.0239,-0.4626,-0.13,-21.15068,30.444674264928505,63.298,-81.634,-14.164000000000001,-9.51238,21.470946594773135,27.901,-46.672,1.565,4.42426,18.65018004503978,36.87,-27.725,0.8089999999999999,0.03311605755691415,0.10637591992726664,0.33716156115171825,-0.15237711054504177,0.03103171217287093,0.056667901753112655,3.7087527564218843,18.02066000088849,1.0,0.013549703117005688,nornal,nornal_1764856182.csv,2600
0.9535420000000001,0.08936662708192583,1.2795,0.7925,0.9623,0.24993800000000005,0.12292912737020464,0.7571,0.1077,0.219,-0.19324000000000002,0.11538088749875346,-0.0361,-0.4626,-0.17149999999999999,21.04828,36.25852530869947,86.763,-48.183,29.340000000000003,12.658319999999998,23.394306390607095,55.122,-37.992,13.141,-8.1539,11.757541673751362,32.87,-27.725,-9.0345,0.01754645667019792,0.09854096697121911,0.3592552443925314,-0.11625371621141745,-0.007214171772443101,0.04661073881558826,3.402072068967572,18.02066000088849,2.0,0.016792943720270816,nornal,nornal_1764856182.csv,2625
0.94966,0.10923111278385843,1.2756,0.7258,0.95165,0.272596,0.09150089826881484,0.5503,0.1079,0.2506,-0.120434,0.08147242873512488,0.054,-0.3103,-0.1095,23.173160000000003,28.74187142992606,86.763,-15.191,17.107,11.033719999999999,24.69576206642751,55.122,-31.031,14.6485,-0.72978,13.978644455439875,36.649,-24.107,-6.1335,-0.0177946855424179,0.09376926393749721,0.29333565526031435,-0.12382380181853392,-0.02981574160653211,0.018660917163725668,3.275097849197253,12.81092817413243,1.0,0.015686020791003497,nornal,nornal_1764856182.csv,2650
0.9650660000000001,0.16576213875309403,1.4524,0.7258,0.9440999999999999,0.3193500000000001,0.11692378928173686,0.6624,0.114,0.28280000000000005,-0.131554,0.10114569928573335,0.054,-0.3843,-0.10205,-10.99048,11.519977255602548,16.176,-30.664,-9.561,-4.3021199999999995,16.100414381797755,33.573,-31.511,-4.74,1.33776,14.5558424085451,36.649,-33.496,-0.1755,-0.08596526912903019,0.1692762702426805,0.4786152128144112,-0.30093921356316866,-0.09074735493944047,-0.28392860140779475,5.599392741420563,25.03576440491039,2.0,0.04090832618821462,nornal,nornal_1764856182.csv,2675
0.9856039999999999,0.14547353705743185,1.4524,0.7488,0.9569,0.296016,0.10306248465857981,0.6624,0.114,0.2633,-0.102326,0.08382799248461101,0.0447,-0.3843,-0.0847,-28.48502,12.998910190458275,-3.939,-56.061,-28.240499999999997,-4.3093200000000005,13.486202453530051,16.168,-39.023,-1.0035,1.3432400000000002,14.011805640330586,32.046,-33.496,-0.6645,0.0007475725743290362,0.14510739238564996,0.48423251581086624,-0.23810822952174082,-0.026729686142314746,-0.2040158188852658,5.250802686383708,25.03576440491039,1.0,0.005468746938723883,nornal,nornal_1764856182.csv,2700
0.987474,0.07537919821807607,1.1807,0.8076,0.9685999999999999,0.250366,0.03745985910277827,0.3262,0.1431,0.2501,-0.10181400000000002,0.06403862899844125,0.0447,-0.3169,-0.10695,-66.36094,30.988893195085236,-22.359,-120.176,-61.7595,-18.92386,15.53037424147918,3.412,-39.023,-25.0535,9.647179999999999,10.231866274908013,32.046,-3.267,8.3935,0.008428541725696658,0.07495691908974846,0.19658454209416454,-0.16048462802973862,-0.006545354354344557,-0.03576755791873199,2.2595314470896413,5.860930758262084,4.0,0.010548224441284493,nornal,nornal_1764856182.csv,2725
0.9895539999999999,0.0559066014348932,1.1826,0.9009,0.97805,0.269608,0.058246204477201774,0.3567,0.1113,0.28490000000000004,-0.06631,0.09360793823175469,0.1013,-0.3169,-0.064,-98.26261999999998,22.94800515852304,-39.458,-152.489,-99.767,-28.2225,5.791821507090838,-10.504,-36.366,-28.305500000000002,6.2891200000000005,7.362530175530692,23.328,-8.557,3.2865,0.031531013787662966,0.06383051365986195,0.22859982968834935,-0.08596667660360835,0.01735543766827019,0.047388683503498924,2.395321996133266,8.19805045550917,6.0,0.0048547060757670206,nornal,nornal_1764856182.csv,2750
0.978542,0.05876309076282494,1.1826,0.854,0.97805,0.30627000000000004,0.05621387817968086,0.3872,0.1113,0.32165,-0.04999600000000001,0.08587591271130689,0.1013,-0.2122,-0.033299999999999996,-72.91436,35.84696716474631,-24.046,-152.489,-57.144999999999996,-27.056659999999997,6.648365734855447,-10.504,-42.931,-26.939,3.4329599999999996,6.863037735463793,21.244,-8.725,2.683,0.050321887022160394,0.06324075682917647,0.30333466089580896,-0.0773666022853019,0.04919421599490165,0.0588855834907649,2.1840845015391066,8.19805045550917,4.0,0.0011762540212348473,nornal,nornal_1764856182.csv,2775
0.9651079999999999,0.07066863473989009,1.2722,0.854,0.9554,0.30241399999999996,0.06510269429140395,0.4622,0.2043,0.3018,-0.16718600000000003,0.08897713416378389,0.0181,-0.3025,-0.1963,-36.365680000000005,14.784671454503139,4.443,-60.084,-38.835499999999996,-17.28776,15.135516163725635,9.656,-42.931,-20.588,2.8416999999999994,7.757623861080145,21.244,-10.359,3.2975,0.014124778180599713,0.06857032383318164,0.3297450508568338,-0.09070180708858322,0.0026038299917368057,-0.004601171197727174,2.5822208322835736,11.62237644868318,4.0,0.002335601010288941,nornal,nornal_1764856182.csv,2800
0.9539819999999999,0.06052836918338376,1.2722,0.8533,0.9508000000000001,0.302178,0.06931677802667979,0.4622,0.1926,0.2891,-0.184372,0.06788169426288651,-0.0085,-0.3025,-0.19315,-12.32564,20.979964186585256,18.221,-49.626,-9.6945,1.9584399999999997,13.580459303219461,22.748,-27.511,5.981,0.21095999999999993,5.6034370165461835,13.878,-10.359,-0.084,0.015612126402309929,0.06092713473495555,0.33718633773317874,-0.07839968573790923,0.006863434643052058,0.046590367992173344,2.492184245296013,11.62237644868318,2.0,0.007922384718542067,nornal,nornal_1764856182.csv,2825
0.9591019999999999,0.06778986204440897,1.2346,0.8418,0.95215,0.31093600000000005,0.07062230174668623,0.4194,0.1472,0.32130000000000003,-0.136992,0.05442841845947758,-0.0078,-0.2166,-0.1503,8.09914,12.528581756942803,34.588,-20.275,7.084,4.069260000000001,13.899152386832801,27.672,-21.916,6.6065000000000005,6.02942,11.1558735311763,34.344,-7.397,2.313,-0.004847213894031408,0.06760662462374653,0.2648413649715411,-0.13449884597292328,-0.014747816321485918,-0.06656881012645796,2.4225189184889278,8.625852245125454,5.0,0.005937920548828398,nornal,nornal_1764856182.csv,2850
0.9691379999999999,0.0782780962722012,1.2346,0.8372,0.96775,0.28015000000000007,0.08053508614262482,0.4194,0.1445,0.27405,-0.20199200000000006,0.07847933700025758,-0.0078,-0.3257,-0.20124999999999998,17.59712,12.979952948512564,40.519,-4.885,14.934999999999999,3.24368,15.280834564172206,27.763,-21.916,2.511,-1.55054,16.583120027558145,34.344,-21.618,-7.042,0.013967306666479735,0.07952301405443896,0.2732589966328609,-0.12424035517859244,-0.001751831443639773,-0.05717301841785798,2.787183621177506,8.625852245125454,1.0,0.002838333054410881,nornal,nornal_1764856182.csv,2875
0.9617279999999999,0.052051682163019475,1.1345,0.8372,0.97035,0.274548,0.07411654131163974,0.4229,0.1445,0.26990000000000003,-0.20686999999999997,0.0712931897168306,-0.0637,-0.3257,-0.2146,25.232479999999995,9.647150703166194,40.519,6.786,26.221,14.30168,11.84596906030064,30.863,-12.824,16.369999999999997,-10.286080000000002,6.455344448873351,1.183,-21.618,-9.9235,0.021461089941584372,0.05910292415442368,0.20969425194085667,-0.09533227026514357,-0.0013359113359038277,0.0551064692494467,1.6850213943017358,6.897757371019164,1.0,0.004727612574117627,nornal,nornal_1764856182.csv,2900
0.96884,0.08380621456670144,1.2942,0.8,0.9685999999999999,0.285578,0.0729239995886128,0.4229,0.1235,0.2911,-0.158422,0.0630047753428262,-0.0198,-0.2827,-0.15625,11.652920000000002,18.99339652283393,39.962,-24.305,18.725,7.138539999999999,21.836081615720346,38.031,-41.84,14.9235,1.7036000000000002,9.807282331002813,24.321,-13.702,-0.2445,0.01706850063072084,0.07531647971062883,0.3107597848995405,-0.13081592640286865,0.0094281409539142,-0.043376766775399395,2.3187310746155876,7.175594854440814,4.0,0.005946316635223906,nornal,nornal_1764856182.csv,2925
0.964726,0.12955208807271307,1.3682,0.7532,0.9353,0.283366,0.10625905817387994,0.5505,0.0955,0.2911,-0.19367399999999996,0.0925961096590996,-0.0198,-0.3999,-0.19285,-4.101840000000001,12.961756404685286,25.183,-24.305,-4.9045000000000005,-1.2811200000000003,20.49227080988342,38.031,-41.84,3.901,1.1768200000000002,12.590444303026006,24.321,-27.649,2.9965,0.0112869951654935,0.1284838341064444,0.4859101474635157,-0.17895907772230524,-0.021895442050701597,-0.027181986087842346,4.800542982147243,17.335301854971252,2.0,0.01338845523936489,nornal,nornal_1764856182.csv,2950
0.952494,0.10108760242482755,1.3682,0.7532,0.9464,0.28111600000000003,0.09409748638513146,0.5505,0.0955,0.27575,-0.19067,0.08165643207978168,-0.0215,-0.3999,-0.1736,5.994219999999999,14.460705243230706,31.931,-21.763,9.523,10.070979999999999,13.118410355664286,24.443,-36.71,12.019,-4.221280000000001,8.883726279079067,12.168,-27.649,-3.1795,0.04453146910026487,0.10725837569883469,0.5388259241681065,-0.13153125324063686,0.02642096097363289,0.07173560495503203,4.267085029597613,17.335301854971252,6.0,0.007007671405806711,nornal,nornal_1764856182.csv,2975
0.970564,0.059323114415883456,1.1206,0.8318,0.96085,0.285966,0.05235023824205578,0.3921,0.1863,0.28490000000000004,-0.16468,0.040959125967237144,-0.0793,-0.2466,-0.16820000000000002,2.6637200000000005,18.216131644276178,31.931,-36.275,9.2635,4.7288,15.968671720590914,24.443,-27.321,10.6105,2.4043000000000005,7.893521298508037,20.42,-10.412,0.939,0.0035283931224018737,0.05349799109616626,0.13052182480162,-0.11983220217560697,-0.01024389043599172,-0.024340790415038133,1.6403841734177231,4.522890063179153,3.0,0.003923116301848474,nornal,nornal_1764856182.csv,3000
0.9702660000000001,0.09096453728789038,1.2817,0.7937,0.94815,0.289904,0.07127502216064194,0.4753,0.1758,0.2621,-0.21748,0.06900807199161559,-0.1003,-0.3599,-0.21644999999999998,-6.71536,16.770430543978293,36.542,-36.275,-9.3205,-2.9067599999999993,12.404682068573948,22.763,-27.321,-2.4924999999999997,2.5164600000000004,8.153915710160366,20.42,-11.885,1.4385,0.007164212942414803,0.08795694838327883,0.29328913146761804,-0.14319721754521542,-0.013673063118118889,-0.12243852082038253,3.005327406671227,10.581252915907225,1.0,0.0030766831991979127,nornal,nornal_1764856182.csv,3025
0.9543780000000001,0.07339875282319176,1.2817,0.7937,0.94485,0.28183,0.07299405797734498,0.4753,0.1758,0.25175000000000003,-0.21193600000000007,0.07195596086496239,-0.0479,-0.3599,-0.20595000000000002,7.976520000000001,17.004798906473432,36.542,-21.679,11.817,8.403979999999999,11.161518933353113,29.122,-14.817,9.244499999999999,-2.920219999999999,8.146981522723616,10.641,-30.435,-0.3665,0.011284426041342032,0.07713859504783777,0.3219615907531934,-0.12080923627941509,-0.002547951521285563,0.054002961755290624,2.805127954899975,10.581252915907225,5.0,0.010532442298919704,nornal,nornal_1764856182.csv,3050
0.9798800000000001,0.07104039977364993,1.1694,0.8413,0.9652000000000001,0.270972,0.0657437420291848,0.3962,0.1296,0.2559,-0.146462,0.03805145931498554,-0.0479,-0.2231,-0.15075,2.6450400000000003,26.39626196033067,35.115,-49.725,12.4465,6.462020000000001,18.399098482795292,29.122,-28.45,13.1985,0.6000399999999999,8.60985282791756,10.641,-30.435,2.2560000000000002,0.02178007151404183,0.06660395290445752,0.19031006443669662,-0.13508709772864913,0.00802089775571635,-0.03624009805718537,2.0695263278823797,5.032620795564152,5.0,0.0035762181270030014,nornal,nornal_1764856182.csv,3075
0.987792,0.07560973969006902,1.1694,0.8413,0.97425,0.24381799999999998,0.04897714850825842,0.3391,0.1296,0.2394,-0.18347799999999995,0.060599238576074535,-0.0837,-0.2908,-0.173,-32.89126,29.013047776343665,32.229,-73.534,-40.2405,-9.066580000000002,17.034290685661084,28.076,-28.695,-15.4085,5.819459999999999,4.672917089827295,20.107,-1.58,5.2905,0.010102198151426954,0.07437533243418187,0.17260158493269473,-0.14629872804915856,-0.0007706885598506297,0.142881468847589,2.1247387743150457,5.032620795564152,5.0,0.006186420614527003,nornal,nornal_1764856182.csv,3100
0.9603820000000001,0.046105395302502294,1.1069,0.863,0.95985,0.272084,0.04755323904846019,0.3521,0.1875,0.27295,-0.151716,0.09111461652226825,-0.0129,-0.2908,-0.14945,-70.73795999999999,21.03575828817207,-36.359,-103.206,-71.164,-15.44582,5.072878830368413,-5.863,-28.695,-15.217500000000001,5.2867999999999995,5.932741777626934,20.107,-7.504,4.145,0.029620905618971016,0.046871161569661375,0.1682129794988385,-0.06224476078522223,0.020897815667182407,0.10299034662109322,1.5077320416698672,5.032594147775315,1.0,0.004065126925904764,nornal,nornal_1764856182.csv,3125
0.9705659999999999,0.04667929566735128,1.0955,0.8774,0.96885,0.304642,0.040710387323139044,0.3582,0.1687,0.30884999999999996,-0.07463600000000001,0.056383142019578864,0.0076,-0.2227,-0.0574,-72.96086,19.613303836947,-34.954,-103.206,-74.748,-16.62614,5.156952018431042,-5.466,-29.496,-16.599,6.7902999999999984,7.517626155243422,28.641,-7.504,6.5305,-0.03622895484910747,0.05481791721459937,0.08012229275147531,-0.167253325960094,-0.035124320523703845,-0.032742805328356,1.3932469953621305,3.5172581912951086,1.0,0.0005743852322394398,nornal,nornal_1764856182.csv,3150
0.968796,0.04370343217643209,1.0955,0.8774,0.96655,0.283426,0.05000198320066916,0.3657,0.1687,0.281,-0.15624400000000002,0.0983605655941445,0.0076,-0.3098,-0.17015,-32.7206,27.797964969400187,7.71,-81.45,-36.8895,-14.960439999999998,8.126895291954979,3.389,-29.496,-15.855,5.968399999999999,7.081014526181965,28.641,-3.511,4.6485,-0.007151119578888845,0.0373553791780522,0.08274459799679956,-0.09657845722763492,-0.011747728264850044,-0.016215016724767276,1.211394719183928,3.5172581912951086,4.0,0.0024635509724305776,nornal,nornal_1764856182.csv,3175
0.95794,0.026572203521725474,1.0408,0.9163,0.9534,0.25697800000000004,0.0404372021287329,0.3657,0.1833,0.25234999999999996,-0.246146,0.047908104575322116,-0.1582,-0.324,-0.25939999999999996,-8.76064,14.456593916631952,13.0,-36.969,-4.2330000000000005,-2.0738000000000003,12.025103668576001,19.466,-27.481,2.0535,0.8920800000000001,3.3925065767953937,7.969,-6.351,0.3435,-0.0048694418724692465,0.03220980644406441,0.0986287568090436,-0.0716798336172928,-0.004345720424553057,-0.024770036188114464,1.109043188167921,2.7197310842158484,3.0,0.000987572189518709,nornal,nornal_1764856182.csv,3200
0.9652160000000001,0.022091811695739205,1.0408,0.9163,0.9672499999999999,0.26659999999999995,0.03651405208957231,0.3459,0.1833,0.26839999999999997,-0.20157200000000003,0.06591985752411787,-0.095,-0.324,-0.19495,-15.9913,12.875006384852785,13.0,-36.267,-21.7215,5.844740000000001,4.793966052487231,19.466,-6.489,5.454,-2.05064,3.491263231324731,4.122,-7.588,-1.5075,-0.0016777932290621656,0.024474470862729664,0.09558214697426748,-0.041548612196702694,-0.006044759244552722,-0.012859209147273617,0.8657743528950858,2.7197310842158484,1.0,0.00019115133537113275,nornal,nornal_1764856182.csv,3225
0.9726980000000001,0.015287910125324513,1.0081,0.9441,0.97165,0.28833,0.03066317824361983,0.363,0.2268,0.2821,-0.11374200000000002,0.03939362430647884,-0.0469,-0.1992,-0.10314999999999999,-18.77084,12.152505260002975,9.718,-36.267,-23.072499999999998,1.0894799999999998,4.6491098298061315,7.198,-9.557,1.8245,-1.1951399999999999,4.51723103686318,5.588,-8.023,-0.2635,0.0057073475218716195,0.010102221720441344,0.02416699812532186,-0.02233412844101912,0.005615301249537019,0.021571321904975512,0.6171250063259593,1.47941452019969,16.0,0.0001413399086575002,nornal,nornal_1764856182.csv,3250
0.970098,0.01619438779330666,1.0081,0.9475,0.9646,0.2944,0.027273606288864702,0.363,0.2268,0.29774999999999996,-0.11954400000000001,0.04620802596952179,-0.0469,-0.196,-0.09655,-1.96992,17.486932190455818,27.191,-34.641,2.0115,0.23484000000000002,3.751553557447901,7.824,-9.557,1.0915,1.33632,3.214258517543354,5.588,-8.023,2.29,0.011099394411076904,0.012899492723137927,0.04226368770970357,-0.008261847545212309,0.006784514977654865,0.02263003756449756,0.6131675692334608,1.47941452019969,1.0,0.00014632674806376166,nornal,nornal_1764856182.csv,3275
0.9626500000000001,0.010156638223349298,0.9998,0.9475,0.95975,0.297522,0.014496803647701102,0.3364,0.2705,0.297,-0.15857200000000002,0.02704836438677947,-0.0815,-0.196,-0.1677,1.7671799999999995,10.913533625164675,27.191,-14.0,-3.8125,3.41126,3.438096396612521,9.794,-3.0,2.3015,0.42962000000000006,2.961682608855986,6.0,-5.748,1.263,0.0053994251410505265,0.009294886059035886,0.04199108784859651,-0.008420838815484721,0.0031054818363476233,0.0018301072932889366,0.3758947455374731,1.2738823436699742,1.0,3.118145748910491e-05,nornal,nornal_1764856182.csv,3300
0.9668000000000001,0.009053132054709019,0.9998,0.9541,0.9652000000000001,0.29484,0.013917614738165445,0.3279,0.2705,0.29235,-0.14798999999999998,0.019663094873391625,-0.1152,-0.1836,-0.14395000000000002,-5.452959999999998,4.02509917373473,1.389,-14.061,-5.6754999999999995,3.2613,3.3452265827593797,9.794,-1.183,2.458,-0.06961999999999997,2.770949157887961,6.0,-5.748,0.565,-0.0006782751632729056,0.009607444025512302,0.03715644219014003,-0.013463779444671475,-0.0032677099819928834,-0.007096661573484743,0.3559691161114615,1.2738823436699742,3.0,0.00013913717267208923,nornal,nornal_1764856182.csv,3325
0.9689860000000001,0.004518672814001906,0.9766,0.9597,0.9680500000000001,0.29112200000000005,0.011938849023251786,0.3176,0.2754,0.28835,-0.13706200000000002,0.008741484770907058,-0.1152,-0.1545,-0.1376,-1.4043000000000003,4.426176251574264,3.977,-14.061,-0.137,2.9833599999999993,1.6305242685713082,5.595,-1.168,3.233,0.005660000000000011,1.4774907324244033,2.87,-2.771,-0.0725,0.00320327543061786,0.0046408218064845795,0.017074642026138953,-0.004861757860002314,0.0018680319555177682,0.007617794233588773,0.21464605449999755,0.5493618848129378,2.0,2.1134168705766386e-05,nornal,nornal_1764856182.csv,3350
0.970812,0.0031797257743396575,0.9763,0.9658,0.9701,0.285698,0.005988538719921582,0.2983,0.2754,0.28454999999999997,-0.139142,0.00540844118022929,-0.1279,-0.1545,-0.1387,0.718,1.274312347895915,3.977,-1.176,0.3665,3.1737400000000004,1.1210425827773,5.595,1.244,3.2405,-0.16176000000000001,0.9613628359781753,1.702,-2.084,-0.3665,0.00045853912295969136,0.00303194557461482,0.00813909764747689,-0.004425279359699497,-0.00011498880549576374,-0.004047974338749811,0.1656036150672035,0.3593841754316429,2.0,7.1771702364891045e-06,nornal,nornal_1764856182.csv,3375
0.9708820000000001,0.0026820656218668457,0.9761,0.9651,0.9713,0.28549199999999997,0.0030891966593274696,0.2935,0.2808,0.2859,-0.14015199999999997,0.004793839379870795,-0.1296,-0.1516,-0.1401,0.10410000000000003,0.4309237171472463,0.885,-0.939,0.168,2.7758600000000007,0.8049852671943754,4.427,1.244,2.9044999999999996,-0.019299999999999998,0.8272677015331857,1.702,-1.573,-0.0034999999999999996,-0.0002358383499001171,0.002793534485554958,0.005760333951140284,-0.007359300423203541,6.827776626372462e-05,0.0006955909585752622,0.17475250559381622,0.32875801337397537,2.0,1.0637562557122776e-05,nornal,nornal_1764856182.csv,3400
0.97067,0.0026603947075575065,0.9761,0.9651,0.9701,0.28594600000000003,0.0028644866904909867,0.2935,0.281,0.28564999999999996,-0.140826,0.00483891764757368,-0.1296,-0.1504,-0.1416,-0.05302000000000001,0.4464243044458937,0.885,-0.939,-0.053500000000000006,3.2999400000000003,0.7321095658438018,4.481,1.863,3.08,-0.41145999999999994,0.6215074644764936,0.397,-1.649,-0.13,0.0029741479686918025,0.0031901552723157356,0.011810062820726719,-0.002054037097435346,0.002542226023119154,0.005320808528527391,0.16783051444339464,0.32875801337397537,1.0,8.11930187984577e-06,nornal,nornal_1764856182.csv,3425
0.9703440000000001,0.002602549519221481,0.9756,0.9634,0.97,0.285582,0.0023968888167789563,0.2913,0.281,0.2854,-0.14113,0.003921186045063406,-0.1323,-0.1504,-0.14100000000000001,0.025600000000000008,0.524061675759638,1.221,-0.863,-0.053500000000000006,3.3451000000000004,0.5595586921851898,4.481,2.504,3.252,-0.33769999999999994,0.5020019223070764,0.29,-1.649,-0.244,0.00028955722015568954,0.0026340469142896302,0.00623408867954911,-0.006772708367518643,0.0001432118201489807,2.037731004931275e-05,0.1679500562085379,0.45485254424282306,10.0,5.323955103902905e-06,nornal,nornal_1764856182.csv,3450
0.970208,0.0024163476571056534,0.9756,0.9634,0.97035,0.285164,0.0024736822754751696,0.2913,0.2808,0.2849,-0.13985,0.004428329256051318,-0.1279,-0.1519,-0.1394,0.19144000000000003,0.4706590766149103,1.221,-0.771,0.172,3.2086999999999994,0.2797406119961848,3.725,2.504,3.2634999999999996,-0.31476,0.24972821706807583,0.29,-0.756,-0.3585,-0.001103748866505212,0.002412587188754403,0.003998494754228643,-0.007878101064818122,-0.0011443782660303103,-0.0054374862519042475,0.1658471776364843,0.45485254424282306,13.0,6.514534278033947e-06,nornal,nornal_1764856182.csv,3475
0.97005,0.0022300896842952253,0.9741,0.9653,0.9701,0.28564799999999996,0.0025723327933998025,0.2913,0.2808,0.2855,-0.13834200000000002,0.004484466077472325,-0.1279,-0.1519,-0.1382,0.02213999999999999,0.38834196322313663,0.916,-0.687,-0.0495,3.1410600000000004,0.2393593457544535,3.687,2.687,3.0915,-0.25352,0.2735179877083041,0.267,-0.756,-0.286,-0.0005981608798834958,0.0023794487252200933,0.004305511367615811,-0.005043532028420561,-0.0005683249277490532,-0.002625313291178351,0.16501701236218114,0.422495436486503,18.0,6.490755172217196e-06,nornal,nornal_1764856182.csv,3500
0.970128,0.002386548972889502,0.9751,0.9653,0.97,0.286604,0.002216028880678233,0.2913,0.2815,0.2865,-0.137892,0.003982754825494536,-0.1282,-0.1472,-0.1375,-0.11571999999999999,0.33166905432976407,0.817,-0.687,-0.1755,2.9199599999999997,0.23368268742035642,3.405,2.282,2.9314999999999998,-0.021439999999999997,0.3044526997745298,0.565,-0.58,-0.0115,-0.000362559120647763,0.002556325487754846,0.0047593357952366855,-0.005742043808092623,-0.00021582759821003883,-0.0016877878434638132,0.1924985133032029,0.422495436486503,18.0,4.704234203017104e-06,nornal,nornal_1764856182.csv,3525
0.970574,0.002183557647510127,0.9751,0.9653,0.97045,0.2844,0.0033667788760178502,0.291,0.2729,0.28454999999999997,-0.141376,0.004918071166626201,-0.1282,-0.1501,-0.1418,0.13449999999999998,0.37206731917759184,0.977,-0.557,0.099,3.069,0.5270593135501924,4.588,2.282,2.912,-0.06251999999999999,0.4584669776548797,0.588,-1.282,0.0305,3.4896095510501546e-05,0.0023203496502652386,0.005036932399172134,-0.004342485111757055,-0.00017052654531268807,0.0034084916953368094,0.17823575559214055,0.4183539997961505,8.0,4.729278361603124e-06,nornal,nornal_1764856182.csv,3550
0.971304,0.0022235970858048852,0.9766,0.9668,0.9712,0.281262,0.0027250607332681555,0.2888,0.2729,0.2817,-0.14337400000000003,0.0035452960384148454,-0.1343,-0.1501,-0.1432,0.20176000000000002,0.39127660599632075,0.977,-0.794,0.225,3.3449,0.5779848873456813,4.588,2.321,3.267,-0.18778000000000003,0.5291057092869061,0.733,-1.282,-0.164,0.0001886582665644987,0.0020991874723104635,0.004154183789412791,-0.003895101950166735,0.00035190963761111416,-0.004131764422830892,0.13927442738268705,0.3311965571681452,3.0,4.765768271035542e-06,nornal,nornal_1764856182.csv,3575
0.971716,0.0023494135438445057,0.9766,0.967,0.9718,0.282082,0.0031539619528459747,0.2881,0.2761,0.2817,-0.14014200000000002,0.004737429260685589,-0.1299,-0.1499,-0.1404,0.05091999999999999,0.475908261747997,0.908,-0.794,0.11800000000000001,3.35374,0.613930999705993,4.626,2.221,3.2365,-0.20112000000000002,0.5646032461826623,0.802,-1.229,-0.23299999999999998,-0.0014526405847630208,0.0025591900941685387,0.004385483214677466,-0.006916987255646712,-0.0011748411425391847,-0.00636785842657912,0.16976026719453075,0.41538045931935885,1.0,7.190578474692487e-06,nornal,nornal_1764856182.csv,3600
0.9719980000000001,0.002072437212559169,0.9761,0.967,0.9722,0.28318200000000004,0.002895699570052117,0.2886,0.2776,0.2822,-0.13812400000000002,0.004399934544967687,-0.1289,-0.1472,-0.13805,-0.0483,0.4844725895239069,0.908,-0.771,-0.0915,3.1830000000000003,0.5855422102632738,4.626,2.221,3.1795,-0.2667,0.5538595580108734,0.802,-1.229,-0.3285,-0.0013823569287502657,0.002262120738390814,0.002752566002886425,-0.007931163906117256,-0.0011871324791906668,-0.003510228476145252,0.14978319171157028,0.26798681226704035,1.0,6.35851842569685e-06,nornal,nornal_1764856182.csv,3625
0.9717180000000001,0.0019904461811362725,0.9761,0.9673,0.97205,0.28316199999999997,0.0024869973864079537,0.2886,0.2776,0.2833,-0.13757,0.0038431887801668044,-0.1284,-0.145,-0.1376,-0.11530000000000001,0.39368892542209005,1.252,-0.771,-0.14100000000000001,3.08796,0.41493883693865047,3.908,2.229,3.187,-0.19052000000000002,0.602132883672699,0.985,-1.321,-0.3095,0.0011745889576781244,0.0020605497240819694,0.005346693403989855,-0.003850114836968732,0.0011426419895221862,0.001377098068468677,0.12987392788560073,0.2469285633146856,1.0,3.898656206794082e-06,nornal,nornal_1764856182.csv,3650
0.971592,0.002202166206261463,0.9758,0.9673,0.9712,0.28173200000000004,0.00317700739690672,0.2876,0.2749,0.2825,-0.139432,0.00422186878052836,-0.1284,-0.1472,-0.1392,0.26834,0.5526650562501668,1.489,-0.42,0.084,2.91714,0.4054619099249645,3.908,2.389,2.939,0.05691999999999999,0.5155638016773482,0.985,-1.321,0.0455,-0.0009670925286886556,0.00218488753350928,0.0031912571246339727,-0.00622953769812451,-0.0013183605006477084,-0.0030587466090145226,0.1383420184344531,0.28408406452558044,7.0,5.049068881023905e-06,nornal,nornal_1764856182.csv,3675
0.9717439999999999,0.0025787718006834294,0.9763,0.9641,0.9724,0.279996,0.004256334573315406,0.2922,0.2668,0.27954999999999997,-0.14224399999999998,0.0042626827233562675,-0.1326,-0.1504,-0.14235,0.7579400000000001,0.909928489717736,3.275,-0.466,0.511,3.161940000000001,0.718377627992409,5.359,2.29,3.0915,-0.13788,0.49376790661200326,0.718,-1.908,-0.0535,-0.00017296142945191217,0.0022367467196084626,0.0035796815739106425,-0.0071777270767532375,-0.00018142995659053973,0.0014577600375124643,0.12444847244085476,0.28408406452558044,4.0,3.0359694526783395e-06,nornal,nornal_1764856182.csv,3700
0.972082,0.0032563593167830853,0.9814,0.9641,0.9722999999999999,0.280842,0.00964292673414042,0.2952,0.2581,0.28065,-0.140714,0.006569048941817986,-0.1265,-0.1533,-0.14125,-0.05013999999999998,1.77446653403213,3.275,-4.26,0.2025,3.34324,1.1180854808108367,5.359,1.42,3.3205,-0.50658,1.0739732788109768,1.779,-2.626,-0.378,0.0006267955914141554,0.0029877799574261183,0.00796027169277691,-0.006793332413551623,0.0008918682271893408,-0.0018575055414070424,0.1674498446384048,0.44353316677281374,2.0,1.4441084147395924e-05,nornal,nornal_1764856182.csv,3725
0.9715459999999999,0.003443034127045495,0.9814,0.9634,0.9712,0.282816,0.009778166699335823,0.2952,0.2581,0.28500000000000003,-0.13964000000000001,0.006130383348535392,-0.1265,-0.1533,-0.13985,-0.14806,1.6854774327768378,2.672,-4.26,0.065,3.5113600000000003,1.2408391315557388,5.573,1.42,3.6755,-0.69232,1.2020161636184432,1.779,-2.626,-0.8089999999999999,0.002867218642761542,0.003837967201839007,0.012695581502536468,-0.0055094587768653724,0.002623582075689024,0.005366168838448057,0.2004313671909111,0.44353316677281374,1.0,1.1959627425214941e-05,nornal,nornal_1764856182.csv,3750
0.9706380000000001,0.0026862531526272754,0.9758,0.9634,0.9707,0.28421199999999996,0.0047501006305130005,0.2949,0.2739,0.283,-0.14168,0.004473164428008433,-0.1301,-0.1514,-0.1416,0.57732,0.813873539071028,2.672,-0.641,0.5,3.1212600000000004,1.1728345801518645,5.573,1.321,3.107,-0.27538,0.954464098643841,1.527,-2.336,-0.3625,-0.0005693003683529562,0.002689571577632324,0.005263704288803739,-0.007312678252842986,-0.0003642990866253859,0.0029235705375093273,0.18276592089223226,0.3659482011954762,1.0,7.015456244018534e-06,nornal,nornal_1764856182.csv,3775
0.9708140000000001,0.002467144908593743,0.9768,0.9661,0.9708,0.284082,0.0033639673006734196,0.2927,0.2783,0.2833,-0.143606,0.004042940019342362,-0.136,-0.1519,-0.14345000000000002,0.12075999999999999,0.5090870872453946,1.305,-0.664,0.183,2.6489800000000003,0.6363766020211616,3.527,1.321,2.9275,0.09251999999999999,0.5272462134525008,1.168,-1.183,-0.07650000000000001,-0.00041088989598260907,0.002506955216132944,0.006118062255140222,-0.0056873212120416294,-0.0004916465708731943,-0.005235172154990749,0.15830005626848737,0.24643072493929497,3.0,5.995680382073955e-06,nornal,nornal_1764856182.csv,3800
0.9706639999999999,0.0027188791808390534,0.9775,0.9648,0.9701,0.28336399999999995,0.0032934334667638287,0.2905,0.2773,0.2833,-0.144612,0.004204266404499125,-0.136,-0.1545,-0.1437,0.11937999999999999,0.5600498867065327,1.198,-0.718,0.1565,3.29414,0.876972405723236,5.244,1.557,3.08,-0.39770000000000005,0.6800933832937944,0.511,-1.992,-0.2175,0.0005783244115871122,0.0027746648582788174,0.007097489064067153,-0.00493780952953915,0.0005891056192738331,0.0012798932527051982,0.1469030264266118,0.2923139740494074,1.0,9.261503675870702e-06,nornal,nornal_1764856182.csv,3825
0.970136,0.002890658056567751,0.9775,0.9648,0.97,0.28367,0.00445844143171131,0.2935,0.2742,0.2832,-0.144104,0.004902813885923064,-0.1323,-0.1567,-0.1444,0.13426,0.8004267564243465,1.198,-1.954,0.33999999999999997,3.3655,0.9300914847476027,5.244,1.557,3.271,-0.39054,0.8155063509256074,1.191,-1.992,-0.4505,0.0016547366306496603,0.0029629682993170155,0.008267254896578091,-0.005182652057199588,0.0017041593817643808,0.004583260613580783,0.16179916948827408,0.37379163019892747,1.0,1.1336916548020251e-05,nornal,nornal_1764856182.csv,3850
0.96979,0.002925833214658696,0.9761,0.9648,0.9705,0.284692,0.0047410479854141955,0.2959,0.2742,0.28415,-0.145554,0.0060882578789009925,-0.1323,-0.1619,-0.14505,-0.45934,1.1470304548703143,1.183,-3.084,-0.07650000000000001,2.95464,0.5048822738025173,4.206,2.046,2.9770000000000003,-0.05556000000000001,0.6115453265294406,1.191,-1.061,-0.2485,-0.001020203770757635,0.0032285560973384273,0.005590286926800525,-0.008393712394750619,-0.000724182221987002,-0.002959919215522857,0.18814345524835088,0.37379163019892747,7.0,9.41554256988207e-06,nornal,nornal_1764856182.csv,3875
0.9697919999999999,0.002617467478307999,0.9758,0.9648,0.96995,0.28448,0.0038225645841502807,0.2959,0.2756,0.2844,-0.146308,0.005920129728308325,-0.1313,-0.1619,-0.146,-0.57556,0.9995027195560802,1.183,-3.084,-0.5575,2.7671599999999996,0.5373498808039321,4.069,1.802,2.6870000000000003,-0.14271999999999999,0.7566967963458019,0.985,-2.038,-0.065,0.0012065376513653093,0.002843588432450669,0.0077378240398053855,-0.005127354075403545,0.001349388088716763,0.004962193692519585,0.18007334579941156,0.32660082233471055,10.0,4.801617958279296e-06,nornal,nornal_1764856182.csv,3900
0.9675120000000001,0.008232706480860353,0.9829,0.9409,0.9691,0.28599399999999997,0.013200521353340556,0.3171,0.2493,0.28564999999999996,-0.15530999999999998,0.016081358773437023,-0.1313,-0.1992,-0.14965,-3.40746,4.889947211207908,0.481,-15.13,-1.019,1.83164,2.074516230449885,6.176,-4.038,2.279,0.21922,1.5165803808568805,4.412,-2.038,0.1605,0.0013699751245377278,0.007162097717253474,0.017426435679420704,-0.026018830780200508,0.002470204621431882,0.0006527614268889658,0.4416736306821075,1.0990608793635115,8.0,5.57842408612279e-05,nornal,nornal_1764856182.csv,3925
0.9773780000000001,0.016410938912810556,1.009,0.9409,0.97595,0.254326,0.037319339811952734,0.3171,0.1938,0.24609999999999999,-0.13357400000000003,0.03926118087882737,-0.072,-0.1992,-0.14195000000000002,-24.15674,20.25878470373778,-0.237,-59.313,-16.569,0.7025800000000001,2.110971814970536,6.176,-4.038,0.8585,0.26244,2.6566778665092237,4.893,-7.832,0.29000000000000004,-0.0005516467315387174,0.010008283067135611,0.020793108189004705,-0.026350437358918954,-0.00036341472334300295,-0.005890679260080841,0.5573927474322472,1.0990608793635115,2.0,0.00010118290348329699,nornal,nornal_1764856182.csv,3950
0.9913580000000001,0.0374521566268219,1.125,0.9089,0.9906999999999999,0.24267200000000003,0.04283915984236852,0.3354,0.1887,0.2297,-0.081002,0.052024442293983314,0.0518,-0.1709,-0.08835,-30.22052,19.863669218188267,12.863,-59.313,-33.202,-6.247700000000001,14.305859520140688,15.168,-38.893,-0.485,2.57714,6.000134775186304,13.863,-8.214,1.3664999999999998,0.002271117762252286,0.03188353640536536,0.12301961749653878,-0.06047457078123031,-0.0019569477931603574,0.008322284891547387,1.2074912765800505,3.9572244074930207,2.0,0.0006969444709649203,nornal,nornal_1764856182.csv,3975
0.973286,0.04760526865799625,1.125,0.9006,0.9675499999999999,0.252626,0.04835928374159401,0.3354,0.1819,0.25355,-0.143254,0.10065887384627348,0.0518,-0.2917,-0.14735,-26.619499999999995,17.340207895235856,12.863,-52.611,-27.836,-11.42078,16.54854452003559,15.168,-38.893,-9.6035,3.9695000000000005,7.323458462365989,16.756,-8.214,3.706,0.005721397075663461,0.041083191326245445,0.13297321455316502,-0.05817843685340973,-0.003397866349074352,0.09277558152339072,1.2754373271479864,3.9572244074930207,4.0,0.0012203938891845768,nornal,nornal_1764856182.csv,4000
0.957128,0.04087887493559478,1.0916,0.8879,0.9463,0.286044,0.06091990860137595,0.4001,0.1819,0.2865,-0.20304,0.09750329840574626,0.0117,-0.3474,-0.199,-23.535239999999995,15.707001253657554,4.298,-52.611,-25.187,-3.5499,14.278578190072007,22.206,-28.206,-0.23300000000000004,-0.57666,8.688807864396589,16.756,-17.405,-1.962,-0.009552370958040086,0.051218801017212816,0.1432264847655753,-0.08565315186864231,-0.024609228876535494,-0.03579843911505974,1.476014765526013,3.7146144626630018,2.0,0.004346644249854337,nornal,nornal_1764856182.csv,4025
0.98128,0.054759302406075246,1.1274,0.8879,0.96765,0.287372,0.06005137480524488,0.4001,0.158,0.281,-0.133044,0.10137969256216947,0.0117,-0.3474,-0.0968,-6.496839999999999,13.132110498103495,13.252,-31.023,-3.595,5.00866,11.823742726581969,26.542,-25.55,5.874,0.4705,12.290373312881917,39.084,-17.405,-4.1754999999999995,-0.0112078667547579,0.05352415360835586,0.14056246768265557,-0.11471169950482452,-0.017985853514737138,0.006360086921440615,1.741003589213903,6.881410234228902,1.0,0.0015249960943506835,nornal,nornal_1764856182.csv,4050
0.9788200000000002,0.053267870240887236,1.1274,0.8665,0.96925,0.25377,0.04446592965406211,0.3689,0.158,0.24975,-0.12000200000000001,0.05909855324794339,-0.0164,-0.2771,-0.1095,-22.915799999999994,25.797040258913423,13.252,-61.817,-22.8395,-4.5634,16.263047066278816,26.542,-31.305,-7.1795,7.212959999999998,13.671749481262447,39.084,-7.672,3.901,0.01061204619545635,0.05018641311965819,0.15630020645258913,-0.09599536710145895,0.00826842798222438,0.005511391232714051,1.7423745856652328,6.881410234228902,4.0,0.004796491084413927,nornal,nornal_1764856182.csv,4075
0.9554040000000001,0.05850237246471291,1.0996,0.8186,0.9558,0.289966,0.07289044549184756,0.5002,0.2031,0.25745,-0.20040400000000003,0.09702227364888952,-0.0244,-0.3965,-0.20029999999999998,-22.144899999999993,28.673739927850356,42.237,-61.817,-21.5915,-8.281500000000001,15.013012039227837,24.176,-32.031,-11.011,0.3177199999999998,15.090270488019755,38.038,-28.374,-1.4585,0.011483133692109015,0.06012084697377583,0.19960218121176632,-0.11697968305357065,0.007151960126931645,0.05368596161153668,2.239479017324965,8.965820016236748,2.0,0.0034246796664283378,nornal,nornal_1764856182.csv,4100
0.9778559999999998,0.07808077141012375,1.2236,0.8186,0.96645,0.27300599999999997,0.08565619279421657,0.5002,0.0583,0.26805,-0.196512,0.09411821426270263,-0.0244,-0.3965,-0.177,23.350959999999997,27.401835993932963,55.336,-22.145,31.183500000000002,16.44828,22.365567213053193,57.763,-32.031,16.397,-5.14974,10.609552808313836,16.42,-28.374,-7.63,0.03377260143339545,0.07228279581277852,0.22869971063277306,-0.10328734220050972,0.03071464116650846,0.26940075157810117,2.318820187919507,8.965820016236748,1.0,0.004322495005669603,nornal,nornal_1764856182.csv,4125
0.974452,0.09965308272201116,1.2285,0.7952,0.9641500000000001,0.249044,0.0795643290928793,0.4836,0.0583,0.2435,-0.17423,0.09561621253741438,0.0894,-0.3696,-0.15395,26.203899999999997,21.91224636430505,55.336,-14.634,22.538,12.124780000000001,26.8015859241874,57.763,-35.313,17.4655,0.027939999999999826,12.33730050442154,32.763,-20.023,-2.4619999999999997,-0.018807429236135143,0.08847612075536611,0.20065166499189035,-0.1518520603935246,-0.032354801493571284,0.08967972562965867,2.559608134243458,6.195908356592894,1.0,0.011413295364242284,nornal,nornal_1764856182.csv,4150
0.9552940000000001,0.09111842713743473,1.2285,0.7952,0.9492499999999999,0.275784,0.09018908439495325,0.5435,0.1533,0.25229999999999997,-0.19556800000000002,0.10617795334249007,0.0894,-0.3862,-0.1666,2.5498800000000004,11.919691574264832,31.198,-16.84,4.504,-0.7809800000000005,18.59814776421566,29.0,-35.313,8.992,-2.12844,12.741148863677875,32.763,-28.817,-3.458,-0.0989186831950768,0.1047225657716771,0.18114666114852773,-0.3353808808223492,-0.06897540861594892,-0.23801786982915762,3.0925176766668456,10.353567385316808,1.0,0.013383074011461996,nornal,nornal_1764856182.csv,4175
0.9869079999999998,0.10289261166867134,1.25,0.7876,0.95895,0.264468,0.08648279699454683,0.5435,0.0525,0.25975000000000004,-0.144136,0.085196731768302,0.0164,-0.3862,-0.13879999999999998,-16.1212,25.578638990376323,31.198,-78.74,-9.416,-0.23598000000000005,17.286877558992543,29.0,-28.595,8.8775,3.068199999999999,13.026191923966113,34.679,-28.817,2.122,-0.0402989197230518,0.09999023380876138,0.22766971946938042,-0.20916314070562492,-0.07848561331304937,-0.20059404391479765,3.4501618972667605,10.499812919236629,1.0,0.008323962821616012,nornal,nornal_1764856182.csv,4200
0.997494,0.10612919185596392,1.25,0.7876,0.97875,0.24196399999999996,0.06821030643531811,0.3801,0.0525,0.23865,-0.112516,0.07351485117988066,0.0779,-0.2295,-0.12855,-65.65234000000001,40.46164040797654,13.412,-139.489,-81.48849999999999,-14.117239999999999,14.29506255258787,13.382,-31.885,-19.794,7.638639999999999,10.37734311615454,34.679,-14.84,9.0,0.01675302938144309,0.10214500523863716,0.24991090389469495,-0.1849572309767189,-0.0007552096401086672,-0.0023541552507463847,3.4918692873824853,10.499812919236629,4.0,0.008205922169541689,nornal,nornal_1764856182.csv,4225
0.99319,0.06035182930119021,1.2068,0.8535,0.99415,0.23696,0.045785600356443946,0.3538,0.1472,0.23670000000000002,-0.054071999999999995,0.10667965324278103,0.1123,-0.2295,-0.05505,-87.21346000000001,19.13670440197058,-57.26,-139.489,-95.309,-25.656639999999996,8.27204191904272,-2.634,-46.733,-26.645000000000003,1.76038,7.32370294288347,16.153,-14.84,2.3625,0.03316231295146532,0.05852971334908285,0.2522861156730998,-0.09197929506706815,0.028280079311575057,0.0325745845938797,2.3450144301457656,10.043396459621556,7.0,0.003888881682522619,nornal,nornal_1764856182.csv,4250
0.9635319999999998,0.051332817729012305,1.062,0.8342,0.97265,0.270224,0.0696108226068332,0.4531,0.1472,0.2601,-0.09105,0.12572973435110726,0.1123,-0.3005,-0.1216,-59.50352000000001,25.679242636214955,-6.038,-105.321,-60.359,-26.10196,14.155011099903808,16.221,-48.74,-28.733,2.9707399999999997,7.2322617480564135,18.618,-11.824,2.2215,-0.0024150759632041163,0.04117237146329424,0.07569671294828106,-0.10393164230290486,-0.004341365588860557,-0.01769552148099457,1.1776488980465623,4.152278060071046,4.0,0.002752924701745633,nornal,nornal_1764856182.csv,4275
0.944084,0.08003343391358389,1.2468,0.752,0.9430000000000001,0.31782,0.07162607904946354,0.4736,0.1936,0.3052,-0.21505,0.09783751478855134,-0.0122,-0.4395,-0.20029999999999998,-18.20778,34.97110741471594,39.435,-85.244,-11.103,-5.971399999999999,23.05806263327429,34.206,-48.74,-3.34,0.3877600000000004,10.571989403248567,18.618,-25.641,0.237,0.03645244484326705,0.08750298157488529,0.367743321861872,-0.17676910463392836,0.01768210161100009,0.04980205607641685,2.8326889291142656,11.78188319980935,2.0,0.006727001377492228,nornal,nornal_1764856182.csv,4300
0.9830639999999999,0.09424496328186456,1.2468,0.752,0.96915,0.290836,0.07464353893003733,0.4736,0.156,0.28395000000000004,-0.17431400000000002,0.11072096460923739,0.0269,-0.4395,-0.15405,13.754959999999999,15.958540388093141,39.435,-13.359,17.3245,14.60026,13.929204782484893,35.099,-24.435,15.5225,-2.0878799999999997,9.68008128403889,22.183,-25.641,-3.565,0.019853744777310806,0.09540902843162756,0.3317829819735931,-0.19819525008187622,-0.005398280355870755,0.10088464962430402,2.991754119271386,11.78188319980935,1.0,0.0057315233540564505,nornal,nornal_1764856182.csv,4325
0.962614,0.08063443931720489,1.1643,0.8352,0.95095,0.280364,0.06944991507554203,0.4331,0.156,0.28275,-0.140658,0.07040370186289922,0.0269,-0.2764,-0.14975,8.603680000000002,14.202584218993389,33.412,-22.122,9.2595,4.91232,18.615739108012875,35.099,-39.977,10.1375,1.8976399999999995,10.188783714968142,28.031,-15.206,1.1524999999999999,-0.005280470875380459,0.07262490382433086,0.18805061258818956,-0.12638217423336817,-0.016987685211336978,0.00833153184764144,2.0756658219195816,7.054854438839486,1.0,0.009536175119634617,nornal,nornal_1764856182.csv,4350
0.946576,0.08518314049153154,1.2329,0.8008,0.9292,0.322322,0.08526914163986876,0.572,0.1362,0.29710000000000003,-0.17970599999999998,0.08905002506456694,0.0105,-0.3408,-0.1799,3.9668799999999997,14.106273968188766,43.176,-22.122,2.05,-1.94106,13.508247205925718,22.702,-39.977,-1.508,-2.19632,11.768351161381954,28.031,-28.87,-3.5305,-0.0205299485257102,0.09438808982607957,0.2746125074959207,-0.1532858188377837,-0.031020878911697414,-0.06293887119622957,3.1532619265419606,12.738889582585633,1.0,0.007650560752922393,nornal,nornal_1764856182.csv,4375
0.9650739999999999,0.07458983794056669,1.2329,0.8008,0.95885,0.302228,0.09176140591773864,0.572,0.1362,0.29710000000000003,-0.171996,0.07228661829135459,-0.0613,-0.3408,-0.1479,19.03692,15.539660958772556,43.176,-6.221,22.313,10.851560000000001,7.586561516681981,22.786,-7.298,12.4925,-3.59708,8.015807694399859,8.985,-28.87,-2.3475,0.006808899039310748,0.07482403089899214,0.2680608790536614,-0.12972411412241236,-0.004812984609376736,0.012587166119590668,2.827928291043556,12.738889582585633,5.0,0.0036063299121203854,nornal,nornal_1764856182.csv,4400
0.982932,0.056002630081095295,1.0911,0.8816,0.96495,0.255414,0.08952846923744423,0.4106,0.0925,0.26990000000000003,-0.15419,0.042582659616327394,-0.073,-0.2798,-0.14695,2.436899999999999,29.52994355514416,37.481,-42.84,14.309000000000001,4.58988,13.965284821499345,22.786,-23.328,11.889,5.08826,7.833498385293764,24.855,-5.733,2.63,0.029300496371646233,0.04283058443601398,0.14513243741374815,-0.03916758343733684,0.022499660073956873,0.05071348276150578,1.6143434610763603,6.315304255634057,2.0,0.001303626271212684,nornal,nornal_1764856182.csv,4425
0.984566,0.07785011910074384,1.2202,0.8589,0.98495,0.24599000000000004,0.08737898202657203,0.4839,0.0925,0.2394,-0.217856,0.07428641372417974,-0.073,-0.334,-0.23425,-20.686699999999995,14.767393189388574,12.595,-42.84,-16.3355,-3.5411999999999995,11.766564735724696,13.458,-23.328,-1.7975,1.5339200000000006,11.041375736456033,24.855,-22.275,0.42,0.01728941447358675,0.0745505323039989,0.2791202051784689,-0.1097723661720118,3.173248692256436e-05,0.12139456137537145,2.5727667497953433,12.074626201988393,3.0,0.006157335720974399,nornal,nornal_1764856182.csv,4450
0.948112,0.0673121226526099,1.2202,0.8589,0.95065,0.294836,0.07999650182351725,0.5225,0.1272,0.27785000000000004,-0.20807399999999998,0.07895181013757695,-0.0498,-0.334,-0.21325,-3.32548,16.991542057435517,27.069,-40.084,-3.939,5.002739999999999,11.007514045977866,21.313,-22.679,6.9350000000000005,-5.199059999999999,7.681599511586112,10.534,-22.275,-5.29,0.01611902701752321,0.06976245837121832,0.2992202569958282,-0.09118777993415828,-0.0006581259278882756,0.06247355930188766,2.487641738508523,12.074626201988393,2.0,0.010347165151620015,nornal,nornal_1764856182.csv,4475
0.955932,0.07302098996863847,1.1565,0.8035,0.9552,0.310922,0.06836953207387045,0.5225,0.1909,0.31225,-0.135266,0.048405977358173445,-0.0498,-0.3027,-0.1361,6.05174,10.795892442609828,27.069,-19.458,6.3855,6.77264,13.386115869452198,26.252,-25.267,8.4235,1.15878,9.14204283361219,19.824,-22.122,1.6905000000000001,-0.07203937776215905,0.08576143439699563,0.16337785303000252,-0.23667176882739627,-0.07635428128425276,-0.08370919279041525,2.17948155205694,5.70589856818986,1.0,0.002779747975889057,nornal,nornal_1764856182.csv,4500
0.977168,0.08767124144210574,1.2449,0.8035,0.9653499999999999,0.265456,0.07559875438127271,0.4543,0.1379,0.2551,-0.18193,0.07235775632231833,-0.0544,-0.3628,-0.17895,-15.817239999999996,18.690299925426558,15.702,-42.023,-21.194499999999998,-4.00228,14.992868791582218,26.252,-25.298,-3.7595,4.54746,8.595654537520689,19.824,-14.321,4.84,0.016049068775835482,0.08516006767790062,0.2790760351060513,-0.1430417656371571,0.009782296023958748,-0.05017892760149405,2.859909155437926,8.395284504755674,4.0,0.007614781399862881,nornal,nornal_1764856182.csv,4525
0.9714079999999999,0.0644236721710273,1.2449,0.855,0.9772,0.274554,0.07308872473918257,0.4543,0.1379,0.2781,-0.171186,0.07507568983366053,-0.0444,-0.3628,-0.14345,-24.655739999999994,16.554941791271872,28.794,-43.863,-30.4925,-5.25994,8.699930821357144,6.298,-25.298,-1.706,2.1273599999999995,7.307368143894216,17.992,-14.321,1.8435000000000001,-0.047080327631665746,0.06654399278141136,0.23566884691481715,-0.17858333552023387,-0.03857345274145352,-0.11078605158395725,2.3860588727876837,8.395284504755674,6.0,0.006751510867497352,nornal,nornal_1764856182.csv,4550
0.9610860000000001,0.026874887981161895,0.9946,0.855,0.9690000000000001,0.304074,0.03672703532821565,0.3909,0.2307,0.29395000000000004,-0.14297800000000002,0.04639129353661094,-0.0444,-0.2212,-0.135,1.9257599999999997,23.724152532438328,31.557,-43.863,12.232500000000002,5.9617,6.237512476139827,16.702,-5.496,5.935,-1.00286,3.717406536874868,6.527,-7.847,-0.252,0.030096853325268194,0.02307424142238308,0.10140254418917694,-0.00431736628319479,0.028286186073771646,0.060764591491404465,0.6538617857606719,2.085769410222682,1.0,0.00025750254314983826,nornal,nornal_1764856182.csv,4575
0.9608019999999999,0.013278079529811533,0.9841,0.9263,0.9636,0.29310200000000003,0.030573043616885776,0.3799,0.2307,0.2849,-0.18581400000000003,0.029435903315509108,-0.0874,-0.2212,-0.1975,5.88852,17.44715503483591,31.557,-32.29,7.4195,8.37494,5.040601025314342,16.702,-1.962,8.9465,-2.02762,3.816543042545177,3.489,-7.847,-2.5149999999999997,0.002489125924058717,0.009600161624098274,0.02568587311098769,-0.018364379636287786,0.0024860249593063877,0.009505840851761798,0.4422872259920098,1.0369888289583962,6.0,8.298555594016719e-05,nornal,nornal_1764856182.csv,4600
0.9666119999999999,0.006255833757381983,0.978,0.9407,0.9666,0.29304600000000003,0.020127932929141033,0.3301,0.2563,0.2911,-0.15781,0.03873443558385742,-0.1042,-0.218,-0.15184999999999998,-13.535420000000002,12.874356204626313,7.557,-36.176,-11.634,2.14716,4.839945988789545,13.13,-4.931,1.2934999999999999,0.6737000000000001,3.7653263776198735,5.107,-7.74,2.011,0.005624533743935642,0.007918583874258055,0.02579567637853719,-0.006052873475131948,0.004184662490206992,0.009680566722438711,0.2928147652057162,0.6176037201017226,1.0,2.8651916150924157e-05,nornal,nornal_1764856182.csv,4625
0.9697659999999999,0.004668559092482392,0.9792,0.9561,0.9697,0.292784,0.0186410446059227,0.3301,0.2585,0.28745,-0.12036599999999999,0.007879177875895427,-0.1042,-0.1445,-0.11935,-8.40476,13.13564830308729,5.519,-36.176,-1.939,1.4410399999999997,2.998728423582236,5.069,-4.931,2.851,1.24574,1.9813016207533876,5.107,-1.649,0.618,-0.0012965864533168992,0.0030918072512762717,0.007016841826724685,-0.008970375032183231,-0.001801922963293623,0.0009121769585628474,0.17384802585917222,0.40884772462308483,2.0,5.748078119967843e-06,nornal,nornal_1764856182.csv,4650
0.9737320000000002,0.0030179754803510246,0.98,0.9685,0.97315,0.27674200000000004,0.009427599694513974,0.293,0.2585,0.27854999999999996,-0.118816,0.005487198192155992,-0.1062,-0.1362,-0.11805,0.52978,2.081454023417284,5.519,-2.992,0.4315,3.76698,0.5727920561599995,5.069,2.458,3.672,0.31394000000000005,0.9979407479404776,2.092,-1.649,0.2445,0.0010066296450274947,0.0026249218010229217,0.00776525079411261,-0.006172985120719288,0.0009696138172277102,0.0028606848852007006,0.17760320205842872,0.40884772462308483,3.0,6.820631199630078e-06,nornal,nornal_1764856182.csv,4675
