t,ax,ay,az,gx,gy,gz,label
44675,0.9312,0.3369,-0.2969,-4.16,3.969,0.878,fall
44695,0.9248,0.3369,-0.2844,-6.13,4.832,0.534,fall
44715,0.937,0.3394,-0.292,-7.771,5.427,0.359,fall
44735,0.9229,0.3459,-0.283,-9.069,6.618,0.321,fall
44755,0.929,0.3481,-0.2727,-9.618,6.084,0.328,fall
44775,0.9292,0.3479,-0.2554,-10.84,6.496,0.229,fall
44795,0.9258,0.3484,-0.2881,-12.687,8.282,1.084,fall
44815,0.9302,0.3521,-0.23,-13.099,9.985,1.031,fall
44835,0.9324,0.3494,-0.2332,-12.221,5.863,1.42,fall
44855,0.9399,0.3564,-0.2434,-10.313,4.718,1.42,fall
44875,0.9375,0.355,-0.2493,-9.824,3.237,1.229,fall
44895,0.9456,0.3545,-0.2517,-8.298,1.214,0.786,fall
44915,0.9419,0.3445,-0.2415,-5.779,0.435,0.802,fall
44935,0.9336,0.3516,-0.249,-3.802,0.916,1.511,fall
44955,0.9292,0.3511,-0.2546,-2.595,1.504,2.473,fall
44975,0.9329,0.3462,-0.2581,-1.29,0.718,2.954,fall
44995,0.9365,0.3528,-0.2502,-0.351,0.809,2.504,fall
45015,0.9248,0.3503,-0.2563,0.168,4.176,2.443,fall
45035,0.9263,0.3391,-0.2578,-0.183,6.939,2.382,fall
45055,0.9434,0.3267,-0.252,-0.947,6.527,1.947,fall
45075,0.9495,0.3252,-0.2319,-0.252,6.008,1.763,fall
45095,0.9519,0.3286,-0.217,-0.641,6.298,1.603,fall
45115,0.9507,0.3228,-0.2148,-3.145,5.863,1.557,fall
45135,0.947,0.3311,-0.1968,-4.893,5.122,1.718,fall
45155,0.9529,0.3369,-0.1841,-8.756,3.267,1.137,fall
45175,0.9597,0.3367,-0.1677,-10.008,2.634,-0.16,fall
45195,0.9583,0.3567,-0.144,-8.496,3.176,-1.031,fall
45215,0.9534,0.3679,-0.1428,-6.359,2.947,-1.496,fall
45235,0.9475,0.3789,-0.1614,-2.45,2.855,-2.076,fall
45255,0.9399,0.3892,-0.1772,2.382,2.344,-2.244,fall
45275,0.9304,0.3784,-0.178,7.588,3.046,-2.305,fall
45295,0.9333,0.354,-0.2,12.618,4.221,-2.405,fall
45315,0.9604,0.3433,-0.2268,17.481,3.176,-2.74,fall
45335,0.959,0.3535,-0.2288,20.26,3.099,-3.366,fall
45355,0.9448,0.3386,-0.2407,21.481,3.191,-2.183,fall
45375,0.9211,0.3135,-0.248,21.443,3.679,0.313,fall
45395,0.9175,0.2957,-0.2344,19.42,6.214,2.969,fall
45415,0.9563,0.2891,-0.2114,16.679,4.863,3.122,fall
45435,0.9785,0.3003,-0.2297,13.885,3.916,1.282,fall
45455,0.9546,0.3147,-0.2451,13.977,2.183,1.389,fall
45475,0.9285,0.3154,-0.2588,15.557,2.122,1.908,fall
45495,0.9236,0.3206,-0.2778,16.885,2.779,2.282,fall
45515,0.9517,0.3242,-0.2695,17.863,1.603,2.061,fall
45535,0.9553,0.3279,-0.2776,17.153,0.031,1.481,fall
45555,0.9456,0.3508,-0.292,17.176,-1.061,2.023,fall
45575,0.9402,0.3667,-0.3132,18.26,-3.26,2.115,fall
45595,0.9426,0.3821,-0.3167,18.885,-3.298,0.603,fall
45615,0.9551,0.3728,-0.325,21.779,-4.137,-2.183,fall
45635,0.9558,0.3579,-0.3384,24.855,-4.695,-4.847,fall
45655,0.9482,0.3342,-0.3506,25.908,-2.084,-7.313,fall
45675,0.929,0.3069,-0.376,23.267,-0.802,-6.939,fall
45695,0.9224,0.3,-0.3862,19.656,-2.305,-6.198,fall
45715,0.9194,0.2966,-0.3809,17.275,-2.634,-5.573,fall
45735,0.9199,0.2971,-0.3669,13.786,-2.656,-4.267,fall
45755,0.9233,0.3162,-0.3899,10.122,-2.237,-2.664,fall
45775,0.9272,0.3113,-0.4001,8.26,-0.939,-1.229,fall
45795,0.8967,0.2949,-0.387,8.176,-0.015,1.023,fall
45815,0.8743,0.2815,-0.3735,8.641,1.786,2.672,fall
45835,0.8745,0.2898,-0.3765,6.176,2.397,4.061,fall
45855,0.8569,0.2825,-0.3782,1.389,2.481,5.16,fall
45875,0.8386,0.2881,-0.3418,-2.252,5.092,5.122,fall
45895,0.8235,0.293,-0.3384,-5.176,8.137,4.824,fall
45915,0.8389,0.3071,-0.334,-5.901,13.305,4.802,fall
45935,0.8669,0.332,-0.3347,-6.855,16.916,3.977,fall
45955,0.8718,0.3555,-0.3296,-9.0,21.092,2.282,fall
45975,0.8882,0.3872,-0.3076,-12.756,21.893,0.977,fall
45995,0.8838,0.3835,-0.2788,-17.557,24.221,-0.382,fall
46015,0.8813,0.3706,-0.2271,-18.786,28.405,-0.847,fall
46035,0.8718,0.3806,-0.2544,-17.473,34.015,-0.947,fall
46055,0.9019,0.4519,-0.2854,-15.794,34.489,-1.481,fall
46075,0.9607,0.5049,-0.2512,-13.458,30.176,-6.924,fall
46095,0.9475,0.5125,-0.269,-12.878,29.557,-11.015,fall
46115,0.9741,0.4827,-0.2915,-11.725,25.092,-11.557,fall
46135,0.9792,0.4302,-0.1597,-19.29,17.153,-10.008,fall
46155,0.9995,0.3313,-0.0251,-19.473,17.733,-9.168,fall
46175,1.1118,0.3628,-0.239,-24.573,9.954,-12.046,fall
46195,0.9832,0.3345,-0.2705,-36.542,2.763,-12.076,fall
46215,0.8477,0.2407,-0.2061,-40.878,3.351,-6.817,fall
46235,0.9404,0.2209,-0.208,-38.863,5.206,-8.718,fall
46255,0.9949,0.2273,-0.2002,-36.511,-0.321,-14.679,fall
46275,1.001,0.2449,-0.2048,-33.542,1.412,-14.519,fall
46295,1.0229,0.2683,-0.2212,-27.084,7.931,-7.87,fall
46315,1.0374,0.28,-0.2124,-15.374,10.374,0.588,fall
46335,1.0085,0.2896,-0.2017,-2.969,11.214,6.26,fall
46355,0.9788,0.2825,-0.1873,8.679,14.176,8.908,fall
46375,0.9619,0.2812,-0.1829,13.992,11.672,10.168,fall
46395,0.9563,0.2561,-0.1677,16.466,10.649,9.931,fall
46415,0.9788,0.2654,-0.1956,18.924,7.748,5.992,fall
46436,0.9839,0.251,-0.2031,21.74,3.382,0.366,fall
46456,0.9971,0.2517,-0.199,23.458,-1.679,-4.153,fall
46476,1.0015,0.2502,-0.1755,21.145,-5.29,-7.198,fall
46496,0.9795,0.2458,-0.1685,12.84,-7.534,-5.397,fall
46516,0.9944,0.25,-0.1223,5.87,-8.763,-2.214,fall
46536,1.0051,0.3179,-0.1543,-2.504,-11.634,0.0,fall
46556,0.9778,0.4062,-0.1436,-5.328,-12.977,4.237,fall
46576,0.9551,0.3965,-0.0884,-2.878,-8.824,5.412,fall
46596,0.9041,0.3711,-0.1257,2.351,0.588,8.153,fall
46616,0.9224,0.3613,-0.1421,2.603,5.13,7.985,fall
46636,0.9143,0.3645,-0.1567,0.412,4.099,5.214,fall
46656,0.9031,0.3838,-0.1926,1.779,1.137,1.916,fall
46676,0.9211,0.3918,-0.2134,6.901,-3.16,-3.344,fall
46696,0.9026,0.3804,-0.2429,10.87,-8.313,-5.435,fall
46716,0.9229,0.3696,-0.2529,10.412,-7.336,-4.748,fall
46736,0.9417,0.373,-0.2441,7.611,-4.382,-3.847,fall
46756,0.9385,0.3708,-0.2166,6.779,1.282,-1.656,fall
46776,0.9387,0.3706,-0.2158,8.092,5.443,-0.29,fall
46796,0.9348,0.3667,-0.2444,9.611,5.489,0.176,fall
46816,0.9268,0.3623,-0.2512,9.962,6.168,0.084,fall
46836,0.9221,0.3523,-0.2515,9.885,5.794,-0.901,fall
46856,0.9202,0.3374,-0.2351,9.145,5.435,-2.427,fall
46876,0.9204,0.3342,-0.2241,7.908,4.702,-4.466,fall
46896,0.9285,0.3401,-0.2405,6.267,4.084,-4.863,fall
46916,0.9456,0.3496,-0.2427,6.931,3.015,-4.389,fall
46936,0.9492,0.3569,-0.2332,7.885,3.847,-3.771,fall
46956,0.9417,0.3503,-0.2322,7.794,5.885,-2.42,fall
46976,0.9365,0.3435,-0.2476,5.916,7.145,-1.092,fall
46996,0.9399,0.3384,-0.2517,4.931,6.145,-1.145,fall
47016,0.9343,0.3369,-0.2307,5.336,4.794,-2.191,fall
47036,0.9204,0.3425,-0.2361,5.397,4.282,-3.237,fall
47056,0.936,0.3413,-0.2393,5.183,5.489,-3.863,fall
47076,0.9407,0.3445,-0.2361,4.458,5.153,-3.962,fall
47096,0.9338,0.3452,-0.2322,4.015,4.992,-4.061,fall
47116,0.9419,0.3508,-0.2375,3.901,4.542,-4.282,fall
47136,0.937,0.3542,-0.2327,3.84,4.076,-4.603,fall
47156,0.9365,0.3557,-0.2366,4.382,4.023,-4.588,fall
47176,0.9343,0.3625,-0.238,5.45,3.847,-4.443,fall
47196,0.9282,0.3762,-0.2329,6.901,4.534,-3.679,fall
47216,0.9272,0.3914,-0.2173,8.71,3.046,-3.168,fall
47236,0.9023,0.4211,-0.167,8.244,-0.672,-2.954,fall
47256,0.8721,0.5105,-0.1245,5.183,-2.504,-3.008,fall
47276,0.8313,0.6501,-0.1025,3.511,-1.443,-4.053,fall
47296,0.6611,0.7439,0.0356,8.122,0.656,-8.519,fall
47316,0.3494,0.6033,0.2932,5.641,6.29,-16.344,fall
47336,0.1396,0.3115,0.2307,-9.863,30.298,-14.519,fall
47356,0.0298,0.0601,-0.0125,-10.908,32.099,-13.733,fall
47376,-0.062,-0.2129,-0.147,-4.71,14.183,-25.344,fall
47396,-0.2554,-0.5566,-0.4253,2.969,3.344,-28.046,fall
47416,-0.0034,-0.5334,-0.4685,1.244,-21.954,-25.374,fall
47436,-0.0251,-0.3257,-0.3601,-4.565,-76.473,-6.038,fall
47456,0.3071,0.2131,-0.2263,18.168,-130.42,5.443,fall
47476,1.1357,0.9316,-0.6111,-30.053,-100.985,-35.122,fall
47496,1.8828,0.2471,-0.4204,-80.412,-171.252,-82.656,fall
47516,1.9999,0.8372,-0.1455,-16.878,-124.481,-102.168,fall
47536,1.407,1.0415,-0.7817,67.412,27.176,17.947,fall
47556,1.3047,0.8533,-0.6353,76.55,30.817,102.74,fall
47576,1.1814,0.4385,-0.5942,56.977,28.664,115.985,fall
47596,1.0593,0.2578,-0.6396,45.901,19.244,94.405,fall
47616,1.0151,0.1687,-0.5571,30.099,-8.099,46.221,fall
47636,1.0757,0.2292,-0.4734,14.931,-40.947,5.656,fall
47656,1.2109,0.4668,-0.5283,8.733,-64.748,-23.137,fall
47676,1.2593,0.4946,-0.5532,6.679,-63.58,-36.74,fall
47696,1.2236,0.459,-0.6016,13.626,-47.794,-18.992,fall
47716,1.144,0.4517,-0.5774,27.061,-26.656,14.618,fall
47736,1.0322,0.4028,-0.5706,27.908,13.847,38.107,fall
47756,0.9578,0.4189,-0.541,20.29,27.061,43.649,fall
47776,0.9875,0.3977,-0.5432,12.145,1.198,27.603,fall
47796,1.0264,0.3279,-0.5149,9.053,-19.763,4.305,fall
47816,1.0881,0.3491,-0.5913,12.45,-19.198,-12.069,fall
47836,1.0989,0.4207,-0.614,15.0,-17.893,-14.115,fall
47856,1.0134,0.4585,-0.5427,16.0,-8.458,-8.0,fall
47876,1.0103,0.4253,-0.5396,18.824,3.794,-1.282,fall
47896,1.0642,0.4312,-0.6069,16.87,12.855,1.489,fall
47916,1.0554,0.4236,-0.6428,12.893,14.595,-1.977,fall
47936,1.0513,0.363,-0.6182,7.359,12.427,-7.069,fall
47956,1.0969,0.3792,-0.6531,4.87,7.405,-11.29,fall
47976,1.0923,0.4231,-0.6396,1.718,3.313,-15.557,fall
47996,1.0391,0.4026,-0.6304,-2.931,16.382,-15.626,fall
48016,1.0308,0.4216,-0.6409,-5.878,26.031,-11.107,fall
48036,1.0188,0.4473,-0.6128,-3.656,23.992,-6.802,fall
48056,1.0256,0.4739,-0.604,1.229,20.16,-6.336,fall
48076,1.0654,0.4617,-0.6001,0.023,21.962,-10.863,fall
48096,1.0813,0.3657,-0.5747,-1.206,28.824,-18.992,fall
48116,1.1091,0.3511,-0.5784,-2.771,29.794,-22.015,fall
48136,1.0801,0.4006,-0.5439,-6.71,24.168,-21.305,fall
48156,1.0251,0.3882,-0.5376,-11.229,21.466,-19.542,fall
48176,1.0437,0.3528,-0.542,-8.481,26.672,-21.16,fall
48196,1.0918,0.345,-0.5613,-2.45,29.527,-21.794,fall
48216,1.0662,0.3738,-0.4966,-4.076,35.656,-19.107,fall
48236,0.9917,0.4202,-0.4043,-14.611,32.069,-18.603,fall
48256,0.8999,0.4529,-0.3352,-18.023,57.802,-23.015,fall
48276,0.9885,0.4453,-0.5188,-14.397,56.534,-27.718,fall
48296,1.032,0.5015,-0.4541,5.359,50.191,-31.595,fall
48316,1.0452,0.4426,-0.522,9.954,42.328,-31.954,fall
48336,0.9807,0.3445,-0.4761,14.229,40.481,-25.626,fall
48356,0.9062,0.2549,-0.4644,7.611,41.321,-16.214,fall
48376,0.8564,0.283,-0.4358,-4.939,34.061,-9.015,fall
48396,0.8115,0.2305,-0.366,-17.092,24.824,-5.878,fall
48416,0.7637,0.1741,-0.3674,-22.313,23.893,-5.58,fall
48437,0.675,0.26,-0.2595,-20.649,33.885,-4.664,fall
48457,0.666,0.324,-0.3127,-13.565,43.939,-0.939,fall
48477,0.697,0.3181,-0.3552,-4.29,39.908,3.069,fall
48497,0.6787,0.248,-0.3022,3.824,31.099,4.443,fall
48517,0.6716,0.1946,-0.2935,6.489,28.985,2.679,fall
48537,0.6597,0.2034,-0.3174,-0.954,20.58,5.817,fall
48557,0.6172,0.2017,-0.219,-4.878,3.924,10.038,fall
48577,0.5356,0.1709,-0.218,-10.252,2.275,16.267,fall
48597,0.5156,0.231,-0.2241,-18.0,5.916,19.382,fall
48617,0.5586,0.3079,-0.2986,-18.71,4.244,18.252,fall
48637,0.626,0.3523,-0.2742,-15.672,-0.969,13.466,fall
48657,0.5991,0.3232,-0.2739,-7.786,11.847,9.763,fall
48677,0.5566,0.2788,-0.1875,-3.023,23.191,9.947,fall
48697,0.5679,0.2588,-0.1084,-10.412,32.71,9.023,fall
48717,0.7073,0.3943,-0.0581,-21.191,43.641,9.053,fall
48737,0.9795,0.5964,-0.1431,-37.863,24.985,1.565,fall
48757,1.3528,0.7673,-0.1951,-32.252,-14.809,-17.198,fall
48777,1.0454,0.5337,-0.1008,-4.908,-13.664,-15.931,fall
48797,0.8582,0.4238,-0.1877,18.748,19.771,7.985,fall
48817,0.9412,0.4133,-0.3132,26.45,13.58,17.992,fall
48837,0.8845,0.325,-0.1631,26.725,-5.214,17.038,fall
48857,0.844,0.3018,-0.1765,10.069,-8.359,17.206,fall
48877,0.873,0.3506,-0.2449,-6.954,-8.55,15.031,fall
48897,0.9268,0.334,-0.2512,-14.221,-2.29,12.771,fall
48917,0.98,0.3083,-0.1904,-16.618,1.901,11.695,fall
48937,1.0173,0.3193,-0.1367,-19.847,3.573,5.389,fall
48957,0.9858,0.3337,-0.1353,-21.595,0.893,-2.641,fall
48977,0.949,0.3518,-0.1604,-22.969,-0.13,-5.053,fall
48997,0.9448,0.3638,-0.2034,-23.519,-3.534,-4.588,fall
49017,0.9182,0.4082,-0.2175,-21.748,-8.267,-0.878,fall
49037,0.885,0.4341,-0.2085,-18.618,-8.008,5.221,fall
49057,0.8953,0.4231,-0.1941,-14.718,-3.427,7.679,fall
49077,0.9124,0.3926,-0.1677,-11.626,0.664,5.023,fall
49097,0.9275,0.3843,-0.1614,-9.145,2.992,1.099,fall
49117,0.9529,0.3752,-0.1726,-8.26,2.061,-0.832,fall
49137,0.9609,0.3735,-0.1682,-9.901,1.115,-0.542,fall
49157,0.9541,0.3689,-0.1833,-11.71,1.0,1.702,fall
49177,0.9297,0.3691,-0.1863,-13.351,0.405,3.931,fall
49197,0.9272,0.374,-0.1895,-13.809,-0.916,3.443,fall
49217,0.9312,0.3811,-0.1853,-13.481,-1.221,1.74,fall
49237,0.9294,0.3789,-0.1958,-12.466,-0.076,-0.221,fall
49257,0.9319,0.3894,-0.1831,-10.71,1.901,-1.145,fall
49277,0.9343,0.394,-0.1973,-7.053,4.015,-1.893,fall
49297,0.9189,0.3916,-0.2073,-3.962,4.16,-2.244,fall
49317,0.916,0.3818,-0.2246,-3.947,3.939,-1.489,fall
49337,0.9307,0.376,-0.186,-5.389,5.427,-1.099,fall
49357,0.9495,0.376,-0.1826,-5.992,6.008,-0.573,fall
49377,0.9382,0.3821,-0.1807,-6.458,5.275,-0.481,fall
49397,0.9312,0.3926,-0.1741,-5.038,4.557,-0.183,fall
49417,0.9302,0.3979,-0.1768,-3.0,3.389,0.115,fall
49437,0.9292,0.3984,-0.1785,-0.901,2.496,0.198,fall
49457,0.9312,0.4001,-0.178,0.641,2.496,0.489,fall
49477,0.9404,0.3916,-0.1821,2.031,3.023,0.504,fall
49497,0.9368,0.3892,-0.1833,3.359,2.992,0.107,fall
49517,0.9351,0.395,-0.1726,4.802,2.115,-0.519,fall
49537,0.929,0.4143,-0.1855,5.252,1.374,-1.55,fall
49557,0.915,0.4312,-0.1829,2.939,0.267,-2.359,fall
49577,0.9473,0.4075,-0.1873,1.336,0.496,-1.794,fall
49597,0.9365,0.3884,-0.1846,3.397,-1.13,0.344,fall
49617,0.9287,0.4102,-0.1873,2.382,-1.45,1.855,fall
49637,0.9016,0.4263,-0.1926,-0.244,-1.366,3.481,fall
49657,0.8901,0.425,-0.1892,-2.076,-0.359,4.603,fall
49677,0.9011,0.4141,-0.1804,-3.71,-1.206,4.267,fall
49697,0.8923,0.4209,-0.1792,-5.634,-1.84,3.672,fall
49717,0.8801,0.415,-0.2095,-5.313,4.015,2.557,fall
49737,0.8979,0.4185,-0.1914,-4.198,7.061,2.321,fall
49757,0.8928,0.3943,-0.2068,-3.611,8.023,2.115,fall
49777,0.8811,0.3765,-0.1167,-4.763,11.336,1.534,fall
49797,0.9275,0.3718,-0.1365,-5.023,12.557,-0.328,fall
49817,0.9685,0.3733,-0.1885,-6.176,8.656,-2.847,fall
49837,0.9495,0.3616,-0.1577,-8.885,8.389,-4.321,fall
49857,0.9526,0.325,-0.1282,-10.74,9.206,-3.504,fall
49877,0.9849,0.3162,-0.1428,-12.214,9.427,-2.771,fall
49897,1.0012,0.3274,-0.1304,-13.931,7.366,-1.412,fall
49917,0.9985,0.3521,-0.145,-10.847,7.099,1.947,fall
49937,0.9912,0.3796,-0.1621,-4.687,8.702,5.084,fall
49957,0.9688,0.3777,-0.1396,1.382,10.786,6.954,fall
49977,0.9558,0.3752,-0.1514,8.847,12.008,7.298,fall
49997,0.9548,0.3792,-0.1689,18.023,10.221,4.206,fall
50017,0.9424,0.3525,-0.1917,26.359,7.405,1.221,fall
50037,0.9292,0.3157,-0.165,30.244,5.237,-1.366,fall
50057,0.9607,0.3162,-0.1799,27.954,3.985,-3.695,fall
50077,0.9866,0.3137,-0.1895,22.069,-0.672,-5.099,fall
50097,0.9507,0.2979,-0.1216,13.611,-1.779,-6.076,fall
50117,0.9722,0.3086,-0.134,7.382,-1.168,-9.053,fall
50137,0.9924,0.3379,-0.1589,6.443,-5.038,-11.931,fall
50157,0.9631,0.365,-0.1665,9.664,-9.473,-11.863,fall
50177,0.9478,0.3879,-0.1375,11.244,-9.885,-9.023,fall
50197,0.9402,0.3879,-0.1174,9.679,-5.931,-3.649,fall
50217,0.9229,0.3967,-0.1074,2.748,0.427,1.031,fall
50237,0.9155,0.4214,-0.1372,1.443,3.122,2.855,fall
50257,0.9226,0.4521,-0.1631,3.931,2.412,0.275,fall
50277,0.9124,0.4749,-0.1697,12.74,1.0,-4.992,fall
50297,0.8743,0.4558,-0.1714,23.221,0.901,-10.26,fall
50317,0.8628,0.4375,-0.2051,30.947,1.13,-13.015,fall
50337,0.8965,0.4316,-0.2393,36.298,1.023,-14.328,fall
50357,0.9189,0.4053,-0.2563,38.45,1.725,-14.824,fall
50377,0.9231,0.384,-0.269,36.931,4.229,-13.183,fall
50397,0.9333,0.3738,-0.2932,33.214,6.336,-10.45,fall
50417,0.9426,0.3484,-0.3069,26.42,5.534,-7.023,fall
50438,0.9363,0.3118,-0.3079,20.115,5.176,-3.366,fall
50458,0.9224,0.2976,-0.3013,12.733,5.443,-0.496,fall
50478,0.9043,0.3083,-0.2612,5.641,6.687,0.313,fall
50498,0.938,0.3599,-0.2571,-2.237,2.855,-3.496,fall
50518,0.8718,0.4011,-0.2971,-9.206,0.038,-5.573,fall
50538,0.7996,0.4165,-0.2805,-8.916,4.405,-3.031,fall
50558,0.783,0.4172,-0.2537,-2.954,12.672,-2.13,fall
50578,0.8779,0.4626,-0.3213,5.481,9.412,-2.779,fall
50598,0.9353,0.4299,-0.2444,11.878,5.695,-4.756,fall
50618,0.9487,0.4021,-0.2664,11.282,8.992,-2.992,fall
50638,0.99,0.4106,-0.2686,6.0,10.794,0.573,fall
50658,0.957,0.3975,-0.2751,3.275,11.695,2.023,fall
50678,0.9148,0.3831,-0.2637,1.252,8.71,2.687,fall
50698,0.9062,0.3782,-0.2666,-1.137,6.45,1.924,fall
50718,0.9019,0.3767,-0.2495,-2.939,4.45,0.344,fall
50738,0.9102,0.3975,-0.2485,-3.16,2.824,-0.618,fall
50758,0.9219,0.407,-0.2471,-2.763,2.122,-0.725,fall
50778,0.9141,0.4121,-0.2244,-2.595,1.885,-0.16,fall
50798,0.9106,0.4075,-0.2324,-2.214,2.298,-0.725,fall
50818,0.917,0.4175,-0.2339,-1.992,2.412,-1.137,fall
50838,0.9131,0.4158,-0.2188,-0.618,2.275,0.206,fall
50858,0.9116,0.4138,-0.2305,-0.71,2.824,1.42,fall
50878,0.9041,0.4238,-0.2126,0.122,5.992,1.893,fall
50898,0.8984,0.4187,-0.2056,0.634,7.046,1.496,fall
50918,0.9055,0.4089,-0.2258,0.649,6.198,0.573,fall
50938,0.925,0.4062,-0.2163,0.939,3.809,-1.084,fall
50958,0.9153,0.3987,-0.2244,0.137,4.183,-1.664,fall
50978,0.915,0.408,-0.2227,-1.0,6.008,-1.153,fall
50998,0.9236,0.4077,-0.207,-2.565,5.817,-0.198,fall
51018,0.9175,0.4016,-0.2053,-2.153,3.389,0.405,fall
51038,0.9192,0.3994,-0.2021,-1.817,3.695,0.313,fall
51058,0.9175,0.4048,-0.2129,-2.214,4.275,-0.061,fall
51078,0.9216,0.4058,-0.2031,-1.947,3.756,-0.588,fall
51098,0.9182,0.4004,-0.2058,-2.191,4.084,-0.489,fall
51118,0.9248,0.4038,-0.2063,-2.115,4.115,-0.702,fall
51138,0.9216,0.3984,-0.2236,-1.298,3.168,-1.519,fall
51158,0.9097,0.4058,-0.2163,-0.809,3.214,-1.565,fall
51178,0.9185,0.4004,-0.2166,-0.298,3.84,-1.275,fall
51198,0.9263,0.3958,-0.2126,-0.313,4.695,-1.282,fall
51218,0.9214,0.3894,-0.2363,-0.534,5.336,-1.046,fall
51238,0.9211,0.3965,-0.2134,-0.809,5.405,-1.176,fall
51258,0.9192,0.3975,-0.2126,-1.45,4.924,-1.412,fall
51278,0.9167,0.406,-0.217,-2.145,4.252,-1.397,fall
51298,0.9199,0.4014,-0.2122,-1.046,3.763,-1.695,fall
51318,0.9106,0.4065,-0.2134,-0.267,3.893,-1.992,fall
51338,0.9106,0.4111,-0.2158,0.153,5.42,-1.809,fall
51358,0.9084,0.4097,-0.2114,-0.046,5.076,-1.855,fall
51378,0.9143,0.4099,-0.2036,-0.214,4.504,-2.191,fall
51398,0.9146,0.4097,-0.2126,0.947,4.534,-2.626,fall
51418,0.9207,0.4153,-0.2109,2.733,5.008,-3.221,fall
51438,0.9224,0.4236,-0.217,3.725,5.832,-3.794,fall
51458,0.9092,0.4458,-0.2065,4.42,5.344,-4.756,fall
51478,0.8916,0.4609,-0.1726,5.817,5.183,-5.786,fall
51498,0.865,0.5173,-0.135,7.557,3.71,-7.153,fall
51518,0.8291,0.6267,-0.1377,9.985,2.084,-7.977,fall
51538,0.6985,0.7693,-0.0222,7.191,4.496,-9.687,fall
51558,0.522,0.7905,0.1426,-7.565,0.992,-15.084,fall
51578,0.2737,0.489,0.3535,-30.481,10.076,-19.908,fall
51598,0.1282,0.1807,0.1326,-37.817,26.092,-21.221,fall
51618,0.0269,-0.0608,-0.1333,-25.16,24.977,-20.847,fall
51638,-0.0483,-0.1936,-0.106,7.802,-2.13,-3.939,fall
51658,-0.1428,-0.3853,-0.2693,26.489,-27.099,11.237,fall
51678,-0.3804,-0.4512,-0.3228,20.977,-38.885,13.748,fall
51698,-0.1941,-0.2415,-0.2236,10.084,-44.221,22.733,fall
51718,0.0803,0.1353,-0.1567,17.443,-104.985,39.695,fall
51738,0.3279,0.8438,0.1062,44.45,-185.45,24.046,fall
51758,1.8179,0.2383,-1.2532,-104.641,-125.412,-98.191,fall
51778,1.6091,0.7273,0.6084,-52.695,-75.466,-127.29,fall
51798,1.3706,0.6855,-0.8533,26.336,-54.718,-73.122,fall
51818,1.0452,0.8164,-0.6926,65.664,6.985,24.55,fall
51838,0.9937,0.6597,-0.6262,69.977,20.366,105.786,fall
51858,0.9395,0.1785,-0.6868,42.198,31.832,118.756,fall
51878,1.1409,0.074,-0.7891,27.863,28.282,77.16,fall
51898,1.2354,0.1895,-0.5322,25.763,-36.412,28.557,fall
51918,1.1541,0.3127,-0.4341,27.763,-82.847,-1.496,fall
51938,1.3115,0.5396,-0.6147,27.16,-79.038,0.908,fall
51958,1.2439,0.5581,-0.709,24.16,-26.702,5.794,fall
51978,1.2886,0.5535,-0.8025,40.076,1.023,22.168,fall
51998,1.1619,0.5723,-0.5681,33.282,18.214,50.191,fall
52018,1.2205,0.6013,-0.5251,17.71,17.206,56.588,fall
52038,1.2349,0.4617,-0.575,14.74,17.718,33.099,fall
52058,1.2451,0.3582,-0.594,13.985,25.42,6.527,fall
52078,1.2566,0.376,-0.6165,7.481,21.115,4.519,fall
52098,1.1658,0.4175,-0.5828,8.107,4.656,18.42,fall
52118,1.0952,0.4446,-0.5623,10.573,0.321,29.634,fall
52138,1.0581,0.3982,-0.5881,7.878,2.29,29.763,fall
52158,1.0415,0.2988,-0.573,7.061,6.855,20.878,fall
52178,1.0952,0.2939,-0.5527,7.519,-4.084,10.626,fall
52198,1.0645,0.3069,-0.5247,0.534,-13.481,0.725,fall
52218,0.9675,0.2048,-0.489,-0.191,-5.107,-7.321,fall
52238,0.9883,0.1956,-0.564,0.481,9.168,-10.74,fall
52258,0.9976,0.3208,-0.593,-2.076,2.634,-7.802,fall
52278,0.9497,0.4006,-0.5527,-4.924,-4.298,-4.153,fall
52298,0.9861,0.3523,-0.5349,-0.802,-1.099,0.496,fall
52318,1.0654,0.3301,-0.5544,3.84,8.084,2.634,fall
52338,1.0771,0.3367,-0.5872,3.015,10.229,-1.634,fall
52358,1.0806,0.3547,-0.5791,-3.962,14.237,-8.198,fall
52378,1.1255,0.4031,-0.5737,-10.0,9.908,-14.015,fall
52398,1.1577,0.448,-0.5706,-10.374,-3.74,-15.198,fall
52418,1.1057,0.4099,-0.5815,-8.458,-6.786,-13.382,fall
52439,1.1016,0.3386,-0.6079,-11.481,7.183,-12.084,fall
52459,1.1255,0.3438,-0.6096,-12.504,10.397,-11.336,fall
52479,1.1406,0.3877,-0.6106,-14.481,6.641,-10.611,fall
52499,1.0835,0.3672,-0.5623,-16.527,11.26,-9.687,fall
52519,1.0149,0.304,-0.5259,-16.756,21.008,-9.275,fall
52539,0.998,0.3022,-0.512,-19.153,24.931,-9.687,fall
52559,0.9626,0.3069,-0.4709,-23.908,28.069,-10.878,fall
52579,0.9092,0.2878,-0.4365,-25.771,32.458,-11.099,fall
52599,0.8792,0.2842,-0.4224,-23.176,31.473,-9.771,fall
52619,0.8745,0.2964,-0.418,-20.244,26.473,-8.29,fall
52639,0.8569,0.3242,-0.4065,-18.359,17.672,-7.779,fall
52659,0.8447,0.3196,-0.3899,-15.656,12.595,-9.351,fall
52679,0.8621,0.3196,-0.3857,-15.214,13.832,-10.557,fall
52699,0.8762,0.3394,-0.3821,-15.145,14.099,-11.13,fall
52719,0.8818,0.3423,-0.4021,-12.344,10.229,-13.206,fall
52739,0.9004,0.3486,-0.3975,-10.847,7.74,-14.863,fall
52759,0.8892,0.3369,-0.3838,-11.382,8.855,-14.282,fall
52779,0.9114,0.344,-0.4026,-10.038,8.229,-13.168,fall
52799,0.9434,0.3799,-0.4009,-9.023,3.0,-12.71,fall
52819,0.9568,0.3838,-0.3835,-10.328,5.405,-13.305,fall
52839,0.9517,0.3628,-0.3743,-11.992,10.412,-13.038,fall
52859,0.925,0.3862,-0.3599,-14.496,10.305,-11.145,fall
52879,0.8982,0.4253,-0.3528,-15.275,8.466,-9.588,fall
52899,0.8911,0.4487,-0.3499,-14.092,13.756,-8.878,fall
52919,0.8677,0.4192,-0.3528,-11.573,15.649,-8.45,fall
52939,0.8733,0.4155,-0.3611,-6.099,20.504,-8.313,fall
52959,0.9036,0.4348,-0.3123,0.947,20.45,-8.26,fall
52979,0.8914,0.4272,-0.2598,0.641,21.191,-7.656,fall
52999,0.8865,0.4033,-0.2529,-4.786,20.802,-6.534,fall
53019,0.9102,0.3765,-0.3293,-7.557,18.466,-8.359,fall
53039,0.8555,0.3896,-0.2654,-7.191,15.519,-9.061,fall
53059,0.8035,0.3994,-0.2346,-8.275,15.542,-6.649,fall
53079,0.7661,0.3994,-0.2258,-11.0,20.267,-5.206,fall
53099,0.7673,0.4189,-0.2231,-9.664,24.336,-5.863,fall
53119,0.77,0.4177,-0.2324,-5.527,26.55,-8.206,fall
53139,0.7468,0.3604,-0.1902,-1.282,28.618,-8.588,fall
53159,0.7124,0.3372,-0.209,-2.588,31.893,-6.794,fall
53179,0.7222,0.3623,-0.2366,-3.107,32.26,-6.626,fall
53199,0.7117,0.3816,-0.2151,-0.191,31.824,-6.466,fall
53219,0.7083,0.3586,-0.2083,0.153,35.756,-4.924,fall
53239,0.7139,0.3313,-0.2249,-0.534,35.008,-1.931,fall
53259,0.7292,0.3218,-0.2253,1.733,29.374,-1.038,fall
53279,0.7283,0.3079,-0.2212,3.198,27.58,-1.282,fall
53299,0.7207,0.3347,-0.208,4.656,24.748,-0.321,fall
53319,0.7219,0.3887,-0.1704,6.038,20.313,-0.595,fall
53339,0.7393,0.4023,-0.1702,6.443,15.763,-0.679,fall
53359,0.7915,0.4172,-0.1758,5.916,13.458,-1.763,fall
53379,0.8354,0.4226,-0.1853,3.87,12.649,-4.076,fall
53399,0.8433,0.436,-0.2017,4.221,9.664,-4.481,fall
53419,0.8582,0.448,-0.1885,5.122,9.466,-1.0,fall
53439,0.8811,0.4565,-0.1846,7.13,10.405,3.817,fall
53459,0.8999,0.4526,-0.1633,8.046,8.542,5.725,fall
53479,0.8862,0.4197,-0.1328,7.496,10.214,5.29,fall
53499,0.8821,0.3884,-0.1689,4.855,14.786,4.374,fall
53519,0.8728,0.3728,-0.1987,4.634,14.733,3.924,fall
53539,0.8833,0.406,-0.1936,6.244,11.405,2.344,fall
53559,0.8569,0.4314,-0.1882,7.084,5.893,2.046,fall
53579,0.8694,0.4441,-0.1594,5.321,3.893,0.237,fall
53599,0.8774,0.4546,-0.166,4.855,1.634,-0.901,fall
53619,0.8943,0.469,-0.1672,5.679,-1.183,-1.435,fall
53639,0.9001,0.4678,-0.1526,6.847,-0.771,0.611,fall
53659,0.917,0.4753,-0.157,6.168,3.29,3.863,fall
53679,0.9189,0.4797,-0.1548,3.878,6.565,6.71,fall
53699,0.9043,0.4646,-0.1777,1.962,7.695,6.084,fall
53719,0.9058,0.4512,-0.1663,1.786,7.405,5.733,fall
53739,0.897,0.4382,-0.1492,0.489,4.603,4.702,fall
53759,0.9526,0.1267,-0.5166,43.939,-42.954,-4.206,fall
53779,0.8794,0.4089,-0.2268,9.313,5.069,1.756,fall
53799,0.8784,0.4485,-0.207,5.702,11.763,2.595,fall
53819,0.9333,0.4148,-0.1697,7.16,5.626,1.198,fall
53839,0.9504,0.3882,-0.1946,6.244,0.71,1.26,fall
53859,0.9163,0.3997,-0.1787,5.397,-3.504,1.519,fall
53879,0.8982,0.4199,-0.2012,3.336,-3.748,1.557,fall
53899,0.9143,0.4194,-0.1973,3.939,-8.321,2.153,fall
53919,0.9114,0.4197,-0.2002,4.954,-8.74,3.366,fall
53939,0.8943,0.4131,-0.2236,3.588,-0.74,2.458,fall
53959,0.9084,0.4016,-0.2395,0.679,6.824,1.87,fall
53979,0.9062,0.4043,-0.2205,-1.298,11.481,1.168,fall
53999,0.9092,0.3862,-0.2209,-2.725,13.634,1.359,fall
54019,0.9097,0.3862,-0.2153,-4.221,15.313,0.733,fall
54039,0.9119,0.3813,-0.1931,-7.702,20.427,-0.779,fall
54059,0.938,0.4092,-0.1941,-7.931,15.885,-2.618,fall
54079,0.9575,0.4238,-0.2039,-2.649,5.542,-1.603,fall
54099,0.9202,0.4209,-0.1904,-1.466,3.069,-0.328,fall
54119,0.9106,0.4131,-0.1885,-0.519,2.008,-0.328,fall
54139,0.9182,0.4128,-0.2021,0.802,2.557,-0.603,fall
54159,0.9329,0.4014,-0.1982,1.527,1.656,-0.023,fall
54179,0.9304,0.3967,-0.1929,1.069,1.672,1.252,fall
54199,0.926,0.396,-0.2051,-0.26,2.603,2.198,fall
54219,0.9204,0.3921,-0.2,-2.183,2.802,1.916,fall
54239,0.9268,0.395,-0.1968,-3.435,2.763,1.137,fall
54259,0.9236,0.3894,-0.2029,-3.87,1.931,1.183,fall
54279,0.9204,0.3953,-0.2029,-3.916,0.679,0.931,fall
54299,0.9211,0.4011,-0.2007,-4.824,0.573,1.061,fall
54319,0.9248,0.4031,-0.2029,-5.275,0.336,1.427,fall
54339,0.9209,0.4065,-0.1975,-5.031,-0.252,2.16,fall
54359,0.9243,0.407,-0.1929,-4.969,-0.344,2.397,fall
54379,0.9216,0.4158,-0.2014,-4.687,-0.13,2.29,fall
54399,0.9146,0.4167,-0.1936,-3.992,0.061,2.504,fall
54419,0.9106,0.4185,-0.2041,-2.519,0.771,3.069,fall
54440,0.9136,0.4116,-0.2009,-1.786,1.351,2.427,fall
54460,0.9182,0.408,-0.196,-0.458,1.45,1.664,fall
54480,0.9236,0.4009,-0.1934,-0.13,1.473,1.29,fall
54500,0.9197,0.3975,-0.2031,-0.29,1.84,1.344,fall
54520,0.9258,0.3923,-0.2031,-0.206,2.557,0.786,fall
54540,0.927,0.3923,-0.198,-0.595,2.443,0.237,fall
54560,0.9182,0.3972,-0.196,-1.198,2.695,-0.527,fall
54580,0.9185,0.397,-0.1924,-2.107,3.26,-1.305,fall
54600,0.9177,0.4033,-0.1887,-2.145,3.969,-2.267,fall
54620,0.9185,0.4033,-0.198,-1.985,3.282,-2.481,fall
54640,0.9221,0.4121,-0.197,-1.84,3.29,-1.992,fall
54660,0.9153,0.4128,-0.1892,-1.534,3.527,-2.298,fall
54680,0.9153,0.4092,-0.1987,-1.008,5.084,-2.221,fall
54700,0.9231,0.4082,-0.1965,-0.359,3.702,-2.382,fall
54720,0.927,0.4036,-0.2002,-0.374,3.321,-2.084,fall
54740,0.9229,0.4036,-0.1973,0.26,3.183,-1.198,fall
54760,0.9229,0.407,-0.1816,-0.099,2.794,-0.885,fall
54780,0.9219,0.4077,-0.2007,-0.847,2.489,-1.015,fall
54800,0.9175,0.4084,-0.1931,-1.115,3.16,-0.557,fall
54820,0.9189,0.408,-0.2051,-1.015,3.275,-0.481,fall
54840,0.9158,0.4133,-0.1936,-0.687,2.534,-0.183,fall
54860,0.9158,0.4187,-0.1965,-0.122,2.321,-0.58,fall
54880,0.9148,0.4148,-0.1882,0.756,3.344,-0.809,fall
54900,0.9192,0.4014,-0.1992,1.748,3.969,-0.656,fall
54920,0.9243,0.3999,-0.1946,2.092,3.863,-1.13,fall
54940,0.9224,0.3992,-0.1943,1.962,3.969,-1.779,fall
54960,0.9285,0.4072,-0.2036,1.733,4.176,-1.863,fall
54980,0.9294,0.4023,-0.1887,1.71,4.015,-2.061,fall
55000,0.9304,0.4153,-0.1902,1.687,2.74,-2.168,fall
55020,0.9282,0.4199,-0.2061,2.458,1.916,-1.878,fall
55040,0.9224,0.4138,-0.2019,2.542,1.931,-1.183,fall
55060,0.9163,0.4084,-0.2009,1.519,1.885,-0.015,fall
55080,0.9084,0.4077,-0.2021,0.023,2.13,-0.008,fall
55100,0.9019,0.4104,-0.1873,-1.458,1.71,-0.023,fall
55120,0.8936,0.4192,-0.1958,-2.656,2.061,-0.29,fall
55140,0.8977,0.4241,-0.1917,-2.618,2.901,-0.695,fall
55160,0.9089,0.4211,-0.1963,-2.366,3.191,-1.183,fall
55180,0.9111,0.4209,-0.1902,-2.015,2.374,-1.321,fall
55200,0.9109,0.4207,-0.1924,-2.122,1.542,-1.382,fall
55220,0.9163,0.427,-0.1968,-1.947,1.71,-0.84,fall
55240,0.9082,0.4258,-0.1909,-2.038,2.588,-0.336,fall
55260,0.9075,0.4243,-0.1948,-1.779,3.573,-0.099,fall
55280,0.907,0.4211,-0.2014,-1.779,5.008,-0.092,fall
55300,0.9141,0.4209,-0.1919,-2.122,4.542,-0.794,fall
55320,0.9065,0.4309,-0.1921,-2.076,4.122,-1.198,fall
55340,0.907,0.4348,-0.179,-1.916,3.595,-1.863,fall
55360,0.9114,0.4275,-0.1929,-1.824,3.817,-2.382,fall
55380,0.9082,0.4331,-0.1934,-1.527,3.359,-1.672,fall
55400,0.9141,0.4392,-0.1804,-1.542,3.405,-1.351,fall
55420,0.9077,0.4375,-0.1777,-1.695,3.817,-1.229,fall
55440,0.9048,0.4355,-0.1804,-1.885,4.611,-1.069,fall
55460,0.9031,0.436,-0.1802,-1.763,5.412,-1.939,fall
55480,0.9146,0.4465,-0.177,-1.0,4.267,-2.611,fall
55500,0.908,0.458,-0.1824,0.16,3.58,-3.58,fall
55520,0.894,0.4526,-0.1907,1.695,4.885,-4.092,fall
55540,0.8992,0.4556,-0.1887,3.992,6.634,-4.29,fall
55560,0.8948,0.4531,-0.1746,7.603,6.74,-4.145,fall
55580,0.8889,0.4448,-0.1716,9.802,5.931,-4.084,fall
55600,0.8787,0.4517,-0.1714,11.046,4.427,-2.74,fall
55620,0.844,0.4968,-0.1543,11.359,-0.328,-0.122,fall
55640,0.7922,0.5664,-0.1189,12.42,-8.542,3.435,fall
55660,0.7083,0.6162,-0.0408,8.969,-17.053,1.656,fall
55680,0.5825,0.6096,0.0024,-2.863,-9.435,-0.931,fall
55700,0.3147,0.4312,0.1074,-19.382,2.924,-4.031,fall
55720,0.1375,0.1814,0.0605,-21.489,28.359,0.626,fall
55740,0.0486,0.0286,-0.0789,-18.023,28.412,12.611,fall
55760,0.1233,-0.0037,-0.176,1.84,17.718,7.305,fall
55780,-0.1252,-0.3013,-0.2358,16.977,28.008,4.321,fall
55800,-0.0383,-0.3782,-0.4001,13.031,-24.076,14.374,fall
55820,0.0518,-0.1213,-0.2021,5.412,-81.893,31.122,fall
55840,0.2996,0.2781,-0.2202,-6.328,-160.786,22.84,fall
55860,1.238,1.1643,0.4214,-6.206,-97.382,-45.046,fall
55880,1.9999,0.5725,-0.5186,-72.534,-170.931,-88.328,fall
55900,1.3911,0.9111,0.0022,-24.565,-54.092,-134.916,fall
55920,1.2964,1.1836,-0.6394,47.855,20.252,12.679,fall
55940,1.0649,1.0264,-0.531,43.542,41.298,85.679,fall
55960,1.1782,0.3374,-0.6125,41.374,38.779,93.939,fall
55980,1.1633,0.0593,-0.6084,33.405,30.183,66.779,fall
56000,1.1736,0.2349,-0.3708,22.916,-14.786,24.565,fall
56020,1.1965,0.3279,-0.3188,17.435,-65.87,-14.824,fall
56040,1.0706,0.3252,-0.45,1.053,-71.809,-43.145,fall
56060,1.2375,0.2947,-0.6245,-9.031,-33.687,-38.298,fall
56080,1.3477,0.3921,-0.6426,1.763,-12.015,-0.031,fall
56100,1.156,0.5366,-0.5615,1.725,-10.176,30.733,fall
56120,1.0073,0.467,-0.4907,4.328,7.282,41.038,fall
56140,1.0063,0.4075,-0.5103,7.031,18.626,36.496,fall
56160,1.0396,0.3887,-0.5327,3.786,9.374,18.16,fall
56180,1.0164,0.4585,-0.4983,3.435,-22.046,-0.87,fall
56200,1.0476,0.5007,-0.5134,8.443,-32.176,-6.511,fall
56220,1.0789,0.5059,-0.5481,16.046,-19.893,-3.099,fall
56240,1.0852,0.4927,-0.605,18.198,-3.817,0.641,fall
56260,1.0903,0.4692,-0.5156,11.496,8.641,9.794,fall
56280,1.106,0.4478,-0.5222,6.0,9.695,14.366,fall
56300,1.0935,0.4429,-0.5232,2.221,6.878,8.611,fall
56320,1.0674,0.437,-0.5286,-3.214,-0.405,-0.916,fall
56340,0.9968,0.4172,-0.4949,-9.29,-2.214,-11.786,fall
56360,0.9761,0.418,-0.4988,-10.977,4.069,-14.069,fall
56380,1.0107,0.4902,-0.509,-10.099,4.351,-9.305,fall
56400,1.002,0.4885,-0.4768,-9.931,8.84,-4.038,fall
56420,0.9924,0.4807,-0.4612,-7.771,13.336,0.817,fall
56441,0.9951,0.4846,-0.4854,-4.382,17.023,0.664,fall
56461,1.0042,0.4778,-0.4727,-2.519,17.603,-3.588,fall
56481,0.989,0.4219,-0.4392,-2.298,16.221,-10.168,fall
56501,0.9697,0.3896,-0.4622,-3.985,17.916,-13.878,fall
56521,0.9822,0.4058,-0.4854,-7.656,13.664,-12.145,fall
56541,0.9751,0.4194,-0.4675,-9.557,12.573,-10.458,fall
56561,0.978,0.4294,-0.4453,-10.71,10.344,-8.947,fall
56581,0.9749,0.4341,-0.4534,-12.176,9.023,-8.137,fall
56601,0.9517,0.4412,-0.4089,-12.137,12.931,-8.489,fall
56621,0.947,0.4478,-0.4087,-10.863,16.679,-8.198,fall
56641,0.9492,0.438,-0.4358,-11.977,15.916,-8.611,fall
56661,0.9111,0.4407,-0.4246,-13.901,14.603,-10.458,fall
56681,0.8953,0.4377,-0.395,-12.916,18.183,-10.595,fall
56701,0.9045,0.4661,-0.3938,-12.099,18.359,-9.145,fall
56721,0.9253,0.4451,-0.3958,-10.748,18.702,-9.458,fall
56741,0.9341,0.4202,-0.3684,-10.076,19.855,-9.55,fall
56761,0.9434,0.4487,-0.373,-10.221,19.305,-8.168,fall
56781,0.9487,0.4797,-0.3813,-9.771,18.725,-6.985,fall
56801,0.9534,0.4478,-0.3938,-9.267,18.336,-6.511,fall
56821,0.9353,0.4138,-0.354,-8.466,15.603,-3.382,fall
56841,0.8904,0.4131,-0.3333,-10.435,13.405,-0.794,fall
56861,0.8806,0.4368,-0.3108,-11.641,13.534,0.389,fall
56881,0.8779,0.4624,-0.3062,-11.534,15.74,-1.557,fall
56901,0.8777,0.4412,-0.3218,-10.298,14.534,-3.969,fall
56921,0.8354,0.3945,-0.2827,-8.13,15.389,-5.504,fall
56941,0.7776,0.3909,-0.2727,-8.824,14.817,-4.328,fall
56961,0.7507,0.3887,-0.2739,-8.542,15.076,-2.55,fall
56981,0.7471,0.3826,-0.2573,-8.221,14.733,-3.099,fall
57001,0.7341,0.3862,-0.2405,-7.336,16.718,-3.244,fall
57021,0.7292,0.3853,-0.252,-4.962,18.405,-1.489,fall
57041,0.7383,0.3496,-0.2593,-2.382,20.695,-0.313,fall
57061,0.7397,0.3347,-0.2393,-1.985,22.458,-1.87,fall
57081,0.7285,0.3142,-0.2241,-4.16,22.366,-0.939,fall
57101,0.7214,0.3262,-0.2312,-7.237,21.618,1.725,fall
57121,0.7361,0.3215,-0.2305,-9.443,20.061,3.412,fall
57141,0.7393,0.3367,-0.2107,-10.359,18.969,3.756,fall
57161,0.7424,0.3772,-0.2048,-13.802,17.55,3.115,fall
57181,0.7346,0.4153,-0.2205,-14.878,18.099,3.099,fall
57201,0.7402,0.4497,-0.199,-12.214,17.885,2.351,fall
57221,0.7456,0.4597,-0.146,-10.084,16.802,1.26,fall
57241,0.7681,0.4604,-0.1431,-8.45,17.092,0.588,fall
57261,0.8267,0.4707,-0.1531,-8.252,16.863,-0.069,fall
57281,0.8364,0.5032,-0.1465,-6.985,16.557,-0.382,fall
57301,0.8462,0.5281,-0.1868,-3.779,16.893,-1.076,fall
57321,0.8643,0.5479,-0.2285,3.412,13.893,-0.595,fall
57341,0.8567,0.4849,-0.1875,12.023,11.786,0.519,fall
57361,0.8323,0.3933,-0.1323,10.099,13.809,1.145,fall
57381,0.8267,0.3511,-0.1587,3.191,17.481,2.214,fall
57401,0.9175,0.563,-0.0461,-16.916,27.802,14.267,fall
57421,0.7942,0.4128,-0.1853,-15.969,18.809,6.42,fall
57441,0.8455,0.4248,-0.1528,-10.076,12.985,3.954,fall
57461,0.8875,0.5037,-0.1426,-8.55,7.527,2.878,fall
57481,0.8875,0.491,-0.1279,-2.58,3.153,-0.305,fall
57501,0.9165,0.4744,-0.1372,3.649,4.985,-0.924,fall
57521,0.9175,0.4534,-0.1592,7.023,6.107,-0.672,fall
57541,0.937,0.4409,-0.1643,7.092,3.366,1.466,fall
57561,0.9368,0.4241,-0.1721,6.382,0.847,3.679,fall
57581,0.9185,0.4128,-0.1895,4.321,0.916,5.977,fall
57601,0.9209,0.4102,-0.1831,0.626,1.855,8.206,fall
57621,0.9187,0.4187,-0.1729,-2.664,2.344,8.977,fall
57641,0.9045,0.4138,-0.1636,-5.74,1.679,7.061,fall
57661,0.9167,0.4114,-0.1724,-8.351,0.069,4.427,fall
57681,0.9136,0.4211,-0.1682,-8.481,-2.985,2.534,fall
57701,0.9082,0.4404,-0.1506,-9.328,-3.618,0.626,fall
57721,0.9199,0.4771,-0.1365,-9.885,-1.916,0.565,fall
57741,0.9016,0.4741,-0.1382,-7.649,-1.87,1.198,fall
57761,0.905,0.4509,-0.1621,-5.527,-1.664,2.145,fall
57781,0.8953,0.4443,-0.1655,-3.824,0.038,2.366,fall
57801,0.9136,0.4482,-0.1819,-0.695,-0.275,3.244,fall
57821,0.8955,0.4407,-0.1746,0.45,-1.313,3.214,fall
57841,0.9097,0.4324,-0.1704,1.733,-1.115,3.237,fall
57861,0.928,0.4189,-0.1667,3.718,-3.16,3.885,fall
57881,0.9158,0.4138,-0.1733,3.687,-2.863,3.344,fall
57901,0.9131,0.4141,-0.1812,2.565,-2.359,3.26,fall
57921,0.8967,0.4077,-0.1689,0.344,-1.771,2.756,fall
57941,0.8523,0.3689,-0.1526,0.275,-5.679,4.55,fall
57961,0.9255,0.4058,-0.1965,-0.412,-2.908,3.962,fall
57981,0.9075,0.3901,-0.1899,-2.71,-0.26,3.71,fall
58001,0.9126,0.4109,-0.1877,-3.13,4.176,3.015,fall
58021,0.9263,0.4192,-0.1833,-3.168,-0.038,3.069,fall
58041,0.9333,0.4392,-0.1384,-4.13,1.87,3.084,fall
58061,0.8972,0.4153,-0.1841,-2.687,0.481,3.55,fall
58081,0.9231,0.4199,-0.1873,-1.244,0.313,4.573,fall
58101,0.8962,0.4153,-0.1697,-1.55,0.305,3.626,fall
58121,0.9045,0.4172,-0.1689,-3.313,2.168,3.0,fall
58141,0.9175,0.4214,-0.1892,-3.565,3.168,2.733,fall
58161,0.926,0.4136,-0.1826,-2.916,2.58,2.542,fall
58181,0.9229,0.4099,-0.1838,-1.656,0.901,2.328,fall
58201,0.9209,0.4097,-0.1833,-1.282,-0.282,2.145,fall
58221,0.9189,0.4199,-0.1721,-1.458,-1.137,2.443,fall
58241,0.9048,0.406,-0.1799,-2.397,3.023,2.13,fall
58261,0.917,0.4131,-0.1655,-3.878,3.664,1.504,fall
58281,0.9277,0.4138,-0.1816,-4.328,2.718,0.962,fall
58301,0.915,0.4109,-0.1782,-4.725,2.656,-0.26,fall
58321,0.9053,0.4111,-0.165,-5.42,2.55,-0.412,fall
58341,0.9141,0.4341,-0.1738,-4.656,3.863,-1.672,fall
58361,0.9214,0.4275,-0.1782,-2.542,0.931,-1.55,fall
58381,0.9067,0.4185,-0.1812,-1.427,1.87,-1.351,fall
58401,0.907,0.4226,-0.1685,-0.695,1.908,-0.71,fall
58421,0.9167,0.4219,-0.1938,0.191,4.244,-0.435,fall
58442,0.9324,0.4243,-0.1753,1.664,2.053,-0.115,fall
58462,0.9136,0.407,-0.2058,2.336,-1.595,0.351,fall
58482,0.9282,0.415,-0.1953,1.122,0.046,0.221,fall
58502,0.9263,0.4084,-0.1951,1.023,0.237,-0.466,fall
58522,0.918,0.408,-0.1821,1.115,1.321,-0.435,fall
58542,0.915,0.407,-0.1821,0.954,2.328,-0.008,fall
58562,0.9189,0.4043,-0.1875,0.336,3.344,0.45,fall
58582,0.9221,0.4055,-0.1873,0.153,3.672,0.45,fall
58602,0.9248,0.4104,-0.1963,0.275,3.328,0.443,fall
58622,0.9248,0.4099,-0.1912,1.099,3.58,0.214,fall
58642,0.9192,0.4124,-0.1836,1.214,3.618,0.115,fall
58662,0.918,0.4094,-0.187,1.733,4.076,-0.115,fall
58682,0.9263,0.4126,-0.1926,1.802,4.298,-1.031,fall
58702,0.9207,0.4153,-0.1887,2.328,4.313,-0.908,fall
58722,0.9165,0.4121,-0.1868,2.87,4.412,-0.557,fall
58742,0.918,0.4114,-0.1936,3.626,5.023,-0.679,fall
58762,0.917,0.4141,-0.1943,3.656,5.504,-1.206,fall
58782,0.9189,0.4114,-0.1863,3.969,5.687,-1.237,fall
58802,0.9216,0.4124,-0.1858,4.641,4.725,-1.29,fall
58822,0.9219,0.4141,-0.1855,4.366,3.092,-0.679,fall
58842,0.9182,0.415,-0.1907,4.679,0.733,-0.366,fall
58862,0.9177,0.4082,-0.1929,4.748,1.321,-0.137,fall
58882,0.9207,0.4058,-0.1958,4.366,-0.115,0.534,fall
58902,0.915,0.4009,-0.1848,3.641,0.718,0.344,fall
58922,0.9185,0.4055,-0.1907,2.969,2.267,0.45,fall
58942,0.9214,0.4045,-0.1992,2.779,2.672,0.58,fall
58962,0.9199,0.4082,-0.1985,2.939,2.496,0.481,fall
58982,0.9104,0.4036,-0.198,3.0,3.626,0.023,fall
59002,0.918,0.4048,-0.2,3.038,4.176,-0.191,fall
59022,0.9211,0.4075,-0.2021,3.183,3.908,-0.847,fall
59042,0.9207,0.4089,-0.2048,3.519,3.595,-1.29,fall
59062,0.9133,0.4055,-0.209,3.382,3.641,-0.641,fall
59082,0.9197,0.4099,-0.2009,3.702,4.153,-0.611,fall
59102,0.9202,0.4082,-0.1987,3.855,3.924,-0.305,fall
59122,0.9216,0.4094,-0.1968,4.458,4.145,-0.328,fall
59142,0.9138,0.4067,-0.2056,4.626,4.221,0.229,fall
59162,0.9114,0.3999,-0.2041,4.511,4.328,0.267,fall
59182,0.9199,0.3972,-0.2065,4.366,3.458,0.221,fall
59202,0.9207,0.4009,-0.1982,4.809,3.107,0.42,fall
59222,0.9263,0.4006,-0.2029,3.992,2.641,0.405,fall
59242,0.9197,0.4028,-0.2004,3.115,2.992,0.817,fall
59262,0.9233,0.4055,-0.207,2.588,3.718,1.076,fall
59282,0.9246,0.4097,-0.1992,2.412,3.603,1.0,fall
59302,0.9182,0.408,-0.1985,2.924,3.748,0.679,fall
59322,0.9158,0.4111,-0.2021,3.153,3.473,0.557,fall
59342,0.9192,0.4138,-0.2017,3.641,3.481,0.282,fall
59362,0.9124,0.4136,-0.207,4.305,4.137,0.198,fall
59382,0.915,0.4165,-0.1978,4.198,5.031,0.214,fall
59402,0.9167,0.4163,-0.2029,4.511,4.855,-0.344,fall
59422,0.9214,0.4153,-0.2012,4.863,4.29,-0.931,fall
59442,0.9185,0.4072,-0.1987,4.611,4.702,-0.496,fall
59462,0.9182,0.4084,-0.186,3.672,4.618,-0.374,fall
59482,0.9211,0.4131,-0.1965,3.168,4.511,-0.809,fall
59502,0.9124,0.4089,-0.1921,3.031,4.679,-1.168,fall
59522,0.9138,0.4097,-0.1917,2.313,4.321,-1.992,fall
59542,0.9231,0.4099,-0.1875,1.817,3.496,-2.198,fall
59562,0.9197,0.4141,-0.1936,1.244,3.649,-2.672,fall
59582,0.9131,0.4177,-0.199,1.328,3.702,-2.015,fall
59602,0.9136,0.4153,-0.2034,1.702,3.458,-2.092,fall
59622,0.9175,0.4114,-0.2126,1.924,3.351,-2.16,fall
59642,0.9199,0.408,-0.2073,2.725,3.328,-1.832,fall
59662,0.9272,0.4075,-0.2075,3.565,3.55,-1.305,fall
59682,0.9199,0.3992,-0.2109,3.542,3.84,-1.061,fall
59702,0.9202,0.3977,-0.2068,2.962,4.45,-1.084,fall
59722,0.9224,0.394,-0.2139,3.0,4.038,-1.206,fall
59742,0.9226,0.3896,-0.2109,2.763,3.573,-1.244,fall
59762,0.9233,0.3821,-0.2058,1.557,3.29,-0.992,fall
59782,0.9275,0.3865,-0.2048,-0.015,2.443,-1.252,fall
59802,0.9282,0.397,-0.2029,-0.893,1.55,-0.55,fall
59822,0.9216,0.3994,-0.2122,-1.634,1.641,-0.405,fall
59842,0.9189,0.3997,-0.219,-1.679,2.031,-0.366,fall
59862,0.9194,0.3972,-0.2107,-1.817,2.282,0.031,fall
59882,0.9265,0.4004,-0.2039,-2.038,2.282,-0.13,fall
59902,0.925,0.4036,-0.2151,-1.954,1.954,-0.641,fall
59922,0.9177,0.4104,-0.209,-1.389,2.084,-0.595,fall
59942,0.915,0.4116,-0.2185,-0.962,2.252,-0.405,fall
59962,0.9204,0.4082,-0.2102,0.023,2.176,0.008,fall
59982,0.9202,0.4048,-0.21,0.847,2.618,-0.237,fall
60002,0.9182,0.4075,-0.2114,0.496,2.649,0.359,fall
60022,0.9185,0.4075,-0.2085,0.626,2.992,0.466,fall
60042,0.9207,0.4055,-0.2129,-0.031,3.351,-0.122,fall
60062,0.916,0.4062,-0.2029,0.122,3.237,-0.397,fall
60082,0.916,0.4036,-0.2078,-0.031,3.26,-0.794,fall
60102,0.9133,0.4041,-0.2092,-1.206,2.924,-0.863,fall
60122,0.9175,0.4075,-0.2031,-1.45,2.084,-0.832,fall
60142,0.9189,0.4097,-0.2126,-1.214,1.321,-1.168,fall
60162,0.918,0.4087,-0.2034,-0.542,1.756,-0.641,fall
60182,0.9148,0.4126,-0.2112,-0.466,2.183,-0.252,fall
60202,0.9177,0.4119,-0.2075,-0.351,2.359,-0.061,fall
60222,0.9138,0.4138,-0.2041,0.16,2.504,0.366,fall
60242,0.9128,0.4141,-0.2092,1.015,2.893,0.725,fall
60262,0.9194,0.4128,-0.209,1.718,3.076,0.443,fall
60282,0.9114,0.4111,-0.2122,1.962,3.282,0.267,fall
60302,0.9172,0.4109,-0.2141,1.969,3.16,0.496,fall
60322,0.9182,0.4104,-0.2107,2.183,3.092,0.557,fall
60342,0.9146,0.408,-0.2122,2.649,3.13,0.344,fall
60362,0.9141,0.4055,-0.2129,2.962,3.634,0.534,fall
60382,0.917,0.4102,-0.2112,2.634,4.053,0.863,fall
60402,0.9211,0.4053,-0.2163,2.176,4.076,0.412,fall
60422,0.9204,0.4067,-0.2056,1.893,3.74,0.145,fall
60443,0.9138,0.4136,-0.2119,1.908,3.962,0.053,fall
60463,0.9187,0.4067,-0.2107,1.74,4.992,-0.031,fall
60483,0.9155,0.408,-0.2075,1.718,4.534,0.168,fall
60503,0.9116,0.4097,-0.207,1.397,4.573,-0.053,fall
60523,0.916,0.4153,-0.2056,1.885,3.84,-0.275,fall
60543,0.9136,0.417,-0.2068,2.748,4.282,-0.824,fall
60563,0.9045,0.4109,-0.2075,2.71,5.038,-0.145,fall
60583,0.916,0.4084,-0.2065,2.595,5.145,-0.443,fall
60603,0.9255,0.4009,-0.2107,2.603,4.198,-0.542,fall
60623,0.9231,0.4055,-0.2097,2.115,3.679,-0.504,fall
60643,0.9226,0.4075,-0.2148,1.221,3.916,-0.611,fall
60663,0.9204,0.4011,-0.2095,1.061,3.84,-0.137,fall
60683,0.9248,0.3989,-0.219,0.664,3.702,-0.168,fall
60703,0.9241,0.4023,-0.2029,0.427,3.344,-0.427,fall
60723,0.9182,0.4041,-0.2146,0.061,3.588,-0.519,fall
60743,0.9163,0.407,-0.2102,0.015,3.748,0.038,fall
60763,0.9189,0.405,-0.209,0.298,3.924,-0.366,fall
60783,0.9199,0.4077,-0.2065,0.176,3.748,-0.695,fall
60803,0.9202,0.4114,-0.2073,0.702,3.153,-0.641,fall
60823,0.9202,0.4084,-0.2039,0.527,2.901,-0.382,fall
60843,0.9202,0.4082,-0.2053,0.771,3.053,0.137,fall
60863,0.9197,0.4072,-0.2134,0.641,2.519,0.481,fall
60883,0.9194,0.4077,-0.2039,0.344,2.305,0.305,fall
60903,0.9185,0.4011,-0.2266,1.115,2.092,0.229,fall
60923,0.925,0.3948,-0.2251,1.55,0.435,0.893,fall
60943,0.9246,0.4177,-0.1907,1.695,-0.573,0.275,fall
60963,0.9197,0.4014,-0.2158,2.137,0.863,0.168,fall
60983,0.9163,0.385,-0.2151,1.382,1.191,0.954,fall
61003,0.9253,0.4009,-0.2249,1.321,0.466,-0.305,fall
61023,0.9048,0.395,-0.2214,1.664,1.107,-1.153,fall
61043,0.8979,0.3987,-0.2175,0.84,5.74,-0.977,fall
61063,0.9204,0.4048,-0.2097,-0.084,7.183,-2.153,fall
61083,0.9287,0.4141,-0.2192,-0.443,7.931,-3.443,fall
61103,0.9246,0.4058,-0.2063,-1.321,7.695,-3.519,fall
61123,0.9163,0.3884,-0.1963,-2.809,6.809,-4.099,fall
61143,0.925,0.3843,-0.1917,-3.794,5.534,-4.885,fall
61163,0.9226,0.396,-0.1943,-5.191,4.275,-5.489,fall
61183,0.9255,0.4043,-0.2051,-7.252,3.473,-4.191,fall
61203,0.926,0.4133,-0.2092,-8.275,0.817,-1.855,fall
61223,0.9175,0.4185,-0.2175,-7.359,-1.038,-0.328,fall
61243,0.9126,0.4163,-0.2139,-4.908,-2.099,1.015,fall
61263,0.905,0.4133,-0.2173,-2.603,-1.824,2.351,fall
61283,0.9177,0.4121,-0.2129,-0.527,-0.221,2.313,fall
61303,0.9229,0.3997,-0.2109,0.435,1.405,2.046,fall
61323,0.9167,0.3921,-0.2114,0.817,2.985,2.366,fall
61343,0.9141,0.3923,-0.218,0.229,3.824,2.504,fall
61363,0.9185,0.3921,-0.218,-0.534,2.046,1.656,fall
61383,0.9194,0.3928,-0.2163,-1.099,1.015,0.893,fall
61403,0.9209,0.3936,-0.2012,-2.618,1.153,0.115,fall
61423,0.9253,0.3979,-0.2053,-3.443,1.763,0.45,fall
61443,0.9197,0.405,-0.2097,-4.397,2.527,0.756,fall
61463,0.9236,0.4038,-0.2085,-4.901,2.649,0.687,fall
61483,0.917,0.4087,-0.2063,-5.099,1.763,0.603,fall
61503,0.9148,0.4102,-0.2102,-5.168,1.527,0.84,fall
61523,0.9126,0.4121,-0.2046,-4.977,1.145,0.885,fall
61543,0.9214,0.4119,-0.1992,-4.763,1.168,0.74,fall
61563,0.915,0.4094,-0.2002,-4.427,1.038,0.557,fall
61583,0.9128,0.4114,-0.2061,-4.046,1.847,0.42,fall
61603,0.9182,0.4136,-0.2041,-3.626,2.611,-0.038,fall
61623,0.916,0.4131,-0.2141,-2.641,2.649,-0.084,fall
61643,0.9172,0.4106,-0.2073,-2.58,2.344,-0.061,fall
61663,0.9163,0.4116,-0.2024,-2.588,2.595,-0.115,fall
61683,0.9148,0.4126,-0.1985,-2.481,3.221,-0.282,fall
61703,0.9207,0.4121,-0.209,-1.992,3.786,-0.672,fall
61723,0.9182,0.415,-0.2034,-1.725,3.504,-1.038,fall
61743,0.9102,0.4041,-0.2075,-1.466,3.603,-0.84,fall
61763,0.9158,0.4067,-0.2019,-1.58,3.557,-1.313,fall
61783,0.9124,0.4119,-0.2102,-1.473,2.908,-1.015,fall
61803,0.9153,0.4102,-0.2019,-1.786,2.74,-1.176,fall
61823,0.9158,0.4038,-0.2007,-1.763,3.435,-1.115,fall
61843,0.9248,0.4067,-0.2051,-1.809,4.26,-1.069,fall
61863,0.916,0.4084,-0.1926,-2.084,3.893,-1.305,fall
61883,0.9141,0.417,-0.21,-2.183,4.084,-1.344,fall
61903,0.9067,0.4163,-0.2051,-1.969,3.802,-1.626,fall
61923,0.9126,0.416,-0.2017,-1.71,4.489,-1.924,fall
61943,0.9153,0.4138,-0.2114,-0.756,4.359,-2.618,fall
61963,0.9136,0.4175,-0.2112,0.237,4.893,-2.885,fall
61983,0.9119,0.4185,-0.1975,-0.053,5.053,-2.786,fall
62003,0.9138,0.4233,-0.2024,0.305,5.26,-2.824,fall
62023,0.9138,0.427,-0.1978,0.954,6.511,-3.435,fall
62043,0.9138,0.4312,-0.1948,1.908,7.13,-3.542,fall
62063,0.9028,0.4316,-0.187,2.588,8.527,-4.061,fall
62083,0.9014,0.4382,-0.1755,3.389,8.931,-4.924,fall
62103,0.8992,0.4375,-0.1729,3.893,8.786,-5.244,fall
62123,0.8933,0.4402,-0.1685,4.45,7.947,-5.992,fall
62143,0.8867,0.4504,-0.178,3.534,4.924,-5.863,fall
62163,0.8472,0.4792,-0.1741,0.13,0.137,-4.366,fall
62183,0.8206,0.5015,-0.1606,-4.985,-2.267,-2.603,fall
62203,0.7773,0.5662,-0.095,-9.893,-6.099,-0.519,fall
62223,0.6433,0.6562,-0.0408,-14.908,-4.71,0.893,fall
62243,0.4729,0.6809,0.0188,-14.931,4.29,-1.122,fall
62263,0.3386,0.5559,0.0083,-2.641,20.611,-7.031,fall
62283,0.2278,0.2683,-0.0369,12.038,27.427,-6.504,fall
62303,0.2849,0.2,-0.0044,36.58,32.015,-14.87,fall
62323,0.0833,0.0364,-0.02,34.878,39.336,-15.511,fall
62343,0.2156,-0.137,-0.157,43.397,45.076,-18.344,fall
62363,0.1941,-0.167,-0.1494,48.328,8.817,-20.191,fall
62383,0.3723,-0.1624,-0.3423,46.351,-49.595,-12.389,fall
62403,0.542,-0.0657,-0.1306,39.153,-126.527,-3.435,fall
62423,0.7744,0.0759,0.0781,-3.611,-175.679,-34.023,fall
62444,1.3513,0.1746,-0.4971,-77.023,-77.992,-68.023,fall
62464,1.1206,0.8528,-0.1682,-90.527,-50.298,-43.817,fall
62484,1.5686,1.0801,-0.6096,-15.298,-34.237,-34.519,fall
62504,1.385,1.1357,-0.4746,35.084,-6.282,27.099,fall
62524,1.0242,0.6462,-0.4507,34.137,27.137,62.496,fall
62544,1.0935,0.4109,-0.6433,34.084,32.099,75.405,fall
62564,1.0195,0.4358,-0.3984,38.038,-2.42,48.916,fall
62584,1.0181,0.415,-0.3093,31.786,-27.458,16.58,fall
62604,1.0305,0.489,-0.4487,25.55,-37.29,-7.115,fall
62624,1.2334,0.5566,-0.6282,24.092,-44.534,-16.687,fall
62644,1.2837,0.3779,-0.5193,25.832,-29.817,-9.191,fall
62664,1.1689,0.3411,-0.4436,20.427,6.824,17.443,fall
62684,1.0808,0.5029,-0.52,8.855,9.389,36.16,fall
62704,1.0964,0.6101,-0.5552,6.313,-8.038,31.244,fall
62724,1.0623,0.5654,-0.4761,9.137,-6.58,16.412,fall
62744,1.0291,0.5342,-0.4946,14.832,-6.122,4.794,fall
62764,1.0417,0.5828,-0.5146,20.969,-16.405,1.053,fall
62784,1.1343,0.5962,-0.5349,22.473,-18.405,4.611,fall
62804,1.1082,0.5029,-0.5027,21.473,1.687,6.176,fall
62824,1.0757,0.3887,-0.4985,15.687,20.763,9.305,fall
62844,1.042,0.4475,-0.5093,10.0,8.939,10.504,fall
62864,0.9919,0.4722,-0.4797,5.565,-1.145,3.443,fall
62884,0.9502,0.4102,-0.4895,2.802,8.176,-6.84,fall
62904,0.8994,0.3706,-0.4893,0.725,14.351,-11.947,fall
62924,0.8733,0.4236,-0.4851,-2.374,9.237,-9.176,fall
62944,0.8835,0.4797,-0.4648,-3.664,0.489,-4.969,fall
62964,0.8911,0.425,-0.4531,-3.832,6.748,-3.87,fall
62984,0.9072,0.3674,-0.4761,-2.229,13.863,-1.977,fall
63004,0.8884,0.3799,-0.4214,-2.458,5.053,-0.443,fall
63024,0.8589,0.4153,-0.3857,-5.107,-0.412,-1.634,fall
63044,0.8301,0.4202,-0.377,-6.252,3.977,-4.695,fall
63064,0.8398,0.3877,-0.4053,-6.374,8.885,-4.794,fall
63084,0.8376,0.3835,-0.4067,-3.863,5.679,-3.099,fall
63104,0.8423,0.4182,-0.4087,-1.031,0.802,-0.557,fall
63124,0.8301,0.4192,-0.3853,-0.664,3.931,-1.519,fall
63144,0.8491,0.3958,-0.3987,-1.321,9.321,-2.863,fall
63164,0.8647,0.3557,-0.3782,-2.443,8.397,-3.229,fall
63184,0.8657,0.3794,-0.3838,-2.13,1.733,-3.939,fall
63204,0.8616,0.4209,-0.4097,-2.115,-1.939,-4.435,fall
63224,0.8354,0.3823,-0.3992,-2.84,2.939,-4.84,fall
63244,0.8262,0.3706,-0.4192,-2.115,5.809,-3.702,fall
63264,0.8298,0.4187,-0.4043,-0.947,1.214,0.298,fall
63284,0.8269,0.4131,-0.3833,0.603,0.366,2.427,fall
63304,0.8472,0.3713,-0.4031,1.412,6.221,1.901,fall
63324,0.8599,0.3823,-0.4128,0.802,6.756,0.74,fall
63344,0.8643,0.4065,-0.3989,-1.145,2.977,1.26,fall
63364,0.8542,0.3962,-0.3918,-2.382,3.786,-1.053,fall
63384,0.8711,0.3853,-0.4202,-1.176,5.076,-2.382,fall
63404,0.8757,0.3882,-0.4377,-0.855,3.977,-1.855,fall
63424,0.8701,0.4026,-0.427,-2.351,2.389,-0.863,fall
63444,0.8738,0.4307,-0.4053,-4.099,0.244,-0.344,fall
63464,0.8831,0.4119,-0.3728,-3.702,1.023,-1.565,fall
63484,0.8955,0.387,-0.4221,-2.298,4.046,-2.511,fall
63504,0.8853,0.3987,-0.4368,-0.893,-1.481,-2.359,fall
63524,0.854,0.4202,-0.4097,-2.405,-4.55,-1.031,fall
63544,0.8484,0.4133,-0.3728,-4.779,-0.275,0.573,fall
63564,0.8728,0.4028,-0.417,-4.298,8.153,1.313,fall
63584,0.8882,0.4202,-0.4385,-1.87,4.405,1.763,fall
63604,0.8779,0.417,-0.4197,-0.084,-1.985,1.252,fall
63624,0.8691,0.3989,-0.4055,-0.534,0.427,-0.466,fall
63644,0.8613,0.3892,-0.4167,-2.26,6.038,-1.107,fall
63664,0.8477,0.4028,-0.4126,-3.603,4.771,-0.107,fall
63684,0.8611,0.4302,-0.3979,-2.924,0.168,-0.42,fall
63704,0.8904,0.4246,-0.4194,-1.321,4.053,-1.634,fall
63724,0.8887,0.4146,-0.4294,-1.71,7.71,-2.305,fall
63744,0.8635,0.417,-0.4131,-3.435,4.092,-1.885,fall
63764,0.8684,0.4058,-0.3979,-4.885,0.71,-1.26,fall
63784,0.9255,0.4407,-0.4387,-2.611,0.481,-1.504,fall
63804,0.9304,0.4602,-0.4316,-4.16,2.656,-2.366,fall
63824,0.9136,0.4253,-0.4033,-7.084,4.969,-2.298,fall
63844,0.9104,0.4065,-0.415,-8.191,6.198,-2.427,fall
63864,0.9658,0.4507,-0.4727,-6.137,5.351,-1.618,fall
63884,0.9771,0.4929,-0.4719,-5.328,2.481,-1.649,fall
63904,0.9492,0.4636,-0.4243,-6.641,4.565,-2.947,fall
63924,0.9592,0.4766,-0.4236,-9.229,6.931,-4.458,fall
63944,0.9797,0.4919,-0.4392,-9.496,7.542,-6.0,fall
63964,0.9856,0.5042,-0.4365,-10.878,7.16,-7.435,fall
63984,0.9514,0.5007,-0.4004,-12.443,8.084,-8.573,fall
64004,0.9514,0.5229,-0.4282,-13.168,5.916,-9.405,fall
64024,0.9741,0.5186,-0.4524,-13.527,9.45,-11.855,fall
64044,0.9736,0.4839,-0.4114,-13.023,10.061,-13.374,fall
64064,0.9683,0.4739,-0.3823,-13.985,8.985,-13.962,fall
64084,0.9692,0.4949,-0.4048,-17.931,8.122,-12.748,fall
64104,0.9539,0.502,-0.3877,-22.313,10.328,-12.695,fall
64124,0.9355,0.4797,-0.4058,-23.053,11.947,-14.038,fall
64144,0.8984,0.5005,-0.4133,-24.16,9.756,-13.0,fall
64164,0.8704,0.4873,-0.394,-22.847,7.939,-12.824,fall
64184,0.8872,0.4856,-0.4165,-19.977,5.74,-12.023,fall
64204,0.9138,0.4949,-0.4001,-19.145,5.618,-9.366,fall
64224,0.9065,0.5071,-0.3645,-20.702,1.519,-5.962,fall
64244,0.8818,0.4868,-0.3667,-25.908,-0.122,-5.0,fall
64264,0.8911,0.4724,-0.3884,-31.168,-0.053,-3.832,fall
64284,0.8967,0.4883,-0.4026,-34.26,-1.053,-3.618,fall
64304,0.8958,0.5044,-0.4062,-36.397,-10.168,-1.519,fall
64324,0.864,0.5017,-0.3696,-38.237,-12.122,0.817,fall
64344,0.8311,0.4666,-0.3381,-42.092,-11.092,5.969,fall
64364,0.8044,0.4368,-0.3301,-48.992,-10.84,11.168,fall
64384,0.7812,0.4421,-0.3059,-54.382,-12.366,14.275,fall
64404,0.7705,0.4507,-0.2837,-60.565,-13.672,15.954,fall
64424,0.7722,0.4282,-0.3115,-65.695,-16.977,15.985,fall
64445,0.7539,0.4382,-0.304,-69.267,-18.733,15.221,fall
64465,0.7402,0.4395,-0.2842,-70.176,-23.275,15.74,fall
64485,0.7073,0.3965,-0.2368,-72.267,-26.298,16.916,fall
64505,0.7068,0.3918,-0.2329,-74.771,-28.145,19.366,fall
64525,0.7095,0.4092,-0.2207,-77.313,-31.71,20.954,fall
64545,0.7285,0.4392,-0.2351,-77.206,-33.313,21.847,fall
64565,0.7639,0.4568,-0.2227,-75.321,-34.313,21.328,fall
64585,0.7615,0.4307,-0.176,-74.908,-31.847,22.321,fall
64605,0.7581,0.4253,-0.1755,-76.939,-29.29,24.389,fall
64625,0.7495,0.4089,-0.1711,-79.366,-30.298,27.061,fall
64645,0.769,0.3984,-0.167,-76.031,-27.618,29.0,fall
64665,0.7981,0.4124,-0.1318,-73.977,-25.153,29.145,fall
64685,0.8308,0.4536,-0.1348,-72.473,-19.832,26.496,fall
64705,0.8779,0.4822,-0.0999,-68.847,-18.153,23.069,fall
64725,0.8887,0.5044,-0.0818,-63.595,-16.496,18.939,fall
64745,0.8916,0.5017,-0.103,-57.153,-10.847,14.74,fall
64765,0.8521,0.5049,-0.094,-51.794,-4.931,10.916,fall
64785,0.8428,0.4497,-0.0759,-50.985,0.656,10.115,fall
64805,0.8457,0.4468,-0.0332,-54.008,5.496,8.832,fall
64825,0.845,0.437,-0.082,-58.359,3.374,7.725,fall
64845,0.8691,0.4443,-0.1309,-56.137,-1.809,6.718,fall
64865,0.9197,0.4375,-0.116,-52.45,-10.153,3.649,fall
64885,0.9556,0.3926,-0.1099,-49.969,-18.168,0.321,fall
64905,0.9377,0.3506,-0.0789,-50.405,-19.504,-0.832,fall
64925,0.8992,0.3799,-0.093,-57.931,-19.84,1.947,fall
64945,0.8809,0.4424,-0.1016,-62.046,-22.695,4.092,fall
64965,0.853,0.4683,-0.0974,-56.695,-23.618,6.145,fall
64985,0.8411,0.4678,-0.0933,-46.099,-19.443,8.0,fall
65005,0.8621,0.4731,-0.0977,-37.221,-15.595,10.382,fall
65025,0.9175,0.4531,-0.0786,-30.153,-17.26,10.458,fall
65045,0.9312,0.4224,-0.0486,-25.443,-20.908,10.206,fall
65065,0.9187,0.406,-0.0906,-22.794,-22.557,10.527,fall
65085,0.8982,0.4211,-0.0745,-19.802,-20.244,9.122,fall
65105,0.9104,0.4497,-0.0513,-16.389,-19.603,6.336,fall
65125,0.925,0.4539,-0.0488,-11.588,-16.053,2.183,fall
65145,0.918,0.46,-0.0745,-4.702,-13.031,1.45,fall
65165,0.9102,0.4849,-0.0771,1.237,-12.656,1.237,fall
65185,0.9373,0.4783,-0.0693,8.16,-11.756,-1.298,fall
65205,0.9224,0.4287,-0.0464,12.756,-8.557,-1.061,fall
65225,0.9216,0.4182,-0.0562,11.695,-4.985,-0.313,fall
65245,0.8892,0.428,-0.042,9.328,-2.038,-1.099,fall
65265,0.8701,0.4094,-0.0481,10.588,2.023,-3.824,fall
65285,0.845,0.3772,-0.0654,15.16,5.74,-5.076,fall
65305,0.8582,0.3887,-0.1306,21.573,2.962,-5.687,fall
65325,0.8887,0.4209,-0.113,28.115,-6.122,-8.45,fall
65345,0.8967,0.3972,-0.0791,35.374,-9.16,-12.969,fall
65365,0.9163,0.3701,-0.0881,38.206,-10.267,-16.611,fall
65385,0.9602,0.387,-0.0747,38.916,-15.55,-18.901,fall
65405,0.9763,0.3972,-0.0452,40.687,-17.031,-21.061,fall
65425,1.0002,0.3699,-0.0347,44.977,-10.626,-22.015,fall
65445,1.022,0.3567,-0.0151,47.122,-6.588,-20.855,fall
65465,0.9907,0.3862,-0.0422,44.229,3.252,-16.832,fall
65485,0.9436,0.4551,-0.113,40.084,14.687,-10.985,fall
65505,0.8799,0.5142,-0.1807,36.389,22.672,-7.115,fall
65525,0.825,0.5403,-0.2139,33.656,27.061,-3.733,fall
65545,0.8479,0.48,-0.2751,25.366,33.985,-1.168,fall
65565,0.9011,0.4805,-0.3091,10.687,38.038,1.359,fall
65585,0.9409,0.6284,-0.3701,-1.42,43.534,3.466,fall
65605,1.0405,0.7715,-0.3975,-11.229,40.198,0.107,fall
65625,1.0276,0.7026,-0.4402,-16.321,36.122,-9.168,fall
65645,0.9043,0.6565,-0.4626,-16.573,41.511,-15.305,fall
65665,0.8423,0.7554,-0.5247,-6.885,47.183,-21.305,fall
65685,0.7878,0.8804,-0.4656,8.687,35.16,-21.55,fall
65705,0.7363,0.854,-0.4438,27.527,21.969,-19.557,fall
65725,0.6572,0.7268,-0.4082,50.13,12.595,-12.397,fall
65745,0.6025,0.573,-0.3782,64.137,9.603,-5.916,fall
65765,0.6096,0.4517,-0.3367,62.55,13.473,-3.725,fall
65785,0.6455,0.3762,-0.3137,51.489,19.382,-5.321,fall
65805,0.7002,0.4065,-0.3005,38.496,21.099,-3.389,fall
65825,0.751,0.4663,-0.2976,31.42,20.863,-2.656,fall
65845,0.8044,0.4463,-0.2734,36.237,18.878,-2.542,fall
65865,0.762,0.4104,-0.2361,36.824,14.84,1.962,fall
65885,0.749,0.4451,-0.2664,30.893,21.473,9.641,fall
65905,0.8218,0.5139,-0.3069,28.107,29.122,13.504,fall
65925,0.8582,0.5361,-0.2988,30.893,26.29,15.29,fall
65945,0.7915,0.5068,-0.251,35.565,24.649,16.977,fall
65965,0.7351,0.4932,-0.2495,34.756,32.076,17.26,fall
65985,0.7583,0.5242,-0.2495,36.031,42.214,12.656,fall
66005,0.7727,0.5178,-0.2205,39.931,52.427,9.053,fall
66025,0.7593,0.4751,-0.1948,44.496,58.656,9.695,fall
66045,0.7371,0.4578,-0.1812,44.649,67.832,12.504,fall
66065,0.7881,0.4822,-0.1843,40.893,73.122,12.298,fall
66085,0.9465,0.5479,-0.2068,40.26,60.763,5.282,fall
66105,1.0232,0.623,-0.0999,42.901,52.038,-9.916,fall
66125,1.0493,0.6162,-0.199,49.985,34.496,-16.313,fall
66145,1.0728,0.6003,-0.186,58.145,32.779,-19.733,fall
66165,0.9854,0.4551,-0.1882,65.672,29.557,-15.519,fall
66185,0.9121,0.3479,-0.1667,58.725,36.061,-7.511,fall
66205,0.9531,0.3203,-0.2358,44.878,34.954,-1.733,fall
66225,1.0308,0.3557,-0.2646,31.008,23.053,-1.519,fall
66245,1.0447,0.3945,-0.2571,19.702,13.794,-6.565,fall
66265,0.9912,0.3628,-0.2483,11.84,6.42,-7.695,fall
66285,0.9333,0.3276,-0.1978,8.443,4.305,-5.504,fall
66305,0.9348,0.3079,-0.1851,5.977,3.099,-2.382,fall
66325,0.9346,0.3005,-0.1802,3.267,0.221,0.496,fall
66345,0.9473,0.3071,-0.1567,1.786,-3.527,3.359,fall
66365,0.9773,0.3457,-0.1494,3.183,-5.0,3.344,fall
66385,0.9729,0.3733,-0.1333,8.901,-3.366,4.198,fall
66405,0.9492,0.4092,-0.1431,16.344,0.695,6.015,fall
66425,0.927,0.4399,-0.1428,26.267,2.779,7.092,fall
66446,0.9272,0.4231,-0.1526,35.687,4.58,6.763,fall
66466,0.9412,0.3845,-0.1272,39.427,6.244,5.275,fall
66486,0.9575,0.3696,-0.1311,37.641,6.641,3.397,fall
66506,0.9575,0.3716,-0.1235,33.519,5.656,1.282,fall
66526,0.9502,0.3711,-0.1331,29.931,3.511,-0.939,fall
66546,0.9497,0.3662,-0.1238,27.191,0.45,-3.405,fall
66566,0.95,0.3716,-0.123,25.947,-2.924,-5.634,fall
66586,0.9565,0.3611,-0.1121,26.008,-4.985,-7.664,fall
66606,0.9521,0.3982,-0.1023,22.038,-6.641,-8.542,fall
66626,0.9241,0.4568,-0.1218,15.725,-8.305,-7.756,fall
66646,0.9255,0.4705,-0.0793,15.527,-6.29,-9.389,fall
66666,0.8555,0.5002,-0.0459,17.916,-3.992,-9.718,fall
66686,0.7979,0.5894,-0.1221,15.802,5.756,-5.298,fall
66706,0.7849,0.6118,-0.2183,12.099,16.031,-2.511,fall
66726,0.7966,0.551,-0.2683,10.611,17.321,-0.107,fall
66746,0.8713,0.5479,-0.2939,18.359,15.969,-3.924,fall
66766,0.864,0.5132,-0.2893,30.443,12.229,-11.573,fall
66786,0.825,0.4265,-0.283,41.221,11.466,-15.061,fall
66806,0.8794,0.3755,-0.3262,43.786,14.176,-16.908,fall
66826,0.9612,0.3599,-0.3389,43.481,14.565,-18.656,fall
66846,0.988,0.3318,-0.4084,38.947,8.466,-15.832,fall
66866,0.9658,0.3447,-0.4309,34.153,5.702,-9.099,fall
66886,0.9155,0.3899,-0.4067,24.336,7.427,-1.634,fall
66906,0.8813,0.4016,-0.4402,17.969,8.45,2.725,fall
66926,0.8577,0.3716,-0.4368,20.916,9.351,4.321,fall
66946,0.8579,0.3408,-0.4075,20.634,9.878,4.985,fall
66966,0.8354,0.3259,-0.3979,14.71,8.893,6.16,fall
66986,0.8186,0.3228,-0.4053,7.695,10.046,8.748,fall
67006,0.824,0.3125,-0.3794,2.069,9.374,10.359,fall
67026,0.7988,0.3184,-0.3354,-3.588,11.031,10.229,fall
67046,0.8027,0.3542,-0.3247,-8.405,14.695,8.771,fall
67066,0.8215,0.4016,-0.3098,-12.321,19.382,6.534,fall
67086,0.8162,0.4297,-0.2581,-15.183,27.847,6.74,fall
67106,0.8306,0.4473,-0.2607,-16.489,36.641,7.962,fall
67126,0.9551,0.5205,-0.3147,-20.229,30.847,6.16,fall
67146,1.1936,0.5881,-0.3044,-15.282,6.511,-2.504,fall
67166,1.104,0.5479,-0.1277,-10.733,-3.496,-7.962,fall
67186,0.866,0.458,-0.2075,-6.595,12.786,1.244,fall
67206,0.8186,0.4062,-0.2231,-2.031,23.901,10.374,fall
67226,0.8877,0.4004,-0.2651,-4.183,14.282,8.229,fall
67246,0.9004,0.3943,-0.259,-9.496,1.656,3.985,fall
67266,0.8896,0.3809,-0.2407,-14.115,-3.794,1.137,fall
67286,0.9214,0.3821,-0.217,-14.504,-4.58,0.969,fall
67306,0.9707,0.3865,-0.199,-13.282,-3.74,0.366,fall
67326,0.969,0.3958,-0.1938,-11.153,-5.069,1.008,fall
67346,0.9229,0.4172,-0.1631,-10.427,-4.122,1.641,fall
67366,0.9136,0.4238,-0.1733,-8.351,0.321,1.908,fall
67386,0.915,0.4282,-0.1963,-6.847,1.0,2.702,fall
67406,0.9194,0.4316,-0.2073,-5.916,-0.832,3.718,fall
67426,0.9158,0.439,-0.1741,-3.618,-1.015,4.916,fall
67446,0.9121,0.4189,-0.1592,-1.351,1.924,3.588,fall
67466,0.9014,0.4019,-0.1582,-0.473,4.985,2.137,fall
67486,0.9243,0.3921,-0.1599,-0.71,5.16,0.802,fall
67506,0.9465,0.4028,-0.165,-0.366,2.405,-0.344,fall
67526,0.9321,0.4268,-0.1685,1.076,-1.634,-0.084,fall
67546,0.9126,0.4329,-0.1726,2.168,-1.725,0.908,fall
67566,0.9175,0.4204,-0.1685,3.595,0.473,1.786,fall
67586,0.9138,0.4199,-0.175,5.023,2.733,2.412,fall
67606,0.9224,0.4185,-0.1658,5.45,4.015,2.481,fall
67626,0.926,0.4209,-0.1733,6.55,4.038,2.145,fall
67646,0.9114,0.4246,-0.1797,8.191,3.13,1.702,fall
67666,0.9219,0.4226,-0.1758,9.573,2.855,1.603,fall
67686,0.9224,0.4209,-0.1807,9.863,2.221,1.473,fall
67706,0.9292,0.4216,-0.1772,10.26,2.916,1.458,fall
67726,0.9175,0.4167,-0.1714,10.435,3.298,1.847,fall
67746,0.9158,0.4194,-0.1809,10.198,3.695,1.763,fall
67766,0.9155,0.4214,-0.1821,11.099,3.855,1.695,fall
67786,0.9148,0.4197,-0.1736,11.916,3.389,1.176,fall
67806,0.9192,0.4197,-0.1904,13.198,3.901,0.641,fall
67826,0.916,0.4114,-0.1897,13.55,3.824,0.824,fall
67846,0.9124,0.4133,-0.1992,13.336,3.656,0.679,fall
67866,0.9185,0.4121,-0.1951,12.71,3.328,0.985,fall
67886,0.9216,0.406,-0.2061,12.962,4.237,1.069,fall
67906,0.917,0.3958,-0.2112,13.023,4.092,0.916,fall
67926,0.9209,0.3914,-0.21,12.382,4.076,0.458,fall
67946,0.9209,0.3979,-0.2166,10.969,3.87,0.443,fall
67966,0.9207,0.3936,-0.2139,9.916,3.817,0.603,fall
67986,0.9214,0.3967,-0.2214,9.672,3.977,0.412,fall
68006,0.9155,0.3938,-0.2312,8.656,3.992,-0.069,fall
68026,0.9109,0.3958,-0.238,6.786,3.489,-1.29,fall
68046,0.9099,0.4102,-0.2307,4.664,3.061,-2.191,fall
68066,0.9243,0.417,-0.2258,6.382,2.931,-3.519,fall
68086,0.9155,0.4216,-0.2358,10.573,2.679,-3.847,fall
68106,0.9053,0.4038,-0.2341,12.985,3.519,-3.137,fall
68126,0.9119,0.3894,-0.2395,11.901,5.198,-2.168,fall
68146,0.9226,0.3892,-0.2432,10.427,5.634,-1.26,fall
68166,0.9248,0.3892,-0.239,9.321,5.397,-0.832,fall
68186,0.9214,0.3875,-0.2473,9.115,5.031,-0.893,fall
68206,0.9175,0.3765,-0.2476,9.336,4.855,-0.748,fall
68226,0.917,0.3708,-0.2551,8.779,4.092,-0.496,fall
68246,0.9194,0.3694,-0.2517,7.237,3.115,-0.282,fall
68266,0.9224,0.373,-0.2551,6.076,2.885,0.122,fall
68286,0.9253,0.3794,-0.2444,6.382,3.282,0.519,fall
68306,0.9202,0.3809,-0.251,6.244,4.038,0.496,fall
68326,0.916,0.385,-0.2498,5.427,4.756,1.084,fall
68346,0.9165,0.3901,-0.2432,4.87,4.16,1.305,fall
68366,0.9153,0.3967,-0.2468,5.405,3.656,1.099,fall
68386,0.9202,0.3962,-0.2556,5.924,2.802,1.366,fall
68406,0.9119,0.3853,-0.2473,5.748,2.573,1.374,fall
68426,0.9214,0.3818,-0.2493,4.046,2.794,1.939,fall
68447,0.9229,0.3806,-0.2458,2.947,2.588,2.557,fall
68467,0.9233,0.3918,-0.2434,2.534,2.374,2.855,fall
68487,0.9207,0.3931,-0.2378,2.389,2.672,2.885,fall
68507,0.9153,0.3923,-0.2461,1.954,2.519,3.176,fall
68527,0.9236,0.386,-0.2495,2.069,2.221,3.565,fall
68547,0.9187,0.397,-0.2446,2.13,1.107,3.137,fall
68567,0.915,0.3958,-0.2419,2.779,1.267,3.267,fall
68587,0.9172,0.3809,-0.2471,3.069,1.183,3.183,fall
68607,0.9263,0.3835,-0.2441,2.641,0.649,3.099,fall
68627,0.9229,0.3865,-0.2434,2.756,0.557,2.794,fall
68647,0.9221,0.3948,-0.2466,2.794,0.641,3.412,fall
68667,0.925,0.3867,-0.2456,3.099,0.863,4.267,fall
68687,0.9277,0.385,-0.2446,3.267,0.443,4.679,fall
68707,0.9175,0.384,-0.2505,2.992,-0.092,4.901,fall
68727,0.9182,0.3843,-0.248,3.527,-0.092,4.939,fall
68747,0.9167,0.3875,-0.2529,3.13,0.16,5.16,fall
68767,0.925,0.3875,-0.2502,3.244,0.168,4.649,fall
68787,0.9255,0.385,-0.2517,4.008,-0.313,4.969,fall
68807,0.9214,0.385,-0.2485,4.908,-0.435,4.985,fall
68827,0.9163,0.3877,-0.2463,5.443,-0.656,5.183,fall
68847,0.9211,0.3928,-0.2495,6.13,-0.45,5.573,fall
68867,0.9221,0.3862,-0.2473,7.008,-0.794,6.206,fall
68887,0.9155,0.3889,-0.2507,7.145,-1.702,7.168,fall
68907,0.9182,0.3845,-0.2483,7.84,-1.809,7.405,fall
68927,0.926,0.3867,-0.2507,8.313,-1.855,7.534,fall
68947,0.9219,0.3896,-0.2393,9.015,-2.702,7.977,fall
68967,0.9136,0.3931,-0.2258,8.718,-2.573,9.053,fall
68987,0.9209,0.4031,-0.2334,10.366,-2.931,8.817,fall
69007,0.9077,0.4016,-0.2275,12.496,-2.687,8.611,fall
69027,0.9055,0.4041,-0.2358,13.359,0.16,7.092,fall
69047,0.8931,0.4084,-0.2056,12.26,2.885,6.672,fall
69067,0.896,0.4226,-0.1873,12.718,3.527,5.389,fall
69087,0.9075,0.436,-0.1838,17.076,4.137,3.389,fall
69107,0.918,0.3853,-0.2231,24.649,3.527,1.695,fall
69127,0.9355,0.3684,-0.2571,31.015,-0.267,1.519,fall
69147,0.9495,0.3679,-0.2664,34.679,-4.557,1.42,fall
69167,0.9417,0.3662,-0.2412,36.191,-5.267,3.023,fall
69187,0.9299,0.3684,-0.2356,38.191,-3.282,6.053,fall
69207,0.9316,0.3755,-0.2383,39.634,-4.565,9.305,fall
69227,0.9009,0.3713,-0.2388,40.466,-4.534,12.824,fall
69247,0.8726,0.3633,-0.2371,39.641,-3.511,17.412,fall
69267,0.8647,0.3572,-0.2178,38.55,-4.221,19.954,fall
69287,0.8831,0.3594,-0.2146,38.359,-8.13,20.611,fall
69307,0.845,0.3604,-0.1936,37.626,-11.695,20.809,fall
69327,0.7834,0.3486,-0.2039,33.42,-7.13,21.519,fall
69347,0.7688,0.3079,-0.2097,31.107,-1.229,21.122,fall
69367,0.8076,0.2742,-0.2109,28.267,-0.145,18.153,fall
69387,0.8367,0.2732,-0.2095,21.977,-3.794,15.603,fall
69407,0.8076,0.2769,-0.1807,17.542,-3.076,16.008,fall
69427,0.7844,0.269,-0.2131,14.817,0.046,18.855,fall
69447,0.7793,0.2512,-0.2424,12.588,-6.74,24.695,fall
69467,0.7095,0.2759,-0.2109,7.763,-10.992,31.794,fall
69487,0.613,0.2957,-0.208,2.962,-7.534,38.672,fall
69507,0.5605,0.2483,-0.2517,3.771,-2.908,46.55,fall
69527,0.5598,0.2319,-0.2378,6.412,-12.794,51.382,fall
69547,0.5549,0.2083,-0.2139,9.573,-25.153,50.771,fall
69567,0.5198,0.1663,-0.2405,10.74,-42.679,48.115,fall
69587,0.5012,0.1643,-0.2214,9.695,-51.771,49.099,fall
69607,0.4807,0.1174,-0.2839,14.672,-54.412,53.664,fall
69627,0.5261,0.0159,-0.4814,21.878,-63.252,59.443,fall
69647,0.6406,-0.1899,-0.5901,34.16,-78.588,67.809,fall
69667,0.8147,-0.3418,-0.7168,47.595,-104.847,88.664,fall
69687,1.0566,-0.4067,-0.8438,58.893,-141.611,123.588,fall
69707,1.405,-0.4114,-0.8652,69.687,-152.641,151.985,fall
69727,1.8518,-0.3333,-1.1367,99.947,-123.267,175.924,fall
69747,1.8857,-0.5703,-1.5312,62.756,-148.13,171.122,fall
69767,1.2935,-0.4456,-1.5469,85.687,-89.763,165.374,fall
69787,0.8479,-0.6421,-1.5215,89.176,-65.206,167.832,fall
69807,0.6892,-0.7036,-1.21,90.87,-54.412,188.565,fall
69827,0.7075,-0.5637,-0.7778,95.351,-44.069,185.916,fall
69847,0.6709,-0.364,-0.4998,102.45,-81.176,183.061,fall
69867,0.4133,-0.179,-0.4324,65.954,-86.756,166.412,fall
69887,0.4553,-0.2136,-0.4817,45.443,-88.16,139.366,fall
69907,0.655,-0.197,-0.5439,43.916,-98.038,140.26,fall
69927,0.4929,-0.4373,-0.6924,61.42,-135.496,137.656,fall
69947,0.1519,-0.8149,-0.8589,72.099,-147.641,163.489,fall
69967,-0.0405,-1.0452,-0.8916,94.168,-143.053,185.84,fall
69987,-0.1128,-1.1787,-0.7766,108.092,-113.229,190.977,fall
70007,0.0894,-1.2222,-0.7766,117.832,-74.679,176.206,fall
70027,0.2888,-1.2007,-0.6787,129.588,-82.824,154.107,fall
70047,0.0798,-1.0857,-0.6008,130.13,-90.084,151.29,fall
70067,-0.2966,-0.9639,-0.4714,110.832,-74.947,142.046,fall
70087,-0.542,-0.9475,-0.2842,76.298,-51.771,118.504,fall
70107,-0.7402,-0.8726,-0.3635,58.847,-47.015,61.061,fall
70127,-0.7988,-0.8098,-0.3411,42.733,-64.382,6.244,fall
70147,-0.7664,-0.6641,-0.2646,40.656,-44.527,-24.931,fall
70167,-0.563,-0.6494,-0.1328,21.229,-34.733,-20.397,fall
70187,-0.5291,-0.731,-0.1763,6.824,-26.771,-5.863,fall
70207,-0.4497,-0.7935,-0.1689,8.13,-22.435,4.702,fall
70227,-0.4028,-0.8494,-0.2117,17.504,-7.496,27.298,fall
70247,-0.396,-0.8674,-0.2136,23.267,-2.771,35.435,fall
70267,-0.3567,-0.9512,-0.2478,14.695,-7.458,28.153,fall
70287,-0.4104,-0.9128,-0.3052,4.824,-16.42,1.145,fall
70307,-0.45,-0.843,-0.3435,-8.313,-16.427,-11.557,fall
70327,-0.4739,-0.7676,-0.3845,-20.649,-4.786,-18.588,fall
70347,-0.3667,-0.7747,-0.4673,-23.252,0.092,-19.573,fall
70367,-0.272,-0.801,-0.4709,-17.496,5.908,-20.153,fall
70387,-0.2122,-0.8086,-0.4314,-11.687,16.359,-16.664,fall
70407,-0.1982,-0.8303,-0.4678,-8.611,21.252,-11.298,fall
70427,-0.2036,-0.9004,-0.4756,-9.282,11.924,-7.42,fall
70448,-0.2805,-0.9258,-0.4429,-16.282,14.901,-10.626,fall
70468,-0.3379,-0.895,-0.429,-16.115,19.183,-20.985,fall
70488,-0.3752,-0.8325,-0.3845,-18.389,30.153,-24.198,fall
70508,-0.2874,-0.8687,-0.4268,-21.977,39.435,-28.153,fall
70528,-0.1919,-0.8372,-0.4636,-24.168,35.634,-34.87,fall
70548,-0.1948,-0.8142,-0.4197,-22.466,31.954,-39.458,fall
70568,-0.2173,-0.877,-0.3806,-28.924,36.573,-41.626,fall
70588,-0.2283,-1.0015,-0.4255,-40.649,48.496,-42.565,fall
70608,-0.1765,-0.9961,-0.5151,-45.527,51.443,-47.13,fall
70628,-0.1504,-0.9319,-0.5527,-42.29,45.74,-50.328,fall
70648,-0.0894,-0.9346,-0.5403,-41.153,49.412,-51.687,fall
70668,-0.0183,-0.9868,-0.582,-40.069,48.435,-52.878,fall
70688,0.0032,-1.0022,-0.5818,-39.473,41.45,-55.26,fall
70708,0.0266,-0.926,-0.5381,-43.275,41.863,-53.069,fall
70728,0.0415,-0.9026,-0.5959,-44.206,41.237,-49.847,fall
70748,0.0764,-0.9646,-0.6072,-42.298,41.198,-51.252,fall
70768,0.1506,-0.9331,-0.6299,-44.046,38.626,-48.267,fall
70788,0.1455,-0.856,-0.616,-46.924,34.87,-42.954,fall
70808,0.1055,-0.8545,-0.636,-47.603,33.26,-39.42,fall
70828,0.1233,-0.8245,-0.6973,-49.061,29.962,-39.076,fall
70848,0.1428,-0.7639,-0.6748,-49.634,27.298,-41.206,fall
70868,0.158,-0.7141,-0.6936,-48.267,24.237,-43.191,fall
70888,0.1589,-0.7175,-0.7732,-43.756,25.076,-44.824,fall
70908,0.1694,-0.7512,-0.7644,-40.595,23.473,-45.84,fall
70928,0.1787,-0.7227,-0.7466,-35.786,23.435,-44.015,fall
70948,0.1714,-0.678,-0.7515,-32.695,26.725,-41.496,fall
70968,0.1958,-0.6772,-0.7949,-27.626,28.534,-40.947,fall
70988,0.2522,-0.7446,-0.7996,-23.099,23.565,-40.977,fall
71008,0.2837,-0.6841,-0.7485,-21.557,18.443,-37.71,fall
71028,0.2812,-0.6377,-0.7061,-19.733,21.26,-34.038,fall
71048,0.2854,-0.6182,-0.7253,-18.229,23.191,-31.664,fall
71068,0.324,-0.6248,-0.7668,-18.992,21.802,-27.076,fall
71088,0.3281,-0.5986,-0.7771,-16.992,14.573,-19.84,fall
71108,0.3154,-0.5542,-0.7515,-12.992,12.626,-16.183,fall
71128,0.3064,-0.5471,-0.7966,-10.786,15.0,-15.046,fall
71148,0.3506,-0.5835,-0.8274,-6.824,12.519,-13.603,fall
71168,0.3884,-0.5864,-0.8025,-2.29,2.183,-12.733,fall
71188,0.3655,-0.552,-0.7651,-2.672,-2.55,-12.061,fall
71208,0.3308,-0.5781,-0.833,0.206,0.924,-11.443,fall
71228,0.3525,-0.6328,-0.8284,7.137,-1.725,-10.939,fall
71248,0.335,-0.627,-0.7935,9.252,-7.031,-11.412,fall
71268,0.2954,-0.584,-0.7053,8.908,-8.176,-13.962,fall
71288,0.2412,-0.6641,-0.7593,11.351,-2.557,-20.534,fall
71308,0.2661,-0.793,-0.844,14.534,0.252,-26.351,fall
71328,0.3059,-0.8665,-0.7961,13.817,-4.947,-32.053,fall
71348,0.3245,-0.8367,-0.6963,11.802,-4.298,-35.229,fall
71368,0.3333,-0.8442,-0.6685,2.885,2.29,-36.031,fall
71388,0.3916,-0.7605,-0.6646,-8.794,2.473,-32.099,fall
71408,0.3997,-0.689,-0.6411,-19.794,-0.679,-27.954,fall
71428,0.3726,-0.7002,-0.6963,-24.954,2.939,-29.641,fall
71448,0.4077,-0.6699,-0.7563,-24.405,5.321,-30.855,fall
71468,0.4341,-0.6304,-0.823,-26.969,-2.74,-27.092,fall
71488,0.4692,-0.5544,-0.8352,-26.573,-10.473,-22.168,fall
71508,0.4294,-0.4329,-0.769,-25.969,-8.847,-16.824,fall
71528,0.3752,-0.4854,-0.8611,-18.573,5.962,-13.733,fall
71548,0.4529,-0.5037,-0.8564,-11.908,4.931,-11.55,fall
71568,0.501,-0.5095,-0.8577,-8.221,-7.084,-6.779,fall
71588,0.4194,-0.543,-0.7451,-11.725,-5.985,-1.939,fall
71608,0.3203,-0.5352,-0.7256,-14.221,8.985,-1.076,fall
71628,0.2463,-0.5283,-0.793,-14.344,12.084,-2.374,fall
71648,0.2932,-0.5857,-0.8911,-9.916,13.763,-3.191,fall
71668,0.3508,-0.6086,-0.9326,-3.183,13.87,-3.344,fall
71688,0.4094,-0.5747,-0.9209,2.71,14.969,-2.168,fall
71708,0.4124,-0.5466,-0.8853,2.229,14.397,0.008,fall
71728,0.4092,-0.5835,-0.8027,1.977,15.595,0.74,fall
71748,0.4695,-0.6294,-0.7424,0.229,14.87,-2.282,fall
71768,0.4517,-0.5872,-0.7122,-4.29,9.55,-4.832,fall
71788,0.3613,-0.6013,-0.7107,-12.534,10.916,-7.229,fall
71808,0.3574,-0.6226,-0.7356,-16.763,19.305,-7.931,fall
71828,0.3955,-0.6365,-0.7756,-17.832,23.137,-5.649,fall
71848,0.4236,-0.6177,-0.7517,-23.389,20.641,-4.756,fall
71868,0.4158,-0.5696,-0.7849,-27.649,18.336,-8.573,fall
71888,0.3994,-0.5479,-0.8228,-26.206,21.847,-14.664,fall
71908,0.3958,-0.5286,-0.854,-26.42,22.702,-15.924,fall
71928,0.4136,-0.5225,-0.8823,-25.397,20.328,-17.122,fall
71948,0.4277,-0.5425,-0.8677,-21.023,19.817,-18.695,fall
71968,0.4443,-0.5413,-0.8945,-21.427,20.84,-21.656,fall
71988,0.4373,-0.5332,-0.8801,-23.718,19.145,-25.29,fall
72008,0.4585,-0.5132,-0.8647,-23.534,16.634,-27.0,fall
72028,0.4839,-0.4856,-0.7812,-26.679,11.244,-29.695,fall
72048,0.4734,-0.4961,-0.8113,-29.664,13.947,-33.206,fall
72068,0.4885,-0.4656,-0.8406,-28.71,14.947,-36.664,fall
72088,0.5151,-0.4194,-0.8159,-30.16,11.87,-39.427,fall
72108,0.5115,-0.416,-0.7917,-35.664,13.71,-44.0,fall
72128,0.5498,-0.428,-0.8652,-40.061,13.611,-47.13,fall
72148,0.5991,-0.3928,-0.8997,-44.008,3.931,-50.046,fall
72168,0.6084,-0.2971,-0.8359,-46.427,-2.107,-53.611,fall
72188,0.532,-0.229,-0.7222,-50.321,1.885,-55.015,fall
72208,0.4827,-0.2419,-0.7224,-50.0,14.008,-54.45,fall
72228,0.5754,-0.2622,-0.7788,-46.947,10.702,-52.267,fall
72248,0.6379,-0.3828,-0.8022,-40.878,5.489,-54.481,fall
72268,0.6577,-0.428,-0.8066,-34.206,10.45,-53.031,fall
72288,0.678,-0.3545,-0.8965,-36.183,20.611,-49.0,fall
72308,0.6855,-0.2405,-0.9895,-38.771,22.176,-46.664,fall
72328,0.634,-0.1399,-1.0081,-40.237,14.664,-49.504,fall
72348,0.564,-0.1721,-1.0388,-34.137,14.527,-52.153,fall
72368,0.5972,-0.1143,-1.0898,-32.053,4.954,-48.924,fall
72388,0.5461,-0.094,-0.9402,-41.336,8.672,-42.87,fall
72408,0.4282,-0.0364,-0.8025,-42.221,17.229,-41.191,fall
72428,0.4016,0.0569,-0.7319,-35.015,25.794,-38.718,fall
72449,0.4397,0.0647,-0.7253,-34.565,26.649,-29.427,fall
72469,0.5398,0.0142,-0.7642,-30.336,33.885,-25.206,fall
72489,0.6074,-0.0186,-0.7961,-26.153,43.931,-27.008,fall
72509,0.6846,-0.0464,-0.8967,-23.58,42.359,-31.321,fall
72529,0.7622,-0.0747,-0.9832,-21.832,34.565,-31.626,fall
72549,0.769,-0.0837,-0.9246,-29.649,31.519,-25.046,fall
72569,0.6912,-0.0786,-0.8955,-29.542,31.244,-20.221,fall
72589,0.6819,-0.0498,-0.8726,-33.008,19.779,-16.863,fall
72609,0.749,-0.0542,-0.9507,-42.779,12.321,-14.42,fall
72629,0.8333,0.0071,-0.9241,-50.099,11.458,-18.443,fall
72649,0.7834,0.0957,-0.8875,-51.626,11.321,-26.351,fall
72669,0.6575,0.1648,-0.7856,-51.0,12.863,-33.847,fall
72689,0.6179,0.1914,-0.7832,-44.076,16.977,-32.985,fall
72709,0.6946,0.144,-0.8286,-34.55,27.466,-28.092,fall
72729,0.793,0.1372,-0.9326,-30.908,36.107,-29.023,fall
72749,0.917,0.1587,-0.8987,-26.855,42.389,-41.702,fall
72769,0.9026,0.1643,-0.8486,-23.076,47.595,-56.756,fall
72789,0.7324,0.1497,-0.7266,-22.26,59.038,-56.45,fall
72809,0.6245,0.1211,-0.7441,-26.55,81.557,-41.328,fall
72829,0.6716,0.157,-0.7744,-35.42,83.687,-29.519,fall
72849,0.7883,0.2327,-0.7786,-46.191,64.382,-33.351,fall
72869,0.8247,0.2979,-0.7158,-52.969,38.282,-48.206,fall
72889,0.7971,0.3154,-0.6384,-58.679,26.573,-55.336,fall
72909,0.7671,0.354,-0.5129,-61.145,36.374,-50.656,fall
72929,0.7378,0.4136,-0.5652,-59.427,42.603,-33.557,fall
72949,0.7627,0.4917,-0.5964,-49.733,33.985,-25.611,fall
72969,0.7834,0.5303,-0.7085,-31.237,47.374,-23.595,fall
72989,0.8108,0.5251,-0.6497,-7.969,48.939,-23.573,fall
73009,0.8643,0.4255,-0.6992,3.42,39.702,-23.45,fall
73029,0.8486,0.426,-0.5791,-2.504,19.603,-16.855,fall
73049,0.7307,0.2585,-0.3525,-16.702,33.015,-12.702,fall
73069,0.8389,0.2588,-0.4153,-27.382,55.885,3.595,fall
73089,0.9485,0.3958,-0.5161,-40.947,54.45,16.473,fall
73109,0.9382,0.4934,-0.5901,-48.366,46.626,13.725,fall
73129,0.8452,0.4963,-0.5562,-42.031,43.847,5.313,fall
73149,0.7798,0.4866,-0.5554,-21.267,40.618,-0.176,fall
73169,0.8015,0.5159,-0.5837,-3.13,25.595,-6.206,fall
73189,0.8008,0.4695,-0.521,6.656,14.588,-13.191,fall
73209,0.718,0.3826,-0.3989,12.916,25.771,-12.122,fall
73229,0.7327,0.3723,-0.4614,12.26,35.038,-5.718,fall
73249,0.8357,0.3933,-0.522,10.985,27.473,-0.481,fall
73269,0.8567,0.3914,-0.499,4.893,18.191,4.489,fall
73289,0.8245,0.3184,-0.3787,-1.473,13.282,7.74,fall
73309,0.7949,0.2915,-0.3174,-10.305,16.305,9.702,fall
73329,0.8337,0.3611,-0.3955,-23.359,10.817,11.405,fall
73349,0.8535,0.3594,-0.3931,-30.779,5.267,11.038,fall
73369,0.823,0.4004,-0.3616,-31.962,9.221,12.557,fall
73389,0.7927,0.4941,-0.3794,-29.718,12.237,15.397,fall
73409,0.8171,0.5366,-0.3894,-18.779,7.809,16.008,fall
73429,0.8167,0.5315,-0.3621,-4.779,6.985,16.466,fall
73449,0.8145,0.509,-0.3337,6.198,10.221,17.733,fall
73469,0.8367,0.5098,-0.3384,9.55,11.008,17.076,fall
73489,0.8169,0.4717,-0.3235,9.634,8.321,14.702,fall
73509,0.7585,0.4031,-0.2764,1.779,11.527,14.634,fall
73529,0.7644,0.3945,-0.2705,-0.344,18.275,11.55,fall
73549,0.7664,0.4192,-0.2693,0.947,17.031,6.191,fall
73569,0.7488,0.4385,-0.2812,4.832,8.496,2.55,fall
73589,0.7429,0.4285,-0.2786,5.252,7.504,-1.527,fall
73609,0.7524,0.3943,-0.2769,5.382,8.496,-2.13,fall
73629,0.7539,0.3721,-0.2424,2.061,11.328,0.008,fall
73649,0.7761,0.3796,-0.2454,-0.229,13.847,2.985,fall
73669,0.7871,0.3875,-0.2678,-2.916,19.115,5.45,fall
73689,0.8105,0.4033,-0.2737,-6.542,24.405,7.45,fall
73709,0.8464,0.3906,-0.2593,-9.137,26.008,8.031,fall
73729,0.843,0.4053,-0.25,-8.771,25.687,8.573,fall
73749,0.8538,0.4392,-0.2803,-8.305,26.84,8.092,fall
73769,0.8672,0.4614,-0.2527,-5.023,25.962,6.527,fall
73789,0.865,0.4343,-0.2219,-1.122,28.458,3.863,fall
73809,0.9153,0.4368,-0.2642,1.427,27.595,3.176,fall
73829,1.021,0.4866,-0.3225,4.206,16.779,1.664,fall
73849,1.0706,0.5107,-0.2891,6.519,5.282,-1.244,fall
73869,0.9722,0.4675,-0.2571,6.74,6.023,-1.099,fall
73889,0.8796,0.425,-0.2703,3.916,16.366,2.252,fall
73909,0.8765,0.4226,-0.29,2.015,20.298,2.908,fall
73929,0.9075,0.4421,-0.3022,2.397,16.939,-0.618,fall
73949,0.8928,0.439,-0.271,4.542,12.26,-3.366,fall
73969,0.8662,0.4207,-0.2507,7.519,12.84,-4.282,fall
73989,0.8831,0.4285,-0.2188,10.565,13.756,-5.015,fall
74009,0.9124,0.4294,-0.2144,15.023,12.282,-8.313,fall
74029,0.9075,0.4277,-0.2412,17.924,12.214,-9.718,fall
74049,0.9065,0.4124,-0.217,20.916,13.389,-9.718,fall
74069,0.9229,0.405,-0.2192,22.519,15.618,-8.802,fall
74089,0.9431,0.3875,-0.2046,22.252,16.069,-7.992,fall
74109,0.9436,0.3669,-0.2185,20.534,16.061,-5.954,fall
74129,0.9355,0.3489,-0.1941,19.221,15.351,-3.985,fall
74149,0.9414,0.3708,-0.2051,19.511,13.519,-4.099,fall
74169,0.9319,0.3899,-0.2249,20.656,10.557,-4.771,fall
74189,0.9229,0.3792,-0.2412,22.87,9.74,-4.573,fall
74209,0.9307,0.3687,-0.2415,23.847,8.611,-4.489,fall
74229,0.9487,0.3525,-0.2288,22.649,11.702,-5.618,fall
74249,0.9492,0.3281,-0.2104,20.092,12.496,-4.45,fall
74269,0.9548,0.3379,-0.2271,14.481,11.786,-2.053,fall
74289,0.9548,0.3721,-0.249,8.916,8.504,-0.969,fall
74309,0.9146,0.3672,-0.1907,7.473,9.29,-1.45,fall
74329,0.928,0.384,-0.2231,8.855,7.321,-1.954,fall
74349,0.9307,0.3977,-0.2307,7.29,5.87,-2.702,fall
74369,0.9238,0.3918,-0.2263,3.786,4.527,-2.435,fall
74389,0.9111,0.4023,-0.218,1.397,3.122,-2.076,fall
74409,0.9011,0.4138,-0.2122,1.962,3.588,-2.672,fall
74429,0.9109,0.418,-0.2087,4.221,5.687,-3.298,fall
74450,0.9163,0.4309,-0.2173,5.183,7.252,-3.672,fall
74470,0.9172,0.4368,-0.2271,6.557,6.916,-3.282,fall
74490,0.9194,0.4336,-0.2166,8.382,6.679,-3.382,fall
74510,0.9128,0.4214,-0.2168,11.878,6.718,-3.733,fall
74530,0.9153,0.4001,-0.2366,14.321,7.084,-3.977,fall
74550,0.9246,0.3862,-0.2344,15.046,7.985,-4.008,fall
74570,0.9211,0.3794,-0.2344,14.198,8.13,-3.626,fall
74590,0.928,0.3665,-0.2422,13.061,8.214,-3.855,fall
74610,0.9272,0.3616,-0.2449,11.527,7.916,-3.641,fall
74630,0.9231,0.3684,-0.2517,9.626,6.802,-3.137,fall
74650,0.9287,0.3691,-0.2478,8.069,6.901,-2.985,fall
74670,0.9304,0.3718,-0.2505,6.496,6.687,-2.924,fall
74690,0.9292,0.376,-0.2456,5.313,6.214,-2.55,fall
74710,0.926,0.3757,-0.2517,3.42,5.084,-2.183,fall
74730,0.9207,0.3823,-0.2585,1.55,3.962,-1.328,fall
74750,0.9209,0.3887,-0.2576,0.359,2.916,-0.786,fall
74770,0.9167,0.387,-0.2646,-0.076,2.229,-0.328,fall
74790,0.9175,0.3923,-0.2712,-0.397,1.084,0.458,fall
74810,0.917,0.3977,-0.2634,-0.115,1.412,1.046,fall
74830,0.9128,0.4009,-0.2524,-0.16,1.145,1.466,fall
74850,0.9109,0.4021,-0.2644,0.336,1.695,1.321,fall
74870,0.9114,0.3992,-0.2576,0.702,1.382,1.328,fall
74890,0.9158,0.396,-0.259,1.718,1.733,1.168,fall
74910,0.9204,0.3921,-0.2603,1.435,1.916,1.115,fall
74930,0.9153,0.3906,-0.2703,0.855,1.55,1.336,fall
74950,0.9153,0.3838,-0.2612,-0.046,1.634,1.412,fall
74970,0.9165,0.3853,-0.2605,-0.71,2.412,1.176,fall
74990,0.9126,0.3857,-0.2595,-0.863,1.664,0.962,fall
75010,0.916,0.3877,-0.2585,-0.931,1.282,1.122,fall
75030,0.9175,0.385,-0.2585,-1.756,1.359,0.901,fall
75050,0.9082,0.3958,-0.2566,-2.481,1.603,1.107,fall
75070,0.9111,0.3982,-0.2639,-2.878,1.664,1.107,fall
75090,0.9106,0.4033,-0.2505,-2.122,1.45,0.931,fall
75110,0.9089,0.4058,-0.2632,-1.924,1.015,0.992,fall
75130,0.9036,0.4106,-0.2605,-2.244,1.496,0.977,fall
75150,0.9138,0.4067,-0.2495,-1.725,1.489,1.015,fall
75170,0.9072,0.4023,-0.2644,-1.198,1.336,0.824,fall
75190,0.9058,0.406,-0.2656,-1.298,1.763,0.84,fall
75210,0.9121,0.4053,-0.2673,-1.092,1.298,0.565,fall
75230,0.905,0.4043,-0.2612,0.099,1.977,0.603,fall
75250,0.9146,0.4041,-0.2629,0.954,2.137,0.702,fall
75270,0.9121,0.4041,-0.2644,1.511,2.084,0.534,fall
75290,0.9097,0.4006,-0.2546,1.565,2.557,0.557,fall
75310,0.9084,0.397,-0.2627,1.511,3.015,0.412,fall
75330,0.9146,0.3977,-0.2585,1.252,3.496,0.527,fall
75350,0.9121,0.3965,-0.2664,1.397,3.397,0.489,fall
75370,0.9209,0.395,-0.2688,1.458,3.015,0.809,fall
75390,0.915,0.394,-0.2649,1.74,2.802,0.779,fall
75410,0.915,0.387,-0.2727,1.534,3.107,0.473,fall
75430,0.9141,0.3865,-0.2773,1.908,3.595,0.718,fall
75450,0.9126,0.3838,-0.2654,1.565,2.893,0.679,fall
75470,0.9172,0.3872,-0.27,0.817,2.267,0.863,fall
75490,0.9148,0.3914,-0.2673,0.748,1.779,1.046,fall
75510,0.9185,0.3909,-0.2688,0.756,1.969,1.771,fall
75530,0.9158,0.3965,-0.2632,0.985,1.611,2.336,fall
75550,0.9172,0.394,-0.2625,0.985,1.42,2.687,fall
75570,0.9143,0.3928,-0.2673,0.901,1.305,3.076,fall
75590,0.9077,0.3967,-0.2681,0.947,1.305,3.015,fall
75610,0.9119,0.3967,-0.2678,1.374,1.0,3.336,fall
75630,0.9133,0.3955,-0.2627,1.985,0.992,3.145,fall
75650,0.9189,0.3916,-0.2588,2.26,0.771,3.008,fall
75670,0.9111,0.3928,-0.2649,2.611,0.412,3.565,fall
75690,0.9202,0.3872,-0.2605,2.679,0.176,4.366,fall
75710,0.9131,0.3906,-0.2622,3.069,0.046,4.634,fall
75730,0.9158,0.3896,-0.2671,3.275,0.618,5.046,fall
75750,0.9167,0.3875,-0.2656,3.573,0.26,6.008,fall
75770,0.9146,0.3928,-0.2742,3.802,-0.275,6.443,fall
75790,0.9146,0.3855,-0.2705,4.511,-0.565,6.824,fall
75810,0.9209,0.3882,-0.2688,4.649,-0.824,7.374,fall
75830,0.9138,0.3867,-0.2703,5.099,-1.107,8.443,fall
75850,0.9128,0.3857,-0.2681,5.802,-1.901,9.282,fall
75870,0.9155,0.3823,-0.2771,6.115,-2.008,9.977,fall
75890,0.9143,0.3774,-0.2771,7.29,-3.504,10.893,fall
75910,0.9121,0.3845,-0.2766,7.58,-4.466,11.969,fall
75930,0.9075,0.376,-0.2844,9.015,-5.137,12.504,fall
75950,0.907,0.3762,-0.2727,9.573,-4.382,13.168,fall
75970,0.9133,0.3582,-0.2886,10.725,-4.794,14.405,fall
75990,0.9075,0.3491,-0.2954,11.458,-5.023,15.496,fall
76010,0.9192,0.354,-0.2935,10.847,-4.725,15.45,fall
76030,0.9285,0.3521,-0.282,9.679,-3.443,16.137,fall
76050,0.9365,0.3503,-0.2991,9.595,-2.679,16.076,fall
76070,0.9377,0.3569,-0.2891,9.321,-3.275,16.008,fall
76090,0.9236,0.3625,-0.2864,8.817,-2.992,15.908,fall
76110,0.9207,0.3647,-0.2869,9.977,-2.885,15.305,fall
76130,0.9084,0.3696,-0.28,10.504,-3.695,15.939,fall
76150,0.8958,0.3718,-0.2837,11.885,-4.908,16.901,fall
76170,0.9001,0.3711,-0.2825,14.908,-5.885,18.344,fall
76190,0.8928,0.3623,-0.2808,18.107,-7.985,20.046,fall
76210,0.8835,0.3625,-0.282,20.137,-9.015,22.053,fall
76230,0.8774,0.3516,-0.261,22.412,-8.397,24.046,fall
76250,0.8867,0.3569,-0.2673,22.985,-11.42,27.649,fall
76270,0.8782,0.3811,-0.2632,26.153,-14.802,32.16,fall
76290,0.8374,0.4011,-0.1987,31.206,-14.725,35.534,fall
76310,0.7961,0.3367,-0.2498,33.695,-8.015,38.145,fall
76330,0.832,0.2761,-0.2996,33.344,-11.473,41.908,fall
76350,0.8462,0.2666,-0.3086,30.527,-15.168,41.672,fall
76370,0.8499,0.3164,-0.3218,28.275,-18.534,40.481,fall
76390,0.844,0.2551,-0.3101,29.969,-23.473,39.695,fall
76410,0.8359,0.2324,-0.2974,28.893,-29.351,37.802,fall
76430,0.8362,0.2415,-0.2871,23.802,-32.176,35.229,fall
76451,0.7554,0.2524,-0.2913,16.718,-35.588,36.107,fall
76471,0.6887,0.2461,-0.3103,14.519,-34.725,41.206,fall
76491,0.6011,0.2896,-0.2693,12.916,-32.695,49.13,fall
76511,0.5054,0.2837,-0.219,9.008,-29.275,58.16,fall
76531,0.4004,0.2214,-0.2051,10.718,-20.931,64.176,fall
76551,0.342,0.1118,-0.207,12.519,-6.191,68.878,fall
76571,0.354,-0.0044,-0.1924,12.466,-3.985,72.626,fall
76591,0.3691,-0.1567,-0.2246,7.84,-9.336,71.427,fall
76611,0.3865,-0.3679,-0.449,-6.656,-30.763,70.267,fall
76631,0.5396,-0.6577,-0.6343,0.336,-64.794,79.977,fall
76651,0.8521,-0.7607,-0.5659,4.924,-110.687,98.084,fall
76671,1.1797,-0.635,-0.8076,-10.611,-174.893,121.275,fall
76691,1.6221,-0.4963,-1.1709,-7.618,-202.847,140.13,fall
76711,1.9999,-0.2437,-1.3757,38.489,-232.053,159.084,fall
76731,1.9436,-0.3354,-1.9429,48.527,-162.496,161.649,fall
76751,1.0566,-0.7063,-1.8696,73.802,-27.099,125.252,fall
76771,0.8577,-0.8745,-1.5332,91.382,-56.496,156.626,fall
76791,0.5559,-0.8999,-0.7869,94.756,-92.038,185.656,fall
76811,0.5776,-0.5862,-0.5046,81.611,-78.641,184.748,fall
76831,0.729,-0.3201,-0.5481,54.107,-109.901,174.244,fall
76851,0.6201,-0.105,-0.5862,36.282,-130.382,153.382,fall
76871,0.5352,-0.0015,-0.4866,35.58,-172.382,138.55,fall
76891,0.2727,-0.2393,-0.656,65.275,-169.176,139.351,fall
76911,0.0288,-0.4133,-0.9038,81.84,-148.122,150.748,fall
76931,-0.1545,-0.4883,-0.8892,89.985,-148.504,158.382,fall
76951,-0.2183,-0.7073,-0.9436,113.008,-133.702,155.061,fall
76971,-0.1782,-0.9021,-0.9846,125.107,-121.183,150.916,fall
76991,-0.1018,-0.9292,-0.9104,142.901,-104.344,113.351,fall
77011,-0.2769,-1.0835,-0.6697,131.458,-94.71,95.733,fall
77031,-0.5161,-0.9883,-0.4243,124.656,-72.038,92.771,fall
77051,-0.7522,-1.0457,-0.3359,103.687,-45.397,89.412,fall
77071,-0.915,-1.0464,-0.3982,84.511,-23.702,76.794,fall
77091,-0.99,-0.9548,-0.4248,73.511,-7.885,48.672,fall
77111,-0.8428,-0.8223,-0.3499,70.107,-12.695,24.824,fall
77131,-0.6682,-0.7017,-0.311,60.664,-22.794,18.031,fall
77151,-0.5276,-0.6982,-0.1353,53.107,-37.901,18.603,fall
77171,-0.3682,-0.7468,-0.0764,50.511,-30.328,27.664,fall
77191,-0.2842,-0.7036,-0.0935,51.145,-26.962,29.687,fall
77211,-0.2603,-0.6953,-0.0994,40.137,-27.878,25.763,fall
77231,-0.3955,-0.7083,-0.1152,28.595,-20.405,27.344,fall
77251,-0.5327,-0.8098,-0.1719,8.214,-10.176,25.473,fall
77271,-0.5776,-0.8284,-0.2686,-2.588,-10.427,12.74,fall
77291,-0.614,-0.7961,-0.3406,-2.901,-10.191,-2.45,fall
77311,-0.5701,-0.7292,-0.3176,1.664,-9.282,-11.305,fall
77331,-0.4238,-0.8198,-0.3057,1.443,-5.107,-12.313,fall
77351,-0.2888,-0.9094,-0.2939,0.947,4.023,-11.351,fall
77371,-0.2432,-0.8779,-0.3047,-1.145,12.366,-7.16,fall
77391,-0.332,-0.8186,-0.2886,-4.13,17.389,-8.573,fall
77411,-0.3972,-0.8665,-0.312,-6.969,16.427,-11.649,fall
77431,-0.4265,-0.8904,-0.3103,-8.344,9.397,-17.817,fall
77451,-0.4282,-0.875,-0.2903,-12.099,7.87,-24.565,fall
77471,-0.4456,-0.8135,-0.2842,-20.779,14.504,-26.351,fall
77491,-0.4375,-0.7966,-0.2898,-29.969,21.588,-24.473,fall
77511,-0.3875,-0.8313,-0.3411,-31.191,24.206,-24.344,fall
77531,-0.3938,-0.7886,-0.3638,-27.603,23.008,-23.466,fall
77551,-0.4341,-0.7283,-0.4216,-27.496,24.267,-25.588,fall
77571,-0.4409,-0.7991,-0.4146,-28.328,30.573,-30.695,fall
77591,-0.3655,-0.8398,-0.3757,-25.504,19.718,-32.786,fall
77611,-0.3245,-0.8506,-0.3599,-31.275,22.924,-38.618,fall
77631,-0.3411,-0.8594,-0.3928,-39.298,36.58,-45.641,fall
77651,-0.2971,-0.9587,-0.5398,-48.542,50.237,-47.305,fall
77671,-0.2014,-0.95,-0.5701,-56.557,51.748,-53.672,fall
77691,-0.1792,-0.8899,-0.5505,-60.0,45.84,-60.527,fall
77711,-0.1892,-0.8567,-0.5737,-59.947,51.061,-65.748,fall
77731,-0.1616,-0.8943,-0.6423,-58.588,58.565,-68.183,fall
77751,-0.1055,-0.8711,-0.6365,-53.977,52.359,-73.603,fall
77771,-0.1016,-0.834,-0.6487,-51.252,51.969,-76.015,fall
77791,-0.1086,-0.8457,-0.6184,-50.588,59.74,-80.481,fall
77811,-0.0039,-0.9736,-0.6274,-55.26,65.298,-84.053,fall
77831,0.1121,-0.9888,-0.6755,-59.672,61.008,-82.878,fall
77851,0.0952,-0.9111,-0.7051,-53.878,57.29,-82.527,fall
77871,0.0891,-0.8796,-0.6746,-55.267,63.427,-85.458,fall
77891,0.1826,-0.9102,-0.6887,-60.176,70.122,-84.542,fall
77911,0.2395,-0.9045,-0.7715,-53.84,61.962,-83.427,fall
77931,0.2307,-0.7913,-0.7366,-53.573,52.748,-81.779,fall
77951,0.2222,-0.7432,-0.6914,-52.756,54.679,-80.947,fall
77971,0.2742,-0.73,-0.7483,-50.802,56.214,-81.015,fall
77991,0.3118,-0.6675,-0.7563,-50.0,46.237,-78.45,fall
78011,0.3159,-0.6257,-0.7327,-49.725,43.092,-76.252,fall
78031,0.3423,-0.6772,-0.7615,-44.214,43.046,-77.87,fall
78051,0.4124,-0.7212,-0.8188,-43.198,40.374,-76.137,fall
78071,0.4536,-0.7314,-0.7808,-45.29,29.832,-69.969,fall
78091,0.4971,-0.666,-0.7551,-46.084,21.908,-63.58,fall
78111,0.5315,-0.571,-0.7996,-42.374,14.695,-59.0,fall
78131,0.5317,-0.4856,-0.8157,-42.855,9.954,-54.664,fall
78151,0.5281,-0.4521,-0.8088,-42.802,7.809,-47.809,fall
78171,0.5227,-0.4336,-0.7571,-42.618,10.718,-41.809,fall
78191,0.5618,-0.408,-0.7747,-40.053,14.099,-36.588,fall
78211,0.5383,-0.4268,-0.8069,-39.466,14.046,-29.496,fall
78231,0.4819,-0.3977,-0.7759,-40.817,16.397,-24.55,fall
78251,0.4551,-0.3667,-0.7722,-42.794,19.687,-22.176,fall
78271,0.4368,-0.3657,-0.7996,-45.481,22.458,-22.824,fall
78291,0.4895,-0.3926,-0.9087,-40.542,25.015,-23.374,fall
78311,0.4763,-0.3506,-0.8391,-40.947,16.473,-23.397,fall
78331,0.4839,-0.3472,-0.8972,-33.504,12.809,-25.0,fall
78351,0.4946,-0.3396,-0.9277,-27.947,12.084,-25.534,fall
78371,0.531,-0.3157,-0.9287,-23.351,13.74,-21.618,fall
78391,0.5005,-0.2549,-0.7944,-26.489,17.427,-19.672,fall
78411,0.5042,-0.2671,-0.8281,-23.702,25.015,-20.45,fall
78431,0.5974,-0.2812,-0.9021,-20.542,24.985,-20.389,fall
78452,0.5825,-0.2283,-0.8213,-17.168,22.885,-20.275,fall
78472,0.553,-0.2119,-0.7495,-21.29,21.519,-21.779,fall
78492,0.6279,-0.2305,-0.8169,-18.366,19.214,-22.099,fall
78512,0.6836,-0.2185,-0.8748,-15.985,16.176,-21.069,fall
78532,0.6572,-0.1565,-0.7922,-20.13,13.282,-20.473,fall
78552,0.6382,-0.1482,-0.8374,-16.733,21.771,-18.893,fall
78572,0.6299,-0.1465,-0.8174,-12.099,21.099,-18.031,fall
78592,0.6736,-0.1731,-0.8591,-6.305,17.137,-15.855,fall
78612,0.6235,-0.1926,-0.8118,-3.023,16.42,-14.931,fall
78632,0.627,-0.2258,-0.7915,-5.985,12.756,-15.542,fall
78652,0.6523,-0.2556,-0.8594,-3.702,8.16,-17.71,fall
78672,0.6509,-0.2131,-0.8389,-0.969,1.145,-19.221,fall
78692,0.6506,-0.2405,-0.7615,-6.229,-1.878,-21.458,fall
78712,0.6528,-0.2705,-0.8196,-5.557,0.718,-20.221,fall
78732,0.6558,-0.252,-0.8652,-5.664,-3.687,-16.534,fall
78752,0.6489,-0.2561,-0.8359,-5.237,-3.061,-13.206,fall
78772,0.6313,-0.2615,-0.7991,-7.26,-1.099,-12.656,fall
78792,0.6619,-0.2693,-0.8452,-5.237,-1.229,-12.603,fall
78812,0.6565,-0.2561,-0.8672,-10.481,-6.588,-10.672,fall
78832,0.6213,-0.2417,-0.8511,-17.87,-5.847,-11.328,fall
78852,0.6226,-0.2246,-0.8455,-17.664,-7.397,-12.649,fall
78872,0.5908,-0.2554,-0.8372,-19.038,-5.527,-13.13,fall
78892,0.5862,-0.249,-0.8494,-22.695,-5.107,-14.588,fall
78912,0.6201,-0.2429,-0.9058,-27.229,3.374,-19.817,fall
78932,0.6152,-0.2444,-0.8875,-19.053,5.214,-21.832,fall
78952,0.6433,-0.2686,-0.9214,-18.122,-1.916,-21.893,fall
78972,0.6462,-0.2332,-0.8596,-25.183,0.664,-21.939,fall
78992,0.5393,-0.1968,-0.7688,-32.725,21.107,-25.786,fall
79012,0.5437,-0.1963,-0.8369,-36.305,32.847,-26.122,fall
79032,0.6357,-0.2031,-0.939,-35.13,19.313,-25.137,fall
79052,0.7207,-0.1851,-0.9551,-34.588,12.191,-26.511,fall
79072,0.6416,-0.1282,-0.844,-34.939,24.29,-32.656,fall
79092,0.5955,-0.1094,-0.8635,-31.603,42.389,-34.656,fall
79112,0.6394,-0.0972,-0.8782,-34.977,37.344,-28.298,fall
79132,0.6943,-0.0923,-0.8948,-36.16,33.183,-25.527,fall
79152,0.6553,-0.0276,-0.8525,-38.74,36.809,-33.214,fall
79172,0.6233,0.0466,-0.8491,-40.794,38.733,-39.786,fall
79192,0.6331,0.1074,-0.825,-38.939,31.527,-39.924,fall
79212,0.6279,0.1238,-0.8132,-34.931,33.107,-38.779,fall
79232,0.6355,0.1287,-0.8501,-35.885,45.275,-43.015,fall
79252,0.7422,0.2036,-0.9243,-35.885,40.595,-47.076,fall
79272,0.7668,0.2334,-0.8333,-34.603,39.191,-49.527,fall
79292,0.7698,0.1965,-0.7246,-34.107,35.695,-54.16,fall
79312,0.7173,0.1143,-0.7505,-33.985,40.565,-58.229,fall
79332,0.7532,0.1331,-0.8369,-41.145,46.321,-59.473,fall
79352,0.8674,0.1382,-0.856,-48.962,43.718,-62.176,fall
79372,0.9084,0.1106,-0.8218,-46.267,44.42,-65.412,fall
79392,0.8359,0.094,-0.8682,-35.115,45.435,-60.397,fall
79412,0.856,0.1047,-0.8979,-30.198,41.924,-50.954,fall
79432,0.8733,0.1047,-0.792,-23.031,38.893,-40.71,fall
79452,0.7695,0.0796,-0.7068,-19.84,42.702,-30.313,fall
79472,0.7087,0.1555,-0.7703,-22.656,53.435,-26.794,fall
79492,0.7854,0.2705,-0.6965,-16.695,45.947,-22.824,fall
79512,0.8081,0.3406,-0.6069,-19.733,36.626,-18.45,fall
79532,0.8237,0.3623,-0.5447,-32.511,24.282,-13.511,fall
79552,0.7883,0.3577,-0.5076,-53.336,12.809,-8.008,fall
79572,0.8572,0.4675,-0.4827,-74.924,0.763,-3.962,fall
79592,0.9644,0.6138,-0.5012,-83.458,0.542,-9.45,fall
79612,0.9958,0.6978,-0.5742,-77.069,25.389,-19.206,fall
79632,0.8936,0.6672,-0.6438,-48.824,44.176,-22.321,fall
79652,0.8154,0.4893,-0.6357,-17.916,46.015,-22.038,fall
79672,0.8245,0.2883,-0.5371,-6.641,34.87,-14.893,fall
79692,0.8459,0.1624,-0.4624,-15.84,23.832,-5.863,fall
79712,0.8564,0.1599,-0.4443,-35.534,18.863,3.969,fall
79732,0.8464,0.2812,-0.4463,-48.214,18.389,14.176,fall
79752,0.8108,0.4221,-0.4558,-48.618,19.992,23.718,fall
79772,0.7812,0.5503,-0.5347,-42.321,15.985,32.916,fall
79792,0.7524,0.5635,-0.4878,-33.382,10.733,35.122,fall
79812,0.7229,0.4734,-0.4065,-20.298,12.74,31.794,fall
79832,0.752,0.3918,-0.3933,-14.275,19.618,27.015,fall
79852,0.7976,0.426,-0.4119,-16.695,17.328,22.046,fall
79872,0.8184,0.4658,-0.3806,-19.939,13.321,17.565,fall
79892,0.7827,0.4895,-0.3542,-21.878,16.008,16.359,fall
79912,0.717,0.4866,-0.3108,-19.969,20.931,18.901,fall
79932,0.7307,0.4854,-0.3359,-18.511,26.305,20.893,fall
79952,0.7937,0.5759,-0.0754,-19.305,2.885,16.237,fall
79972,0.7925,0.479,-0.366,-17.099,28.641,14.733,fall
79992,0.7471,0.5208,-0.2974,-9.489,18.817,14.412,fall
80012,0.7261,0.468,-0.2578,4.221,17.305,7.534,fall
80032,0.7351,0.4148,-0.2896,11.267,13.542,2.832,fall
80052,0.7354,0.3843,-0.3064,11.557,9.702,5.733,fall
80072,0.793,0.3591,-0.2766,7.603,1.229,6.389,fall
80092,0.8535,0.3572,-0.248,1.26,-11.893,10.802,fall
80112,0.7703,0.3018,-0.261,-7.145,-16.267,12.412,fall
80132,0.8057,0.3931,-0.3018,-14.397,7.672,12.947,fall
80152,0.9485,0.438,-0.3298,-23.977,-1.061,12.824,fall
80172,0.9497,0.4971,-0.356,-29.588,-6.817,10.534,fall
80192,0.8706,0.4641,-0.2703,-26.969,-2.412,7.924,fall
80212,0.8367,0.3696,-0.2874,-18.481,5.344,7.069,fall
80232,0.812,0.3557,-0.3186,-14.053,3.412,7.771,fall
80252,0.8032,0.3696,-0.3723,-14.779,3.305,10.458,fall
80272,0.8105,0.3621,-0.4036,-16.137,1.366,13.115,fall
80292,0.8242,0.355,-0.4509,-17.763,-2.244,15.221,fall
80312,0.8369,0.3552,-0.3882,-19.481,-3.885,15.305,fall
80332,0.8132,0.3479,-0.3523,-25.122,-0.046,15.229,fall
80352,0.8105,0.376,-0.3557,-33.916,5.511,15.458,fall
80372,0.8264,0.3872,-0.3999,-38.237,15.534,12.992,fall
80392,0.8469,0.3987,-0.3738,-40.0,22.55,10.198,fall
80412,0.9038,0.4033,-0.3064,-37.305,14.702,11.885,fall
80432,0.9561,0.2993,-0.2319,-35.817,3.954,17.954,fall
80453,0.9819,0.3845,-0.2866,-28.595,10.229,16.252,fall
80473,1.2324,0.5745,-0.4219,-21.336,-10.359,8.061,fall
80493,1.105,0.51,-0.3589,-31.237,-8.794,1.947,fall
80513,0.8625,0.4167,-0.3228,-32.656,2.565,9.221,fall
80533,0.8208,0.3604,-0.3188,-27.702,2.908,15.916,fall
80553,0.8728,0.344,-0.311,-26.969,-4.74,15.298,fall
80573,0.9299,0.322,-0.3098,-33.458,-10.397,14.015,fall
80593,0.9924,0.3406,-0.1931,-38.405,-11.504,12.168,fall
80613,0.949,0.3391,-0.2549,-47.275,-10.427,12.672,fall
80633,0.9307,0.3882,-0.178,-47.206,-12.214,11.885,fall
80653,0.9211,0.4026,-0.1965,-41.656,-11.351,9.496,fall
80673,0.8896,0.4133,-0.2043,-36.565,-9.977,6.115,fall
80693,0.8953,0.3757,-0.2356,-31.45,-7.389,4.351,fall
80713,0.9114,0.3718,-0.2473,-31.023,-6.282,5.168,fall
80733,0.9104,0.3843,-0.2266,-35.115,-2.71,6.634,fall
80753,0.9075,0.3843,-0.2327,-34.947,-0.496,8.038,fall
80773,0.9023,0.3589,-0.1953,-30.687,-0.618,9.26,fall
80793,0.9807,0.3706,-0.2651,-21.71,-1.389,7.176,fall
80813,0.9155,0.3008,-0.2095,-21.328,5.534,4.046,fall
80833,0.9414,0.3215,-0.2373,-27.931,1.55,1.687,fall
80853,0.9585,0.3442,-0.2231,-30.748,-6.855,2.336,fall
80873,0.9436,0.3623,-0.2004,-31.473,-7.603,2.359,fall
80893,0.9592,0.3616,-0.2195,-32.519,-0.55,2.733,fall
80913,1.0164,0.387,-0.2727,-30.053,-7.824,2.847,fall
80933,0.9451,0.3455,-0.1748,-27.053,-11.519,6.267,fall
80953,0.9224,0.354,-0.1877,-27.183,-9.496,6.137,fall
80973,0.9192,0.3638,-0.2273,-29.282,4.191,5.405,fall
80993,0.9409,0.3459,-0.1936,-28.962,3.282,5.099,fall
81013,0.9558,0.3455,-0.2014,-28.687,2.221,4.794,fall
81033,0.9292,0.3477,-0.1782,-28.931,2.008,4.748,fall
81053,0.9419,0.3293,-0.1738,-28.466,1.473,3.359,fall
81073,0.9551,0.3521,-0.2139,-27.832,-0.313,2.756,fall
81093,0.9448,0.3655,-0.217,-27.473,-2.183,3.473,fall
81113,0.9397,0.366,-0.2185,-25.588,-4.702,4.153,fall
81133,0.9321,0.3669,-0.2078,-22.489,-2.855,2.626,fall
81153,0.949,0.3789,-0.22,-19.351,0.527,0.885,fall
81173,0.948,0.3699,-0.2263,-16.595,-0.527,1.74,fall
81193,0.9316,0.3667,-0.2156,-15.55,-0.855,1.55,fall
81213,0.9275,0.3853,-0.2,-14.718,0.672,1.069,fall
81233,0.8894,0.3503,-0.2144,-18.626,15.924,1.038,fall
81253,0.9329,0.3645,-0.2168,-15.336,7.718,0.168,fall
81273,0.9226,0.3713,-0.2014,-14.611,10.885,0.366,fall
81293,0.926,0.384,-0.2334,-13.634,10.969,-1.061,fall
81313,0.937,0.3799,-0.2039,-10.496,12.336,-0.71,fall
81333,0.9333,0.3679,-0.2095,-8.931,14.832,0.42,fall
81353,0.929,0.3523,-0.2275,-7.496,11.305,1.763,fall
81373,0.9299,0.355,-0.2268,-6.878,7.588,1.137,fall
81393,0.9458,0.3518,-0.2021,-5.885,4.893,0.374,fall
81413,0.9587,0.3696,-0.2126,-7.023,4.206,0.275,fall
81433,0.946,0.3655,-0.2283,-9.29,7.183,2.435,fall
81453,0.9307,0.3694,-0.2258,-9.954,6.069,3.908,fall
81473,0.926,0.376,-0.2153,-6.847,2.229,1.985,fall
81493,0.9265,0.3708,-0.208,-3.618,-2.137,-0.168,fall
81513,0.9175,0.3623,-0.1807,-2.832,-0.45,-1.237,fall
81533,0.9353,0.3677,-0.1675,-3.931,0.527,-2.206,fall
81553,0.957,0.3584,-0.2024,-4.214,-3.489,-1.779,fall
81573,0.9507,0.3884,-0.1904,-2.878,-3.557,-0.473,fall
81593,0.9114,0.3938,-0.1619,-5.328,3.947,-0.939,fall
81613,0.8977,0.3972,-0.2017,-6.527,6.198,-1.099,fall
81633,0.9077,0.3879,-0.1833,-3.084,2.802,0.053,fall
81653,0.9138,0.3877,-0.2026,-2.664,2.26,1.771,fall
81673,0.9202,0.4036,-0.1836,-3.504,3.336,0.695,fall
81693,0.948,0.4121,-0.1597,-5.198,8.954,1.275,fall
81713,0.9348,0.3826,-0.2026,-5.313,8.031,2.183,fall
81733,0.9341,0.3906,-0.2434,0.168,-5.0,1.527,fall
81753,0.8706,0.3962,-0.1765,0.588,-3.092,-1.588,fall
81773,0.8242,0.4119,-0.156,-6.237,15.305,-8.962,fall
81793,1.1099,0.4324,-0.292,3.099,-6.023,2.45,fall
81813,0.9673,0.4275,-0.3035,5.031,-20.809,-7.16,fall
81833,0.9602,0.3601,-0.1523,2.176,3.947,-2.061,fall
81853,0.9197,0.3909,-0.1731,-3.13,6.618,-3.099,fall
81873,0.9216,0.4231,-0.2427,-1.42,5.58,-5.099,fall
81893,0.9006,0.4182,-0.1851,1.145,5.695,-5.672,fall
81913,0.928,0.4143,-0.2478,2.672,8.893,-4.687,fall
81933,0.918,0.3816,-0.1882,2.389,9.015,-3.58,fall
81953,0.9314,0.3699,-0.2065,2.076,8.42,-0.412,fall
81973,0.9036,0.3816,-0.198,1.687,7.13,-0.084,fall
81993,0.9309,0.3833,-0.2129,3.382,1.023,-1.29,fall
82013,0.9309,0.3799,-0.1968,1.519,4.794,-2.26,fall
82033,0.9329,0.3813,-0.2153,1.511,6.656,-1.908,fall
82053,0.9407,0.3784,-0.2063,1.649,6.137,-0.366,fall
82073,0.9382,0.3711,-0.2063,-0.008,9.794,1.626,fall
82093,0.9126,0.3694,-0.2017,-1.321,11.084,-0.786,fall
82113,0.8992,0.3748,-0.186,-2.885,8.863,-1.786,fall
82133,0.9272,0.3708,-0.1819,-2.382,4.053,-2.649,fall
82153,0.937,0.3879,-0.188,-1.977,1.29,-3.588,fall
82173,0.9377,0.395,-0.1963,-5.504,8.275,-5.191,fall
82193,0.9067,0.4177,-0.2026,-4.389,8.702,-4.771,fall
82213,0.9363,0.3906,-0.1714,-0.863,8.863,-3.389,fall
82233,0.936,0.3677,-0.1406,0.206,7.702,-3.473,fall
82253,0.9229,0.3816,-0.1726,0.359,2.824,-2.908,fall
82273,0.9446,0.4355,-0.2051,3.053,6.542,0.458,fall
82293,0.9375,0.417,-0.1724,5.947,12.427,4.504,fall
82313,0.9402,0.3965,-0.1431,5.145,11.55,6.069,fall
82333,0.9385,0.3669,-0.1509,3.489,9.344,5.397,fall
82353,0.9202,0.3794,-0.1836,3.618,9.122,4.748,fall
82373,0.9338,0.3867,-0.157,1.359,10.168,3.863,fall
82393,0.9382,0.3821,-0.1313,-3.031,6.802,4.183,fall
82413,0.9165,0.3997,-0.1792,-3.504,8.466,2.282,fall
82433,0.9299,0.3926,-0.1658,-3.985,9.153,1.992,fall
82454,0.9421,0.3789,-0.1584,-3.931,3.252,2.985,fall
82474,0.9277,0.4009,-0.1255,-4.435,5.725,2.397,fall
82494,0.925,0.4043,-0.1646,-4.42,6.519,3.351,fall
82514,0.9199,0.3989,-0.1753,-2.618,7.939,3.496,fall
82534,0.9551,0.386,-0.1536,-1.42,5.107,3.534,fall
82554,0.9524,0.3748,-0.1401,-0.405,-0.214,4.527,fall
82574,0.9543,0.385,-0.1589,-2.198,-5.756,4.809,fall
82594,0.916,0.3894,-0.1501,-2.168,-1.588,3.221,fall
82614,0.9248,0.3943,-0.1548,-1.565,-3.29,3.748,fall
82634,0.9392,0.3826,-0.1675,0.344,-1.931,4.687,fall
82654,0.9534,0.3689,-0.1677,3.664,-2.305,7.58,fall
82674,0.9543,0.3789,-0.1714,4.489,-0.519,12.557,fall
82694,0.9797,0.3853,-0.1819,7.992,-3.076,15.985,fall
82714,0.8875,0.3518,-0.158,6.214,-0.267,22.137,fall
82734,0.8474,0.3401,-0.1606,-0.908,4.099,17.817,fall
82754,0.9612,0.3352,-0.1738,-3.679,4.313,7.634,fall
82774,0.949,0.3684,-0.1443,-2.779,0.45,18.771,fall
82794,0.9458,0.2764,-0.1467,-3.214,-5.015,18.588,fall
82814,0.9006,0.3362,-0.1443,-5.557,1.45,5.954,fall
82834,0.9199,0.3235,-0.116,-7.855,7.924,1.771,fall
82854,0.9221,0.3262,-0.1206,-9.878,8.252,-0.511,fall
82874,0.9534,0.3091,-0.1226,-13.168,9.573,-2.176,fall
82894,0.9873,0.3093,-0.1609,-9.527,3.076,-3.481,fall
82914,0.9661,0.3262,-0.1887,-4.664,-4.924,-9.679,fall
82934,1.0095,0.2905,-0.1497,-1.481,0.031,-6.466,fall
82954,0.9832,0.2881,-0.1592,5.031,-7.435,-0.573,fall
82974,0.9849,0.3286,-0.1099,1.702,-2.832,-1.656,fall
82994,0.9707,0.2881,-0.2739,5.046,-5.626,-2.344,fall
83014,0.9751,0.2712,-0.165,-1.725,0.252,-2.374,fall
83034,1.0134,0.2629,-0.1514,-1.511,1.069,2.382,fall
83054,0.9875,0.2476,-0.1443,-3.603,1.664,1.153,fall
83074,0.9766,0.2556,-0.1411,-6.977,3.481,-0.679,fall
83094,0.9932,0.2747,-0.1348,-9.221,3.931,-1.87,fall
83114,0.988,0.2883,-0.1306,-10.038,1.069,-3.962,fall
83134,0.9761,0.293,-0.1257,-10.565,-3.084,-6.229,fall
83154,0.9785,0.3059,-0.1111,-10.511,-6.87,-7.71,fall
83174,0.9956,0.3269,-0.1345,-8.603,-9.191,-10.13,fall
83194,0.9661,0.3491,-0.1306,-4.779,-12.58,-10.977,fall
83214,0.9519,0.3601,-0.1252,-2.053,-12.588,-10.649,fall
83234,0.9792,0.3699,-0.0911,0.0,-10.0,-10.786,fall
83254,0.9688,0.3909,-0.0762,-3.031,-6.55,-9.947,fall
83274,0.9495,0.3994,-0.0906,-10.344,-3.939,-4.794,fall
83294,0.9536,0.3682,-0.1321,-15.466,-3.58,-0.656,fall
83314,0.9353,0.3572,-0.1265,-16.855,-5.168,0.374,fall
83334,0.9292,0.3696,-0.1379,-14.87,-7.519,-2.794,fall
83354,0.9109,0.3911,-0.1333,-12.908,-12.305,-6.588,fall
83374,0.9197,0.3989,-0.1162,-9.595,-13.473,-8.954,fall
83394,0.947,0.4216,-0.1187,-6.359,-11.321,-10.542,fall
83414,0.9153,0.426,-0.1443,-6.534,-13.55,-10.55,fall
83434,0.8833,0.4473,-0.1365,-8.847,-19.214,-8.435,fall
83454,0.8796,0.4675,-0.1165,-6.947,-19.382,-7.992,fall
83474,0.8496,0.4692,-0.1121,-1.534,-13.679,-9.481,fall
83494,0.8704,0.4514,-0.1433,1.58,-7.901,-11.351,fall
83514,0.8882,0.4429,-0.1472,0.863,-9.74,-13.374,fall
83534,0.9182,0.4373,-0.156,0.328,-12.634,-14.863,fall
83554,0.9136,0.4307,-0.1592,2.954,-17.198,-15.221,fall
83574,0.9033,0.4106,-0.1895,6.573,-17.58,-15.244,fall
83594,0.8865,0.4121,-0.2197,7.511,-15.626,-14.802,fall
83614,0.8762,0.4075,-0.2368,7.252,-16.046,-12.511,fall
83634,0.8892,0.4229,-0.2341,8.168,-18.107,-10.687,fall
83654,0.886,0.4397,-0.2349,9.824,-17.634,-9.443,fall
83674,0.9241,0.4514,-0.2971,13.519,-17.725,-5.382,fall
83694,0.9543,0.4268,-0.2859,19.466,-21.008,-3.008,fall
83714,0.9236,0.3779,-0.2705,22.573,-21.977,-2.794,fall
83734,0.9099,0.3721,-0.2715,29.511,-21.466,-0.702,fall
83754,0.877,0.3936,-0.2415,34.672,-25.977,-2.344,fall
83774,0.865,0.3821,-0.2551,38.496,-27.229,-4.702,fall
83794,0.887,0.3638,-0.2256,38.099,-31.122,-7.305,fall
83814,0.9009,0.3401,-0.2195,34.198,-35.145,-6.107,fall
83834,0.8984,0.3748,-0.2327,27.893,-42.221,-4.107,fall
83854,0.8975,0.4238,-0.2512,16.015,-47.611,-8.634,fall
83874,0.8721,0.4314,-0.2322,3.435,-59.42,-13.802,fall
83894,0.821,0.4094,-0.1892,-10.122,-66.901,-19.687,fall
83914,0.821,0.4314,-0.2036,-6.573,-68.435,-21.305,fall
83934,0.8337,0.457,-0.229,2.489,-73.29,-26.45,fall
83954,0.8047,0.4722,-0.239,13.244,-74.42,-30.557,fall
83974,0.7983,0.4111,-0.228,23.206,-79.87,-29.282,fall
83994,0.7295,0.3528,-0.2092,31.069,-82.893,-27.74,fall
84014,0.6548,0.3286,-0.2275,30.832,-78.863,-23.939,fall
84034,0.5894,0.3425,-0.2795,24.573,-84.725,-20.176,fall
84054,0.5256,0.3591,-0.3237,19.221,-94.878,-19.252,fall
84074,0.4719,0.4504,-0.3594,10.557,-110.198,-29.374,fall
84094,0.4595,0.4465,-0.4568,43.382,-104.588,-27.939,fall
84114,0.4746,0.4812,-0.4919,69.305,-115.748,-29.008,fall
84134,0.417,0.5569,-0.4509,80.878,-129.137,-39.031,fall
84154,0.4788,0.6682,-0.6379,94.863,-140.008,-43.71,fall
84174,0.5076,0.8455,-0.8977,133.687,-131.183,-48.313,fall
84194,0.6533,0.9741,-1.3606,155.794,-122.626,-55.389,fall
84214,0.9492,0.749,-1.8235,160.45,-140.0,-56.817,fall
84234,1.1118,0.3518,-1.9385,165.153,-151.168,-47.626,fall
84254,1.0132,-0.0498,-1.6707,148.153,-177.817,-41.802,fall
84274,0.5789,-0.2524,-1.3,120.718,-207.282,-10.802,fall
84294,0.2578,-0.3037,-1.0408,99.008,-216.595,25.458,fall
84314,0.0571,-0.3728,-0.8799,74.893,-193.336,38.718,fall
84334,0.032,-0.2847,-0.9626,47.084,-163.351,34.695,fall
84354,0.0281,-0.1938,-0.9739,31.16,-155.13,25.947,fall
84374,0.1018,-0.0593,-1.0837,21.481,-143.656,10.29,fall
84394,0.0618,-0.0273,-0.9619,21.336,-146.359,-1.626,fall
84414,-0.0898,-0.0742,-0.9585,20.74,-156.779,-3.885,fall
84434,-0.2571,-0.2285,-0.8655,7.0,-129.328,2.763,fall
84455,-0.3606,-0.2686,-0.8125,-5.466,-124.634,16.229,fall
84475,-0.5002,-0.1521,-0.6094,-31.061,-124.885,15.008,fall
84495,-0.864,0.1274,-0.8149,-65.076,-114.252,40.779,fall
84515,-1.4851,0.3264,-0.917,-71.092,-111.0,64.992,fall
84535,-1.8923,0.1226,-1.0845,-51.832,-89.359,50.794,fall
84555,-1.6426,0.3538,-0.9282,12.092,-51.168,7.496,fall
84575,-1.0825,0.1589,-0.563,37.985,-34.038,-19.489,fall
84595,-0.6211,-0.0049,-0.5178,29.298,-0.061,-5.206,fall
84615,-0.3171,-0.0103,-0.4639,6.053,-1.595,23.031,fall
84635,-0.3359,-0.0505,-0.4924,2.893,-33.29,28.122,fall
84655,-0.4934,-0.0247,-0.603,-5.992,-37.015,22.519,fall
84675,-0.6807,0.0251,-0.6794,-27.481,-19.939,24.351,fall
84695,-0.8435,0.0295,-0.8572,-36.481,-19.565,22.305,fall
84715,-0.9724,-0.0703,-0.9067,-40.366,-17.023,13.389,fall
84735,-0.9829,0.0188,-0.9854,-25.679,-7.496,3.802,fall
84755,-0.9072,0.1741,-0.9763,-10.496,14.305,5.679,fall
84775,-0.7058,0.093,-0.9551,-7.695,30.092,20.855,fall
84795,-0.5427,0.1328,-0.9343,-12.939,36.481,43.557,fall
84815,-0.4546,0.1555,-0.9202,-14.122,31.397,56.634,fall
84835,-0.4465,0.2571,-0.8198,-11.183,21.832,54.275,fall
84855,-0.4934,-0.0225,-0.8655,12.885,46.924,49.962,fall
84875,-0.4182,0.2231,-0.9082,-6.366,37.878,32.489,fall
84895,-0.3855,0.2361,-0.988,-12.168,38.473,20.153,fall
84915,-0.3738,0.261,-1.062,-14.718,46.015,13.931,fall
84935,-0.3167,0.2412,-1.0784,-19.603,39.313,12.725,fall
84955,-0.2935,0.209,-0.9709,-26.45,35.733,15.771,fall
84975,-0.2817,0.2695,-0.9888,-32.221,35.099,23.015,fall
84995,-0.2959,0.3811,-1.009,-40.725,31.13,28.817,fall
85015,-0.25,0.4707,-0.9656,-41.718,29.74,30.817,fall
85035,-0.179,0.5444,-0.9419,-33.786,27.725,25.84,fall
85055,-0.1245,0.5779,-0.9199,-25.893,26.412,17.832,fall
85075,-0.1021,0.563,-0.9619,-14.389,33.45,10.786,fall
85095,-0.0928,0.5132,-0.9563,-6.229,33.023,4.595,fall
85115,-0.0652,0.4651,-0.9407,-5.687,28.954,-0.252,fall
85135,-0.043,0.4575,-0.9319,-4.198,23.145,-3.55,fall
85155,-0.0454,0.5032,-0.9546,0.42,14.664,-4.603,fall
85175,-0.0991,0.4834,-0.9419,8.947,6.565,-6.061,fall
85195,-0.1423,0.4011,-0.9417,9.473,1.038,-8.679,fall
85215,-0.1738,0.3547,-0.9397,8.015,-0.374,-10.145,fall
85235,-0.2012,0.3281,-0.9585,6.855,-1.725,-10.771,fall
85255,-0.2341,0.3333,-0.9878,5.023,-2.351,-12.351,fall
85275,-0.2402,0.3384,-1.0042,5.664,-4.351,-13.664,fall
85295,-0.261,0.3154,-1.0081,4.107,-7.397,-15.29,fall
85315,-0.3091,0.3164,-1.002,-0.534,-9.26,-16.573,fall
85335,-0.3645,0.3169,-0.9875,-1.634,-11.519,-15.382,fall
85355,-0.386,0.3198,-0.9771,-0.42,-9.824,-13.557,fall
85375,-0.4087,0.3201,-0.9604,-0.588,-5.13,-11.656,fall
85395,-0.4182,0.3223,-0.9607,-1.221,-2.809,-9.534,fall
85415,-0.4294,0.3179,-0.9377,-0.618,0.855,-8.389,fall
85435,-0.4272,0.3037,-0.9285,0.206,2.924,-7.733,fall
85455,-0.4067,0.3032,-0.9131,2.229,3.832,-6.756,fall
85475,-0.405,0.2964,-0.907,1.969,4.382,-5.015,fall
85495,-0.4041,0.2761,-0.9246,1.046,5.145,-2.679,fall
85515,-0.4148,0.2695,-0.9316,-1.565,4.519,-1.237,fall
85535,-0.415,0.2712,-0.9446,-3.542,5.573,0.641,fall
85555,-0.3965,0.2773,-0.9458,-4.595,6.718,1.298,fall
85575,-0.3672,0.293,-0.9536,-6.038,7.687,0.542,fall
85595,-0.3472,0.3123,-0.9585,-6.038,8.687,1.183,fall
85615,-0.3293,0.3376,-0.9561,-5.198,9.878,2.573,fall
85635,-0.3245,0.354,-0.9583,-4.985,9.733,3.763,fall
85655,-0.3088,0.3748,-0.9622,-3.786,8.626,3.809,fall
85675,-0.2979,0.374,-0.9607,-1.099,7.985,3.878,fall
85695,-0.2859,0.364,-0.9661,2.229,7.733,4.183,fall
85715,-0.2673,0.3572,-0.9753,3.023,8.008,4.374,fall
85735,-0.2476,0.3572,-0.9761,3.328,6.534,4.924,fall
85755,-0.2375,0.3735,-0.9585,2.42,4.916,4.763,fall
85775,-0.2422,0.3848,-0.9626,2.527,4.641,3.481,fall
85795,-0.2485,0.3816,-0.9788,3.634,5.031,2.183,fall
85815,-0.2576,0.364,-0.9697,5.618,4.137,0.947,fall
85835,-0.2539,0.3462,-0.9663,6.153,3.313,0.344,fall
85855,-0.26,0.3386,-0.9714,5.321,1.504,-0.198,fall
85875,-0.2776,0.3264,-0.9705,6.046,0.878,0.466,fall
85895,-0.2866,0.3171,-0.9768,6.015,1.298,0.977,fall
85915,-0.2913,0.3037,-0.9766,4.649,1.29,0.84,fall
85935,-0.2971,0.3052,-0.9836,3.328,-0.122,1.008,fall
85955,-0.3157,0.3049,-0.9766,3.511,-1.527,1.137,fall
85975,-0.3218,0.303,-0.9673,4.389,-1.878,0.634,fall
85995,-0.3223,0.3025,-0.9673,3.702,-0.55,0.824,fall
86015,-0.3179,0.2861,-0.9639,2.359,0.443,1.282,fall
86035,-0.3184,0.2979,-0.9663,-0.786,-0.336,2.008,fall
86055,-0.3308,0.3201,-0.9524,-1.511,0.076,2.656,fall
86075,-0.3347,0.3281,-0.9568,-1.947,1.282,2.557,fall
86095,-0.3325,0.3384,-0.9641,-1.313,1.656,2.145,fall
86115,-0.3325,0.3237,-0.9517,-0.534,2.305,2.748,fall
86135,-0.3188,0.3337,-0.9526,0.511,2.321,2.695,fall
86155,-0.3179,0.3364,-0.9587,0.885,2.908,2.275,fall
86175,-0.312,0.3401,-0.9651,0.176,2.748,2.115,fall
86195,-0.3123,0.3381,-0.9553,1.061,3.061,2.496,fall
86215,-0.3203,0.342,-0.9431,1.954,2.573,2.366,fall
86235,-0.3145,0.3291,-0.9529,2.374,3.618,1.863,fall
86255,-0.3052,0.3306,-0.9712,2.183,4.351,1.45,fall
86275,-0.3,0.3247,-0.9756,1.603,3.908,1.466,fall
86295,-0.2964,0.3215,-0.9841,0.458,3.885,1.198,fall
86315,-0.3037,0.3201,-0.9722,0.145,3.87,1.191,fall
86335,-0.2981,0.3242,-0.9778,0.282,4.237,1.229,fall
86355,-0.2937,0.3208,-0.9773,0.679,3.832,1.458,fall
86375,-0.291,0.3174,-0.9673,0.588,3.344,1.198,fall
86395,-0.3,0.3245,-0.9587,0.069,2.092,1.405,fall
86415,-0.3025,0.3279,-0.9717,-0.466,2.794,0.969,fall
86435,-0.2993,0.3337,-0.9678,-0.153,2.092,0.817,fall
86456,-0.3005,0.3308,-0.9548,0.611,2.168,0.252,fall
86476,-0.304,0.3403,-0.9683,0.992,2.305,0.183,fall
86496,-0.3066,0.3337,-0.9709,1.412,2.046,0.359,fall
86516,-0.3091,0.3198,-0.9648,1.466,1.802,0.527,fall
86536,-0.3096,0.3184,-0.9778,1.58,1.893,-0.206,fall
86556,-0.3079,0.3118,-0.9819,1.992,2.481,0.198,fall
86576,-0.3054,0.3145,-0.9644,0.618,3.397,0.496,fall
86596,-0.3083,0.3206,-0.9617,-0.672,3.344,0.26,fall
86616,-0.3137,0.3237,-0.9546,-1.351,3.42,0.374,fall
86636,-0.3208,0.3323,-0.96,-0.855,3.038,0.321,fall
86656,-0.3203,0.3389,-0.9653,-1.168,2.771,0.351,fall
86676,-0.323,0.3413,-0.9668,-0.687,2.802,0.008,fall
86696,-0.3186,0.3386,-0.9597,0.962,2.641,-0.153,fall
86716,-0.314,0.3259,-0.9521,1.16,3.511,-0.145,fall
86736,-0.3052,0.3311,-0.9666,0.099,4.542,-0.58,fall
86756,-0.3079,0.3284,-0.9666,-0.198,4.29,-0.328,fall
86776,-0.3074,0.3342,-0.9692,-0.084,3.771,-0.595,fall
86796,-0.3091,0.3235,-0.9651,0.046,4.656,-1.122,fall
86816,-0.3032,0.3367,-0.9714,-0.008,4.733,-1.122,fall
86836,-0.3027,0.3279,-0.9739,0.137,3.908,-0.679,fall
86856,-0.3003,0.3206,-0.969,0.832,3.336,-0.023,fall
86876,-0.2964,0.3208,-0.979,0.74,3.313,0.237,fall
86896,-0.2944,0.3154,-0.9756,0.359,3.863,0.824,fall
86916,-0.3044,0.3145,-0.9697,0.58,4.145,1.084,fall
86936,-0.3003,0.3213,-0.9734,-0.237,3.122,0.901,fall
86956,-0.3066,0.3228,-0.9734,-0.542,3.015,0.595,fall
86976,-0.3008,0.3191,-0.9646,0.092,3.153,0.26,fall
86996,-0.3062,0.3313,-0.9705,0.061,2.725,-0.206,fall
87016,-0.3054,0.3318,-0.9688,0.099,3.557,-0.137,fall
87036,-0.3079,0.333,-0.9622,-0.252,3.565,-0.099,fall
87056,-0.3018,0.3328,-0.9695,0.015,3.748,0.214,fall
87076,-0.2996,0.3267,-0.9839,0.412,3.878,-0.115,fall
87096,-0.2998,0.322,-0.9651,0.229,3.656,-0.214,fall
87116,-0.3044,0.333,-0.9675,-0.794,2.863,-0.641,fall
87136,-0.3113,0.3369,-0.9583,-0.664,2.87,-0.275,fall
87156,-0.314,0.332,-0.9617,-0.031,2.954,0.183,fall
87176,-0.311,0.3284,-0.9575,0.176,4.031,0.725,fall
87196,-0.3152,0.3269,-0.9636,0.176,4.061,0.275,fall
87216,-0.3069,0.3315,-0.9746,0.664,3.771,0.099,fall
87236,-0.3013,0.323,-0.9641,1.13,3.023,-0.176,fall
87256,-0.2925,0.3262,-0.9746,1.076,2.832,-0.473,fall
87276,-0.2981,0.3254,-0.9678,0.618,2.565,-0.481,fall
87296,-0.3035,0.3171,-0.9709,-0.321,2.763,-0.366,fall
87316,-0.3027,0.3169,-0.9685,-0.649,3.137,-0.176,fall
87336,-0.3005,0.3254,-0.9727,-0.359,2.641,0.328,fall
87356,-0.3054,0.3271,-0.9675,-0.267,3.115,0.031,fall
87376,-0.2991,0.3313,-0.9597,-0.321,3.511,0.015,fall
87396,-0.2998,0.3262,-0.9619,-0.557,3.061,0.107,fall
87416,-0.3037,0.3245,-0.9634,-0.115,3.099,0.664,fall
87436,-0.3062,0.3286,-0.9639,0.29,4.084,0.817,fall
87456,-0.3022,0.3284,-0.9744,0.16,4.031,1.038,fall
87476,-0.2935,0.3228,-0.9722,-0.595,2.916,1.0,fall
87496,-0.2954,0.3171,-0.9644,-0.145,2.008,0.634,fall
87516,-0.3044,0.3245,-0.9565,-0.55,2.115,0.885,fall
87536,-0.3066,0.3225,-0.9663,-0.076,2.931,0.855,fall
87556,-0.302,0.3245,-0.9727,-0.58,3.0,1.321,fall
87576,-0.3025,0.3208,-0.9797,-0.71,2.351,0.275,fall
87596,-0.3047,0.3276,-0.9768,-0.84,1.969,0.267,fall
87616,-0.3062,0.3279,-0.9585,-0.725,2.466,0.779,fall
87636,-0.302,0.3391,-0.9561,-1.061,3.344,0.969,fall
87656,-0.2991,0.3535,-0.9607,-0.382,4.099,0.748,fall
87676,-0.3013,0.3508,-0.9556,-0.076,2.893,0.84,fall
87696,-0.3108,0.3521,-0.9622,0.252,2.802,0.511,fall
87716,-0.3152,0.3464,-0.9592,1.366,3.458,0.427,fall
87736,-0.3115,0.342,-0.9727,1.664,3.901,0.305,fall
87756,-0.3032,0.3342,-0.9656,1.244,3.595,0.397,fall
87776,-0.2996,0.3279,-0.9653,0.817,3.779,0.275,fall
87796,-0.2961,0.323,-0.9771,2.076,3.0,0.176,fall
87816,-0.2959,0.3196,-0.9641,1.359,2.802,0.122,fall
87836,-0.2944,0.3232,-0.9702,0.687,3.038,0.664,fall
87856,-0.2981,0.3206,-0.9768,0.527,3.099,1.092,fall
87876,-0.2976,0.3218,-0.9714,0.389,2.015,1.16,fall
87896,-0.3066,0.3257,-0.9692,0.573,2.344,0.924,fall
87916,-0.3069,0.3335,-0.9705,0.069,2.855,0.763,fall
87936,-0.3064,0.3291,-0.9785,0.595,2.504,0.656,fall
87956,-0.3042,0.3274,-0.9634,1.015,1.786,0.519,fall
87976,-0.302,0.3308,-0.9575,0.771,1.275,0.42,fall
87996,-0.3066,0.3386,-0.9602,0.74,1.519,0.496,fall
88016,-0.3054,0.3315,-0.9639,0.969,2.595,1.344,fall
88036,-0.3,0.3264,-0.9829,1.527,2.389,1.176,fall
88056,-0.2957,0.3208,-0.9739,1.206,1.702,0.336,fall
88076,-0.2974,0.3088,-0.9675,-0.962,2.511,-0.924,fall
88096,-0.3032,0.3242,-0.9653,-1.763,2.511,-1.382,fall
88116,-0.3069,0.3335,-0.9619,-0.901,2.412,-0.885,fall
88136,-0.3091,0.345,-0.9695,-0.397,2.046,-1.13,fall
88156,-0.3076,0.3484,-0.968,-1.206,1.588,-0.969,fall
88176,-0.2969,0.3542,-0.9646,-2.084,0.664,-0.992,fall
88196,-0.2876,0.3577,-0.9526,0.244,-1.45,-1.962,fall
88216,-0.2771,0.3584,-0.9463,2.618,-3.931,-3.374,fall
88236,-0.2712,0.3567,-0.9526,8.427,-5.748,-4.679,fall
88256,-0.2712,0.3855,-0.979,6.237,-11.779,-5.107,fall
88276,-0.312,0.3904,-0.9187,7.672,-9.511,-4.756,fall
88296,-0.3391,0.4155,-0.9136,8.939,-8.412,-4.611,fall
88316,-0.365,0.4116,-0.8884,15.603,-8.115,-4.183,fall
88336,-0.3965,0.4165,-0.8831,24.023,-3.405,-5.55,fall
88356,-0.4482,0.5007,-0.8857,48.45,12.939,-7.771,fall
88376,-0.3713,0.3711,-0.9377,23.763,9.389,-16.122,fall
88396,-0.4893,0.4666,-0.8491,70.527,28.679,-2.824,fall
88416,-0.4333,0.3999,-0.8684,51.153,23.122,-14.359,fall
88436,-0.3982,0.4399,-0.9246,60.282,37.832,-13.275,fall
88457,-0.3247,0.2874,-0.9258,24.656,17.565,-13.58,fall
88477,-0.3269,0.3025,-0.8818,25.107,13.702,-18.565,fall
88497,-0.3271,0.3218,-0.9072,26.282,12.58,-24.458,fall
88517,-0.3386,0.302,-0.9998,27.16,17.244,-26.725,fall
88537,-0.3723,0.2563,-0.9988,29.679,22.58,-25.29,fall
88557,-0.3772,0.1902,-1.0286,36.397,23.321,-29.237,fall
88577,-0.3362,0.0837,-1.0364,37.992,25.87,-37.046,fall
88597,-0.3091,-0.0068,-1.0635,33.015,28.527,-38.649,fall
88617,-0.2947,-0.0615,-1.0852,26.168,27.336,-39.252,fall
88637,-0.2432,-0.0686,-1.0649,18.076,22.519,-38.771,fall
88657,-0.2012,-0.0278,-1.0615,6.725,21.298,-38.893,fall
88677,-0.2549,0.0239,-1.0547,1.008,20.74,-35.359,fall
88697,-0.2869,0.0117,-1.074,-0.076,22.183,-31.985,fall
88717,-0.2654,0.0022,-1.0583,-0.16,18.298,-33.321,fall
88737,-0.2666,0.0664,-1.0142,-4.725,15.832,-35.809,fall
88757,-0.2927,0.1296,-1.0269,-5.092,19.015,-34.916,fall
88777,-0.3218,0.1377,-1.032,-3.748,25.122,-30.351,fall
88797,-0.2661,0.0889,-1.0044,1.412,20.176,-29.969,fall
88817,-0.25,0.1318,-0.9846,-0.58,16.977,-32.824,fall
88837,-0.2715,0.1687,-1.0527,-0.198,20.214,-33.878,fall
88857,-0.3149,0.1602,-1.0071,0.74,29.397,-30.496,fall
88877,-0.3162,0.0693,-1.0496,1.0,44.374,-29.359,fall
88897,-0.25,0.0283,-1.0315,-1.824,45.42,-32.634,fall
88917,-0.23,0.0063,-1.0432,1.13,44.107,-39.168,fall
88937,-0.2317,-0.0039,-1.0173,-3.511,54.832,-38.107,fall
88957,-0.2129,-0.0637,-1.0718,-13.878,64.374,-30.328,fall
88977,-0.1877,-0.043,-1.0325,-17.275,61.634,-25.595,fall
88997,-0.1604,0.0325,-1.0188,-16.359,62.435,-23.511,fall
89017,-0.1604,0.0798,-1.0603,-15.718,74.336,-19.336,fall
89037,-0.1484,0.0559,-1.1296,-10.084,83.282,-15.527,fall
89057,-0.0903,-0.002,-1.1309,-6.725,82.855,-14.252,fall
89077,-0.062,-0.0049,-1.0195,-8.977,73.069,-18.412,fall
89097,-0.1367,0.0454,-1.0215,-10.458,80.168,-22.84,fall
89117,-0.1311,0.0569,-1.0903,-10.664,87.557,-23.947,fall
89137,-0.0212,-0.0151,-1.126,-13.626,87.618,-20.794,fall
89157,0.1106,0.0024,-1.0586,-14.267,76.092,-16.916,fall
89177,0.1677,0.0625,-0.9788,-13.031,65.878,-17.695,fall
89197,0.1799,0.083,-1.0752,-12.542,64.74,-19.458,fall
89217,0.1938,0.0195,-1.0903,-17.443,64.26,-17.55,fall
89237,0.2417,-0.0317,-1.0815,-19.0,56.336,-13.656,fall
89257,0.2722,0.0283,-1.1042,-24.84,47.466,-13.466,fall
89277,0.269,0.1333,-1.0847,-28.809,44.405,-17.733,fall
89297,0.2432,0.2126,-1.0544,-35.344,48.901,-19.969,fall
89317,0.2534,0.2593,-1.1038,-32.145,54.443,-20.435,fall
89337,0.241,0.2795,-1.0054,-25.702,54.275,-19.435,fall
89357,0.259,0.197,-0.9341,-24.985,62.473,-19.55,fall
89377,0.2961,0.1821,-0.9956,-24.908,65.145,-19.496,fall
89397,0.2856,0.2231,-0.9697,-27.863,64.473,-19.221,fall
89417,0.2979,0.1909,-0.908,-25.832,72.672,-20.229,fall
89437,0.3674,0.2092,-0.8936,-24.344,74.29,-17.168,fall
89457,0.3611,0.1753,-0.9622,-23.298,67.504,-14.954,fall
89477,0.3398,0.2139,-1.0254,-26.908,72.969,-15.924,fall
89497,0.3359,0.2139,-1.01,-24.611,82.427,-20.832,fall
89517,0.4316,0.2974,-0.9668,-14.328,86.382,-17.038,fall
89537,0.4243,0.303,-0.9038,-3.137,81.649,-19.916,fall
89557,0.3762,0.3145,-0.8774,9.366,96.221,-27.191,fall
89577,0.4082,0.2976,-0.8579,8.023,103.511,-26.725,fall
89597,0.439,0.3359,-0.771,5.656,114.611,-26.687,fall
89617,0.4531,0.3562,-0.7646,0.328,123.748,-35.198,fall
89637,0.5552,0.3777,-0.8818,-3.817,129.0,-45.115,fall
89657,0.5776,0.3716,-0.9595,-4.321,128.328,-48.435,fall
89677,0.7161,0.3613,-1.1357,-8.328,110.321,-45.046,fall
89697,0.7935,0.3896,-1.0605,-15.252,67.611,-43.191,fall
89717,0.7842,0.3467,-0.918,-10.336,52.496,-43.893,fall
89737,0.8176,0.386,-0.7859,-7.359,60.153,-37.481,fall
89757,0.865,0.4148,-0.7622,-10.16,67.809,-23.695,fall
89777,0.8896,0.4609,-0.7256,-9.053,61.84,-14.992,fall
89797,0.8215,0.4929,-0.7751,1.122,59.252,-12.832,fall
89817,0.7566,0.4541,-0.7166,7.924,66.229,-10.74,fall
89837,0.7075,0.4033,-0.6575,5.664,75.794,-5.565,fall
89857,0.697,0.4504,-0.728,-5.634,69.924,-1.176,fall
89877,0.7915,0.5078,-0.7944,-15.374,53.664,-2.443,fall
89897,0.8743,0.428,-0.698,-21.855,36.634,-8.969,fall
89917,0.8625,0.3645,-0.6311,-36.458,23.84,-11.313,fall
89937,0.8384,0.4204,-0.5754,-52.069,13.557,-9.137,fall
89957,0.8525,0.4805,-0.5857,-60.298,16.344,-4.672,fall
89977,0.8284,0.4724,-0.5786,-59.13,17.725,3.084,fall
89997,0.7854,0.3928,-0.5764,-50.275,13.45,6.122,fall
90017,0.7466,0.3237,-0.479,-42.29,13.435,7.084,fall
90037,0.7031,0.3557,-0.4368,-43.198,19.977,14.573,fall
90057,0.7046,0.4338,-0.4453,-44.015,23.305,20.71,fall
90077,0.7537,0.4812,-0.4658,-29.763,27.672,20.0,fall
90097,0.7361,0.5034,-0.4519,-13.641,39.847,17.611,fall
90117,0.7854,0.4988,-0.5222,-2.916,45.664,13.069,fall
90137,0.8394,0.4565,-0.5015,1.809,47.183,8.0,fall
90157,0.9451,0.4575,-0.468,1.351,44.74,2.382,fall
90177,0.7715,0.356,-0.2344,-6.305,46.511,-5.695,fall
90197,0.9084,0.575,-0.5579,-10.122,46.443,-4.573,fall
90217,0.9475,0.6038,-0.4697,1.885,27.786,-7.084,fall
90237,0.8945,0.4944,-0.4304,9.13,28.534,-9.992,fall
90257,0.8181,0.4253,-0.4509,12.061,34.817,-4.901,fall
90277,0.771,0.4307,-0.4429,12.069,38.779,0.931,fall
90297,0.7598,0.4431,-0.4482,13.695,37.206,6.389,fall
90317,0.7803,0.4927,-0.4067,19.389,33.649,6.13,fall
90337,0.7517,0.4802,-0.3469,21.267,23.397,1.153,fall
90357,0.7634,0.4851,-0.3926,24.382,19.298,-6.863,fall
90377,0.7393,0.5132,-0.3723,26.824,13.542,-10.573,fall
90397,0.7129,0.5161,-0.3347,29.863,7.16,-19.275,fall
90417,0.6731,0.49,-0.3088,36.779,8.863,-17.374,fall
90437,0.6545,0.446,-0.3345,45.107,12.275,-16.153,fall
90458,0.6597,0.4041,-0.3755,52.13,17.374,-10.847,fall
90478,0.6858,0.3271,-0.3892,55.206,22.489,-2.137,fall
90498,0.7283,0.2507,-0.3438,52.427,30.855,4.718,fall
90518,0.7234,0.2556,-0.2683,43.969,40.672,3.748,fall
90538,0.7554,0.2512,-0.2715,34.008,47.321,6.015,fall
90558,0.8052,0.3137,-0.2952,24.794,50.504,7.901,fall
90578,0.8176,0.4033,-0.3137,13.534,51.107,5.901,fall
90598,0.834,0.4971,-0.3027,12.962,57.023,1.992,fall
90618,0.9143,0.5764,-0.3591,16.672,52.565,-1.634,fall
90638,0.9492,0.5967,-0.3992,28.511,50.252,-7.992,fall
90658,0.9194,0.6201,-0.2405,39.519,49.542,-11.443,fall
90678,0.9006,0.5291,-0.2747,47.313,50.87,-10.443,fall
90698,0.8584,0.4385,-0.2493,46.634,46.389,-9.305,fall
90718,0.8203,0.3809,-0.2454,41.985,38.298,-7.099,fall
90738,0.853,0.4011,-0.2761,32.687,30.008,-6.573,fall
90758,0.8757,0.4424,-0.2537,23.092,21.038,-6.771,fall
90778,0.8831,0.4377,-0.2444,16.26,14.336,-7.336,fall
90798,0.9065,0.4365,-0.2522,18.947,11.038,-8.435,fall
90818,0.9365,0.437,-0.2925,15.809,6.931,-11.031,fall
90838,0.908,0.4089,-0.2446,13.588,6.382,-10.534,fall
90858,0.9417,0.3931,-0.2646,8.344,15.466,-7.191,fall
90878,0.9717,0.3657,-0.2961,1.198,17.282,-3.29,fall
90898,0.959,0.3491,-0.2495,-2.74,18.985,-0.534,fall
90918,0.9734,0.3569,-0.2373,-4.702,21.656,-0.649,fall
90938,0.9756,0.3477,-0.2317,-4.733,22.053,-1.519,fall
90958,0.9792,0.3552,-0.2515,-2.214,20.053,-1.473,fall
90978,0.9521,0.3796,-0.2524,3.366,19.008,-0.084,fall
90998,0.9324,0.3733,-0.2581,9.71,20.176,2.702,fall
91018,0.9265,0.3611,-0.2773,16.443,20.466,6.176,fall
91038,0.9482,0.3621,-0.3081,23.237,17.618,7.389,fall
91058,0.9753,0.3403,-0.2759,26.046,9.168,5.076,fall
91078,0.9763,0.3167,-0.2466,23.832,-0.168,2.084,fall
91098,0.9751,0.3374,-0.2651,18.183,-10.718,0.931,fall
91118,0.9402,0.3628,-0.2344,13.672,-18.221,-0.786,fall
91138,0.8857,0.385,-0.1584,8.275,-16.42,0.107,fall
91158,0.8774,0.4187,-0.1985,0.878,-8.29,5.389,fall
91178,0.9099,0.4241,-0.2385,-3.305,-3.183,11.229,fall
91198,0.9065,0.436,-0.2495,-7.458,4.137,15.87,fall
91218,0.8765,0.4658,-0.252,-7.305,10.771,16.229,fall
91238,0.8296,0.4885,-0.2812,0.542,10.748,0.504,fall
91258,0.8418,0.4922,-0.2781,9.962,8.55,-2.038,fall
91278,0.8567,0.4517,-0.2856,19.145,5.603,-8.115,fall
91298,0.8967,0.385,-0.311,23.397,5.893,-11.931,fall
91318,0.9014,0.3628,-0.3113,20.802,4.756,-12.427,fall
91338,0.9241,0.3684,-0.3154,17.763,3.718,-9.115,fall
91358,0.9089,0.3845,-0.2971,14.351,4.443,-4.168,fall
91378,0.9033,0.3936,-0.3108,9.702,7.962,0.046,fall
91398,0.9275,0.3752,-0.3191,5.023,11.115,1.336,fall
91418,0.9204,0.3787,-0.3179,2.542,11.122,0.176,fall
91438,0.9087,0.3826,-0.3164,0.702,9.42,-0.649,fall
91458,0.9033,0.3777,-0.2932,-1.115,5.496,-1.656,fall
91478,0.8933,0.3743,-0.2959,-2.221,1.13,-2.527,fall
91498,0.884,0.3833,-0.3052,-2.725,-0.618,-3.183,fall
91518,0.9006,0.4111,-0.3137,-2.115,-0.053,-2.321,fall
91538,0.9104,0.4285,-0.3018,-1.13,1.107,-1.519,fall
91558,0.9033,0.4307,-0.2888,-0.076,3.702,-1.214,fall
91578,0.8945,0.4214,-0.2961,0.992,5.466,-0.733,fall
91598,0.8936,0.417,-0.2908,2.321,5.328,-0.634,fall
91618,0.8979,0.4153,-0.2954,3.221,4.55,-1.374,fall
91638,0.8894,0.4121,-0.2864,4.206,4.214,-2.099,fall
91658,0.9006,0.4099,-0.2896,4.611,4.878,-1.84,fall
91678,0.8989,0.4028,-0.2964,5.244,5.366,-1.573,fall
91698,0.9004,0.3965,-0.3044,4.58,5.038,-1.359,fall
91718,0.9106,0.3984,-0.3071,3.473,3.351,-0.718,fall
91738,0.9097,0.4011,-0.3145,2.328,1.672,-0.733,fall
91758,0.8989,0.4004,-0.3049,2.557,1.725,-0.26,fall
91778,0.9009,0.397,-0.3066,2.939,3.061,-0.038,fall
91798,0.9011,0.3914,-0.3062,2.55,3.374,0.282,fall
91818,0.906,0.3977,-0.3049,2.359,2.779,0.053,fall
91838,0.8999,0.4004,-0.2927,1.878,2.496,0.336,fall
91858,0.8984,0.3938,-0.2974,1.679,2.702,0.618,fall
91878,0.9019,0.3972,-0.2925,2.115,1.389,0.511,fall
91898,0.9055,0.3975,-0.3044,2.191,1.107,0.443,fall
91918,0.9023,0.3926,-0.3115,2.26,0.901,1.015,fall
91938,0.9109,0.3853,-0.303,2.061,0.046,1.221,fall
91958,0.9065,0.387,-0.3223,0.779,-0.13,0.992,fall
91978,0.9116,0.3896,-0.3401,0.321,0.664,0.588,fall
91998,0.9082,0.3782,-0.3123,1.382,0.504,-0.191,fall
92018,0.9014,0.3774,-0.3335,-0.183,1.153,-0.641,fall
92038,0.9065,0.3713,-0.3132,-1.916,2.466,-0.504,fall
92058,0.9167,0.3699,-0.3088,-2.313,2.924,-0.458,fall
92078,0.928,0.3748,-0.3027,0.298,1.725,-0.198,fall
92098,0.9197,0.3645,-0.3289,0.649,1.901,0.252,fall
92118,0.9053,0.3787,-0.3152,0.168,1.84,1.504,fall
92138,0.9006,0.3823,-0.2935,2.489,2.427,2.473,fall
92158,0.9126,0.3691,-0.3035,4.076,2.847,3.145,fall
92178,0.9136,0.3591,-0.3203,4.641,2.519,3.885,fall
92198,0.9124,0.3511,-0.321,4.145,1.733,4.153,fall
92218,0.9133,0.3484,-0.3142,2.802,1.305,4.046,fall
92238,0.9119,0.3525,-0.3108,1.588,1.153,3.687,fall
92258,0.9128,0.3564,-0.3093,0.336,2.198,1.954,fall
92278,0.9136,0.3606,-0.3203,0.229,2.435,1.664,fall
92298,0.9153,0.373,-0.3306,1.672,1.733,0.992,fall
92318,0.907,0.387,-0.3154,2.695,1.481,0.725,fall
92338,0.8997,0.3882,-0.3037,2.191,3.351,0.58,fall
92358,0.8979,0.3755,-0.3113,1.351,4.206,1.443,fall
92378,0.9043,0.3721,-0.3132,1.405,4.046,1.221,fall
92398,0.916,0.3652,-0.3059,1.191,3.237,0.74,fall
92418,0.9111,0.3689,-0.311,0.847,2.511,0.206,fall
92438,0.9072,0.3652,-0.3257,-0.298,2.252,1.023,fall
92459,0.9082,0.3687,-0.3215,-1.634,1.603,1.588,fall
92479,0.9209,0.3799,-0.3076,-2.145,1.481,1.435,fall
92499,0.9087,0.3796,-0.3174,-1.328,1.718,0.939,fall
92519,0.9006,0.3772,-0.3188,-0.183,2.45,1.351,fall
92539,0.9104,0.3757,-0.3147,-0.183,2.336,1.244,fall
92559,0.9133,0.3777,-0.3076,0.733,1.664,0.282,fall
92579,0.9011,0.3809,-0.3127,1.466,2.481,0.733,fall
92599,0.9004,0.3799,-0.3179,1.595,2.977,1.473,fall
92619,0.8987,0.374,-0.3059,2.244,3.435,1.832,fall
92639,0.9053,0.3777,-0.2961,1.656,4.015,1.298,fall
92659,0.8999,0.386,-0.3015,2.718,3.954,1.351,fall
92679,0.8987,0.396,-0.2954,4.336,3.534,1.26,fall
92699,0.9019,0.3972,-0.2979,4.565,3.16,1.076,fall
92719,0.9094,0.3948,-0.2942,4.687,1.26,1.74,fall
92739,0.9133,0.4065,-0.3032,4.458,-1.061,2.664,fall
92759,0.9104,0.4043,-0.2949,4.71,-0.771,3.534,fall
92779,0.9045,0.3958,-0.3005,4.702,0.282,4.901,fall
92799,0.9187,0.3879,-0.3201,6.168,-0.588,5.649,fall
92819,0.9097,0.3982,-0.3059,7.076,-2.992,6.687,fall
92839,0.8997,0.3999,-0.3044,7.489,-2.015,7.321,fall
92859,0.8943,0.3997,-0.2966,7.763,1.282,7.252,fall
92879,0.9099,0.384,-0.3213,8.656,2.015,7.702,fall
92899,0.9104,0.3821,-0.324,10.359,0.252,7.817,fall
92919,0.9106,0.3784,-0.323,10.107,-0.427,7.298,fall
92939,0.9077,0.374,-0.3142,10.397,-0.344,7.939,fall
92959,0.9041,0.3701,-0.3213,10.565,-0.244,9.756,fall
92979,0.9133,0.3708,-0.3315,10.924,-0.908,11.725,fall
92999,0.9165,0.376,-0.3286,11.069,-1.947,13.611,fall
93019,0.9097,0.3796,-0.3157,11.16,-2.977,15.489,fall
93039,0.8918,0.3826,-0.3176,11.023,-2.489,17.985,fall
93059,0.887,0.3757,-0.311,12.252,-3.076,19.237,fall
93079,0.8853,0.376,-0.3152,14.137,-4.718,20.374,fall
93099,0.8738,0.3721,-0.3169,14.74,-6.427,21.855,fall
93119,0.8757,0.3647,-0.3159,16.802,-7.13,24.603,fall
93139,0.886,0.3662,-0.3176,19.031,-8.214,26.779,fall
93159,0.8914,0.3748,-0.314,20.527,-9.687,27.84,fall
93179,0.8899,0.3699,-0.3164,21.176,-9.458,29.618,fall
93199,0.8833,0.3547,-0.3335,23.122,-9.198,31.427,fall
93219,0.8923,0.3503,-0.335,25.351,-11.687,32.702,fall
93239,0.8862,0.3442,-0.3293,26.527,-14.473,34.023,fall
93259,0.8635,0.313,-0.3274,27.084,-14.359,36.275,fall
93279,0.8677,0.3005,-0.3413,28.053,-16.191,39.817,fall
93299,0.864,0.3,-0.3245,27.908,-19.191,42.137,fall
93319,0.8252,0.3066,-0.2869,26.183,-20.214,45.176,fall
93339,0.7517,0.3364,-0.2959,23.87,-17.168,50.435,fall
93359,0.7583,0.3447,-0.3042,26.977,-17.496,56.763,fall
93379,0.781,0.3923,-0.2986,33.038,-22.466,60.267,fall
93399,0.7048,0.3794,-0.2,41.382,-28.908,63.802,fall
93419,0.5942,0.3491,-0.1536,51.252,-25.359,63.718,fall
93439,0.5486,0.3074,-0.1562,56.641,-20.504,62.191,fall
93459,0.5371,0.2444,-0.1653,66.168,-20.046,61.565,fall
93479,0.5037,0.1602,-0.1936,74.015,-11.947,60.702,fall
93499,0.5637,0.0203,-0.2476,75.099,-11.511,63.626,fall
93519,0.6084,-0.0437,-0.217,66.069,-16.985,68.855,fall
93539,0.5176,-0.1331,-0.293,47.305,-26.221,72.198,fall
93559,0.436,-0.2195,-0.4468,27.351,-31.656,75.718,fall
93579,0.5112,-0.4524,-0.5696,20.099,-49.702,84.359,fall
93599,0.7461,-0.7361,-0.6448,15.443,-90.779,99.702,fall
93619,0.7595,-0.8611,-0.5674,-3.397,-117.153,113.023,fall
93639,1.0957,-0.9866,-0.7893,-14.466,-123.16,141.168,fall
93659,1.4917,-0.6753,-0.5344,-5.885,-132.542,173.061,fall
93679,1.8826,-0.8145,-1.5557,-28.794,-115.802,191.611,fall
93699,1.3123,-0.7698,-1.5054,-17.786,-127.153,205.374,fall
93719,0.9421,-1.1982,-1.7515,28.321,-83.55,187.206,fall
93739,0.7944,-1.0063,-1.3887,47.29,-76.214,189.809,fall
93759,0.6348,-0.7742,-0.9319,73.664,-83.145,193.435,fall
93779,0.5085,-0.6021,-0.8081,69.137,-92.664,198.313,fall
93799,0.51,-0.4189,-0.6987,62.061,-103.885,190.183,fall
93819,0.5173,-0.3484,-0.803,66.504,-138.893,184.427,fall
93839,0.4951,-0.4758,-0.73,82.489,-163.26,167.153,fall
93859,0.2922,-0.6211,-0.7075,92.656,-165.435,177.229,fall
93879,0.1599,-0.7173,-0.7344,114.794,-144.313,182.748,fall
93899,-0.0688,-0.7878,-0.7947,125.008,-135.313,170.557,fall
93919,-0.2144,-0.8499,-0.7661,125.573,-115.122,156.733,fall
93939,-0.4187,-0.9302,-0.7034,107.42,-91.046,133.71,fall
93959,-0.5894,-0.7891,-0.6313,105.618,-69.985,91.71,fall
93979,-0.6953,-0.7563,-0.2805,98.504,-31.679,35.603,fall
93999,-0.7134,-0.95,-0.3074,92.366,-10.649,-4.977,fall
94019,-0.8376,-0.6123,-0.1802,75.328,0.634,-20.374,fall
94039,-0.666,-0.6909,-0.2053,72.634,-16.992,-24.786,fall
94059,-0.4636,-0.7874,0.002,51.053,-23.687,3.74,fall
94079,-0.415,-0.7786,-0.0193,18.122,-14.832,10.092,fall
94099,-0.5344,-0.6948,0.04,-1.153,-24.466,24.191,fall
94119,-0.4731,-0.6602,-0.0769,5.947,-6.893,25.58,fall
94139,-0.5066,-0.7173,-0.2043,16.969,3.45,23.481,fall
94159,-0.6077,-0.8237,-0.2507,21.191,-23.534,13.55,fall
94179,-0.6248,-0.8796,-0.2241,18.573,-17.786,-4.603,fall
94199,-0.6006,-0.8916,-0.291,4.595,-7.313,-32.076,fall
94219,-0.4192,-0.8909,-0.3225,-21.321,-9.221,-47.702,fall
94239,-0.2725,-0.9429,-0.4036,-36.649,-13.26,-44.985,fall
94259,-0.1572,-0.9614,-0.5015,-38.137,7.206,-35.183,fall
94279,-0.0344,-0.9985,-0.4275,-25.901,15.305,-22.55,fall
94299,-0.0261,-0.9604,-0.3777,-15.733,9.389,-11.382,fall
94319,-0.1516,-0.9644,-0.394,-8.557,-1.939,-13.634,fall
94339,-0.2803,-1.021,-0.4756,-17.145,5.489,-16.336,fall
94359,-0.2981,-1.0095,-0.4456,-25.382,12.168,-17.893,fall
94379,-0.2383,-1.0391,-0.3796,-26.786,8.809,-19.969,fall
94399,-0.21,-1.0513,-0.3701,-28.893,11.359,-20.397,fall
94419,-0.1738,-0.969,-0.4624,-35.397,17.328,-19.336,fall
94439,-0.095,-0.8977,-0.5264,-37.947,15.58,-15.58,fall
94460,-0.0562,-0.8794,-0.5095,-34.122,9.198,-14.626,fall
94480,-0.1008,-0.8491,-0.5356,-28.901,4.458,-12.336,fall
94500,-0.1777,-0.8057,-0.5925,-23.13,8.13,-9.069,fall
94520,-0.2153,-0.8098,-0.5623,-23.763,13.198,-5.962,fall
94540,-0.2031,-0.8259,-0.564,-20.504,12.58,-9.908,fall
94560,-0.1741,-0.8643,-0.5745,-17.74,11.198,-13.183,fall
94580,-0.1729,-0.8552,-0.5691,-17.534,13.55,-14.397,fall
94600,-0.1558,-0.8547,-0.5535,-19.832,17.473,-12.504,fall
94620,-0.1206,-0.8606,-0.6033,-18.374,14.435,-15.237,fall
94640,-0.1118,-0.8599,-0.593,-10.748,11.779,-14.321,fall
94660,-0.1279,-0.8679,-0.5811,-3.176,15.092,-10.137,fall
94680,-0.1147,-0.8828,-0.554,-5.466,18.756,-6.267,fall
94700,-0.1062,-0.928,-0.5483,-8.885,14.824,-8.214,fall
94720,-0.1028,-0.8889,-0.5276,-9.137,10.313,-10.573,fall
94740,-0.1177,-0.8831,-0.5698,-9.122,12.26,-8.649,fall
94760,-0.1069,-0.8738,-0.5781,-13.87,16.962,-5.427,fall
94780,-0.0886,-0.8457,-0.532,-15.389,14.122,-6.962,fall
94800,-0.0879,-0.8503,-0.5186,-15.221,10.382,-7.382,fall
94820,-0.1003,-0.8523,-0.5649,-13.817,11.466,-5.374,fall
94840,-0.0764,-0.8455,-0.5945,-17.237,15.412,-2.237,fall
94860,-0.0769,-0.9136,-0.6418,-14.427,6.863,-1.481,fall
94880,-0.0571,-0.9089,-0.6636,-7.122,4.939,-1.481,fall
94900,-0.1062,-0.8743,-0.6274,-7.252,4.412,-2.29,fall
94920,-0.0867,-0.8401,-0.6782,-2.664,6.206,-4.412,fall
94940,-0.1194,-0.812,-0.594,-0.718,6.252,-5.588,fall
94960,-0.1187,-0.7583,-0.5642,-3.061,8.351,-8.786,fall
94980,-0.095,-0.7266,-0.5793,-8.099,9.893,-9.344,fall
95000,-0.0569,-0.7849,-0.6226,-11.137,12.786,-6.855,fall
95020,-0.0449,-0.8313,-0.5938,-13.229,17.695,-1.16,fall
95040,-0.0522,-0.8315,-0.6145,-12.221,19.824,3.649,fall
95060,-0.0623,-0.834,-0.6548,-11.58,17.542,1.092,fall
95080,-0.0784,-0.8818,-0.6838,-10.504,13.534,-2.748,fall
95100,-0.0981,-0.8462,-0.6392,-10.595,12.641,-8.221,fall
95120,-0.0769,-0.8284,-0.6086,-7.023,16.74,-8.237,fall
95140,-0.0479,-0.8174,-0.626,-6.74,19.87,-4.183,fall
95160,-0.0146,-0.8567,-0.6555,-5.26,16.771,-2.901,fall
95180,-0.0405,-0.8667,-0.6108,-3.206,7.725,-3.122,fall
95200,-0.1067,-0.8347,-0.585,-7.29,8.878,-3.16,fall
95220,-0.1265,-0.8301,-0.6194,-13.076,15.206,-5.328,fall
95240,-0.114,-0.8662,-0.6707,-15.145,20.947,-7.328,fall
95260,-0.0908,-0.8113,-0.6409,-12.053,20.374,-9.794,fall
95280,-0.0435,-0.7612,-0.6335,-12.473,19.313,-11.214,fall
95300,-0.0283,-0.8018,-0.6553,-9.092,18.855,-9.672,fall
95320,-0.0005,-0.877,-0.6631,-11.389,20.71,-6.359,fall
95340,0.0161,-0.8953,-0.6233,-10.802,20.977,0.221,fall
95360,0.0293,-0.813,-0.6182,-12.733,22.519,6.924,fall
95380,0.0425,-0.8147,-0.6904,-14.412,13.809,4.489,fall
95400,0.0173,-0.7974,-0.718,-11.16,13.16,0.962,fall
95420,-0.0134,-0.77,-0.7207,-11.046,12.893,0.008,fall
95440,-0.0222,-0.7686,-0.7434,-9.603,9.481,-1.893,fall
95460,-0.0286,-0.7378,-0.6929,2.13,3.824,-1.527,fall
95480,-0.0369,-0.7126,-0.6941,6.305,0.336,-3.206,fall
95500,-0.0261,-0.7334,-0.7053,9.313,1.786,-1.878,fall
95520,-0.0422,-0.7708,-0.6729,8.435,4.794,-1.634,fall
95540,-0.022,-0.8059,-0.6526,-0.153,12.267,-0.718,fall
95560,0.0637,-0.8152,-0.6892,-5.13,20.374,-3.244,fall
95580,0.1228,-0.7812,-0.7183,-1.87,14.107,-2.557,fall
95600,0.1125,-0.7705,-0.7275,5.137,6.725,0.725,fall
95620,0.061,-0.802,-0.687,8.992,-2.504,3.992,fall
95640,0.0286,-0.8281,-0.6841,11.794,-0.611,6.13,fall
95660,0.0273,-0.8494,-0.6633,14.046,-3.237,8.122,fall
95680,-0.0166,-0.863,-0.6318,12.855,-3.641,8.237,fall
95700,-0.0298,-0.8499,-0.6169,7.191,-0.183,7.733,fall
95720,-0.0183,-0.8347,-0.6414,3.206,1.328,6.588,fall
95740,-0.0073,-0.8232,-0.6472,3.076,-0.573,5.321,fall
95760,-0.0125,-0.8235,-0.6465,2.183,-3.038,3.878,fall
95780,-0.0247,-0.8281,-0.6604,1.221,-2.771,2.893,fall
95800,-0.0227,-0.8237,-0.6702,-0.084,-1.206,3.794,fall
95820,-0.0146,-0.8123,-0.6599,0.679,-1.527,4.588,fall
95840,-0.0044,-0.8027,-0.647,1.756,-2.053,5.252,fall
95860,-0.0115,-0.7947,-0.6531,3.122,-2.534,6.038,fall
95880,-0.0305,-0.7954,-0.6653,3.122,-3.084,7.153,fall
95900,-0.0474,-0.8025,-0.6711,3.137,-3.061,6.832,fall
95920,-0.0562,-0.8074,-0.6462,2.511,-3.237,5.855,fall
95940,-0.0674,-0.8025,-0.6375,1.679,-2.084,3.115,fall
95960,-0.0784,-0.8062,-0.6702,0.252,-0.679,1.42,fall
95980,-0.0793,-0.802,-0.667,0.16,0.252,0.221,fall
96000,-0.0701,-0.8074,-0.6489,0.947,2.679,-0.389,fall
96020,-0.0476,-0.8066,-0.6399,0.664,3.473,-0.359,fall
96040,-0.043,-0.8186,-0.6479,-0.466,3.336,0.313,fall
96060,-0.0432,-0.8164,-0.6487,-0.931,2.931,-0.305,fall
96080,-0.05,-0.822,-0.6411,-1.145,3.29,-1.008,fall
96100,-0.0464,-0.8164,-0.6614,-0.855,3.863,-1.939,fall
96120,-0.0466,-0.8108,-0.6587,-0.84,3.42,-2.313,fall
96140,-0.0403,-0.8064,-0.6711,-0.336,3.817,-2.504,fall
96160,-0.0293,-0.7942,-0.6692,1.45,4.382,-2.183,fall
96180,-0.0317,-0.8074,-0.6555,2.0,2.656,-2.237,fall
96200,-0.0205,-0.8196,-0.655,3.168,2.443,-1.901,fall
96220,-0.02,-0.8269,-0.6531,3.649,0.611,-0.374,fall
96240,-0.0303,-0.8184,-0.6523,4.069,1.565,1.023,fall
96260,-0.0427,-0.804,-0.6411,2.305,1.282,1.29,fall
96280,-0.043,-0.8137,-0.6489,2.366,3.008,1.817,fall
96300,-0.0359,-0.8264,-0.6604,2.924,1.908,1.511,fall
96320,-0.0371,-0.8286,-0.6526,3.145,2.13,1.397,fall
96340,-0.0381,-0.8235,-0.6355,2.267,2.313,1.366,fall
96360,-0.0393,-0.8206,-0.6443,1.374,2.626,1.641,fall
96380,-0.043,-0.8228,-0.6479,1.168,2.145,1.198,fall
96400,-0.052,-0.8267,-0.6396,0.527,1.519,0.985,fall
96420,-0.0542,-0.8252,-0.6433,-0.084,2.55,0.74,fall
96440,-0.0588,-0.8301,-0.6504,-0.153,3.847,0.519,fall
96461,-0.0491,-0.8291,-0.6499,-0.87,3.832,0.076,fall
96481,-0.0425,-0.8181,-0.6475,-0.084,3.901,-0.328,fall
96501,-0.0447,-0.8179,-0.6462,-0.481,3.496,-0.42,fall
96521,-0.0486,-0.8123,-0.6594,-0.443,2.969,-0.695,fall
96541,-0.0557,-0.824,-0.6489,-1.252,3.015,-0.466,fall
96561,-0.0496,-0.812,-0.6511,-1.588,4.634,-0.702,fall
96581,-0.0518,-0.7979,-0.6313,-3.832,5.305,-0.916,fall
96601,-0.0278,-0.813,-0.6619,-2.366,6.191,-0.672,fall
96621,-0.019,-0.8274,-0.6746,0.374,2.458,-0.321,fall
96641,-0.0483,-0.8162,-0.6575,1.084,1.519,0.053,fall
96661,-0.0459,-0.8083,-0.6501,1.237,3.58,0.344,fall
96681,-0.0378,-0.8074,-0.6614,2.366,2.863,-0.397,fall
96701,-0.0403,-0.8142,-0.6484,3.122,1.275,-0.176,fall
96721,-0.0449,-0.8057,-0.6462,2.046,2.756,0.863,fall
96741,-0.0474,-0.811,-0.6492,1.992,3.542,1.084,fall
96761,-0.0361,-0.8279,-0.6516,2.244,3.252,1.443,fall
96781,-0.0391,-0.8337,-0.6445,2.382,2.084,1.176,fall
96801,-0.0522,-0.8313,-0.6294,1.328,1.687,0.802,fall
96821,-0.0505,-0.8269,-0.6355,0.473,3.183,0.649,fall
96841,-0.042,-0.8284,-0.6445,1.13,2.832,0.397,fall
96861,-0.054,-0.8145,-0.5972,2.542,1.519,0.55,fall
96881,-0.0518,-0.8267,-0.6113,3.282,-0.282,-0.031,fall
96901,-0.0532,-0.8335,-0.6755,3.573,2.695,1.412,fall
96921,-0.0444,-0.8159,-0.6802,0.718,3.473,0.695,fall
96941,-0.0469,-0.8191,-0.6584,1.344,3.557,1.389,fall
96961,-0.0469,-0.8286,-0.6523,1.985,3.031,1.847,fall
96981,-0.0454,-0.8411,-0.6531,1.847,3.115,2.351,fall
97001,-0.0461,-0.8301,-0.6353,1.084,3.313,2.313,fall
97021,-0.0486,-0.823,-0.6287,-0.603,3.824,1.763,fall
97041,-0.0464,-0.8198,-0.6409,-2.122,3.985,1.511,fall
97061,-0.0503,-0.8152,-0.6399,-2.588,2.695,1.069,fall
97081,-0.0583,-0.812,-0.646,-1.687,2.817,0.473,fall
97101,-0.0598,-0.7974,-0.6428,-2.092,1.901,-0.084,fall
97121,-0.0674,-0.8037,-0.6445,-1.641,2.847,-0.336,fall
97141,-0.0559,-0.8184,-0.666,-1.214,2.344,-0.588,fall
97161,-0.0518,-0.8137,-0.6663,1.58,1.802,-0.901,fall
97181,-0.0635,-0.7703,-0.6377,-1.237,1.153,-2.229,fall
97201,-0.0449,-0.7766,-0.6863,1.336,3.382,-0.908,fall
97221,-0.0247,-0.8108,-0.7256,9.527,0.641,0.992,fall
97241,-0.0435,-0.8184,-0.6873,17.221,-1.962,2.893,fall
97261,-0.0527,-0.8164,-0.6548,21.863,1.519,6.687,fall
97281,-0.0198,-0.8381,-0.5664,33.435,-0.473,10.74,fall
97301,-0.0332,-0.8931,-0.5342,56.16,-15.733,16.145,fall
97321,-0.0789,-0.906,-0.8081,41.641,5.298,21.267,fall
97341,-0.0513,-0.7988,-0.571,34.214,15.794,24.817,fall
97361,-0.1174,-0.8008,-0.5918,26.26,13.412,23.847,fall
97381,-0.0459,-0.8042,-0.502,24.206,6.0,18.359,fall
97401,-0.031,-0.8762,-0.4629,21.55,-6.366,14.221,fall
97421,0.0015,-0.9675,-0.4351,14.382,-15.847,13.16,fall
97441,-0.0271,-1.0095,-0.4399,3.305,-19.435,12.084,fall
97461,-0.0789,-1.0334,-0.5024,-9.603,-15.618,10.916,fall
97481,-0.1265,-0.9685,-0.5669,-19.725,-9.206,7.061,fall
97501,-0.2041,-0.8892,-0.5676,-24.275,-3.053,3.321,fall
97521,-0.2654,-0.8628,-0.561,-18.626,8.099,4.977,fall
97541,-0.2659,-0.8445,-0.5383,-15.405,12.527,6.527,fall
97561,-0.2642,-0.8406,-0.4922,-13.496,17.099,2.275,fall
97581,-0.3154,-0.864,-0.4727,-16.748,19.557,-8.13,fall
97601,-0.3447,-0.8223,-0.4412,-33.168,29.313,-21.298,fall
97621,-0.2688,-0.7856,-0.5195,-44.198,41.0,-34.382,fall
97641,-0.125,-0.8179,-0.5271,-41.969,30.656,-41.695,fall
97661,-0.0762,-0.8782,-0.5256,-42.931,22.176,-50.122,fall
97681,-0.0635,-0.8904,-0.6575,-50.511,23.542,-49.191,fall
97701,-0.074,-0.8337,-0.644,-52.473,18.183,-46.863,fall
97721,-0.0688,-0.8848,-0.5891,-52.824,28.0,-50.443,fall
97741,-0.0774,-0.9331,-0.7048,-55.634,32.641,-50.794,fall
97761,-0.0347,-0.907,-0.7256,-61.542,30.099,-50.985,fall
97781,0.0261,-0.9114,-0.6716,-66.672,25.824,-54.786,fall
97801,0.1108,-0.8755,-0.6677,-68.076,22.122,-57.74,fall
97821,0.1624,-0.8328,-0.708,-73.366,9.038,-59.71,fall
97841,0.1199,-0.7415,-0.7903,-78.565,10.954,-63.901,fall
97861,0.0764,-0.6277,-0.8625,-71.29,13.313,-66.382,fall
97881,0.0952,-0.5793,-0.8574,-62.863,13.008,-64.733,fall
97901,0.0933,-0.5535,-0.8223,-57.771,14.328,-64.588,fall
97921,0.1538,-0.5518,-0.9011,-50.397,22.939,-63.534,fall
97941,0.2327,-0.532,-0.9912,-37.893,22.649,-57.885,fall
97961,0.2703,-0.5178,-0.9121,-34.046,13.977,-52.481,fall
97981,0.2671,-0.5457,-0.8804,-25.611,8.687,-54.191,fall
98001,0.2107,-0.5645,-0.8967,-24.893,9.763,-54.298,fall
98021,0.241,-0.6648,-0.8904,-25.878,20.947,-50.695,fall
98041,0.2769,-0.6113,-0.8652,-28.153,17.107,-45.359,fall
98061,0.2493,-0.4846,-0.866,-25.779,20.931,-38.809,fall
98081,0.2468,-0.4612,-0.8958,-24.786,25.679,-28.176,fall
98101,0.2896,-0.5032,-0.9229,-21.588,27.336,-18.969,fall
98121,0.3169,-0.4836,-0.8826,-17.282,17.168,-17.847,fall
98141,0.2952,-0.4199,-0.8264,-16.916,12.229,-23.069,fall
98161,0.2896,-0.3887,-0.8425,-22.664,14.664,-25.031,fall
98181,0.3003,-0.4155,-0.8259,-25.397,20.779,-26.282,fall
98201,0.3467,-0.4268,-0.8296,-22.603,15.641,-27.962,fall
98221,0.3989,-0.4111,-0.8872,-18.794,10.931,-29.802,fall
98241,0.3489,-0.3896,-0.844,-24.031,12.664,-30.466,fall
98261,0.3665,-0.4705,-0.9509,-21.992,18.832,-28.435,fall
98281,0.3442,-0.4578,-0.8877,-25.198,17.351,-25.504,fall
98301,0.4019,-0.4546,-0.9463,-19.756,12.969,-26.084,fall
98321,0.3867,-0.4663,-0.9399,-21.29,17.954,-27.603,fall
98341,0.3418,-0.4456,-0.9617,-28.359,24.16,-26.504,fall
98361,0.4392,-0.408,-1.0352,-26.206,16.802,-21.687,fall
98381,0.478,-0.3726,-0.9448,-22.786,4.565,-19.489,fall
98401,0.4922,-0.3613,-0.9055,-20.763,6.786,-18.672,fall
98421,0.4043,-0.3643,-0.8032,-26.252,19.359,-19.137,fall
98441,0.4397,-0.366,-0.8289,-29.45,26.489,-18.031,fall
98462,0.4678,-0.3364,-0.8894,-28.557,20.786,-18.771,fall
98482,0.4304,-0.3433,-0.9243,-29.565,19.656,-19.084,fall
98502,0.3772,-0.3137,-0.8655,-34.168,21.733,-17.939,fall
98522,0.3884,-0.3035,-0.894,-30.267,26.733,-16.298,fall
98542,0.4561,-0.2952,-0.9524,-22.443,23.115,-14.115,fall
98562,0.4224,-0.2959,-0.9463,-23.321,21.504,-15.962,fall
98582,0.4021,-0.3252,-0.9402,-22.695,28.328,-18.153,fall
98602,0.4895,-0.3774,-0.9753,-19.71,27.725,-17.336,fall
98622,0.5166,-0.355,-0.9712,-24.176,21.71,-15.794,fall
98642,0.4822,-0.2712,-0.968,-25.87,18.763,-13.382,fall
98662,0.408,-0.2131,-0.8865,-30.046,21.351,-11.733,fall
98682,0.4639,-0.2202,-0.8967,-25.939,25.122,-8.481,fall
98702,0.4854,-0.2273,-0.8843,-26.328,28.122,-9.237,fall
98722,0.4866,-0.217,-0.8557,-25.977,31.405,-13.389,fall
98742,0.4819,-0.2236,-0.825,-27.29,36.557,-18.702,fall
98762,0.5178,-0.2356,-0.8511,-27.214,39.237,-21.947,fall
98782,0.5425,-0.25,-0.8518,-32.351,42.527,-25.092,fall
98802,0.5769,-0.24,-0.8867,-36.534,47.443,-25.481,fall
98822,0.5806,-0.1746,-0.853,-34.412,47.366,-21.832,fall
98842,0.6208,-0.1785,-0.8965,-33.504,46.275,-21.321,fall
98862,0.6565,-0.1807,-0.9214,-32.229,39.664,-22.061,fall
98882,0.6743,-0.1523,-0.9065,-32.916,34.916,-21.756,fall
98902,0.6433,-0.1047,-0.8855,-37.168,39.794,-23.779,fall
98922,0.6326,-0.0515,-0.8762,-38.336,39.962,-25.489,fall
98942,0.6335,-0.0393,-0.8848,-33.809,33.924,-27.611,fall
98962,0.6624,-0.0532,-0.8733,-27.649,30.954,-27.802,fall
98982,0.6951,-0.0574,-0.8191,-28.053,31.214,-28.42,fall
99002,0.6755,-0.0715,-0.7678,-29.115,34.489,-30.0,fall
99022,0.6975,-0.0813,-0.7905,-30.321,33.298,-31.42,fall
99042,0.7249,-0.0481,-0.7903,-33.458,26.679,-32.229,fall
99062,0.7278,-0.0352,-0.7903,-37.076,25.382,-34.924,fall
99082,0.7913,-0.0093,-0.905,-33.519,29.061,-34.557,fall
99102,0.7773,0.0388,-0.801,-30.168,29.679,-35.908,fall
99122,0.7954,0.0935,-0.7686,-25.939,26.229,-40.527,fall
99142,0.7554,0.1084,-0.7534,-21.351,25.855,-41.847,fall
99162,0.697,0.1013,-0.7661,-19.58,34.802,-40.198,fall
99182,0.696,0.1226,-0.7715,-24.275,42.099,-38.931,fall
99202,0.7283,0.167,-0.7568,-26.557,41.542,-40.038,fall
99222,0.7524,0.2083,-0.7292,-23.885,41.45,-41.786,fall
99242,0.7888,0.2598,-0.7534,-18.198,46.176,-44.878,fall
99262,0.8408,0.2993,-0.7922,-12.008,49.008,-50.397,fall
99282,0.8733,0.283,-0.7944,-5.977,52.038,-55.58,fall
99302,0.9011,0.2117,-0.7913,1.168,50.863,-57.458,fall
99322,0.9048,0.1499,-0.7708,4.977,47.809,-56.603,fall
99342,0.9023,0.1511,-0.748,5.969,43.427,-52.122,fall
99362,0.8999,0.1697,-0.6958,5.916,34.191,-48.695,fall
99382,0.8401,0.1899,-0.625,4.038,39.092,-46.16,fall
99402,0.8071,0.2368,-0.6885,0.466,48.534,-40.504,fall
99422,0.7947,0.3337,-0.6912,-2.145,58.191,-39.916,fall
99442,0.7749,0.3911,-0.7109,1.13,67.504,-43.328,fall
99462,0.8679,0.3916,-0.7617,4.13,63.679,-47.275,fall
99482,0.9292,0.3899,-0.6482,4.947,48.206,-49.58,fall
99502,0.8623,0.3328,-0.6106,-8.145,48.679,-45.916,fall
99522,0.7737,0.2849,-0.6411,-20.626,36.435,-41.374,fall
99542,0.8242,0.2668,-0.6006,-28.26,22.595,-36.489,fall
99562,0.8699,0.2422,-0.5239,-40.298,16.916,-27.389,fall
99582,0.9016,0.2202,-0.531,-54.603,15.832,-16.656,fall
99602,0.9053,0.2319,-0.5532,-63.298,10.924,-9.069,fall
99622,0.864,0.292,-0.5708,-61.824,6.931,-4.031,fall
99642,0.8108,0.3479,-0.5496,-52.122,10.954,1.641,fall
99662,0.7378,0.4021,-0.5144,-38.313,24.74,10.756,fall
99682,0.748,0.4573,-0.5278,-25.29,34.809,20.137,fall
99702,0.8079,0.4783,-0.5464,-12.74,31.168,23.649,fall
99722,0.813,0.4172,-0.4856,-1.397,29.275,20.427,fall
99742,0.8149,0.3643,-0.4397,3.076,31.244,18.069,fall
99762,0.8513,0.3799,-0.4551,-3.13,27.069,18.397,fall
99782,0.8877,0.3706,-0.3652,-9.015,14.695,16.71,fall
99802,0.8779,0.3533,-0.3213,-10.55,16.267,19.328,fall
99822,0.8752,0.4062,-0.3486,-13.87,18.275,25.412,fall
99842,0.8779,0.4656,-0.3931,-18.679,19.771,28.603,fall
99862,0.8757,0.5,-0.4033,-14.305,13.626,24.366,fall
99882,0.8337,0.4675,-0.3984,-4.779,16.824,19.328,fall
99902,0.7815,0.4614,-0.3936,6.137,25.687,18.023,fall
99922,0.7788,0.478,-0.4028,15.336,25.168,17.267,fall
99942,0.8074,0.46,-0.3699,23.015,19.435,13.214,fall
99962,0.7712,0.4119,-0.1973,22.733,12.695,6.519,fall
99982,0.729,0.3237,-0.2805,18.389,23.718,2.687,fall
100002,0.7649,0.3896,-0.3315,15.595,16.55,-1.931,fall
100022,0.8296,0.4265,-0.3665,16.031,2.595,-9.015,fall
100042,0.8386,0.3772,-0.3474,18.519,-4.672,-11.969,fall
100062,0.7751,0.3037,-0.2678,16.489,-1.176,-7.107,fall
100082,0.7971,0.3042,-0.304,7.496,5.817,-2.588,fall
100102,0.8608,0.3674,-0.3621,2.038,5.214,0.733,fall
100122,0.9326,0.4487,-0.3867,-1.779,-1.412,-0.534,fall
100142,0.9336,0.4277,-0.375,-5.382,-6.611,-4.107,fall
100162,0.8865,0.3572,-0.3481,-5.282,-9.015,-5.809,fall
100182,0.8293,0.3044,-0.3264,-3.183,-1.382,-5.534,fall
100202,0.8501,0.3132,-0.3335,-7.611,1.443,-4.435,fall
100222,0.8328,0.3416,-0.335,-13.756,1.718,-3.527,fall
100242,0.8418,0.3518,-0.3772,-18.107,1.55,-1.969,fall
100262,0.8582,0.3494,-0.3726,-19.389,-1.985,-3.656,fall
100282,0.834,0.3457,-0.356,-17.87,-2.969,-5.084,fall
100302,0.8145,0.3506,-0.3503,-17.55,-2.084,-6.947,fall
100322,0.7959,0.3738,-0.3608,-19.122,1.321,-8.519,fall
100342,0.8167,0.4006,-0.3816,-16.145,5.16,-9.55,fall
100362,0.8413,0.4041,-0.4075,-10.496,8.389,-8.939,fall
100382,0.8569,0.3853,-0.4226,-5.786,10.153,-6.084,fall
100402,0.8655,0.3677,-0.3904,-2.863,8.718,-2.679,fall
100422,0.8723,0.3594,-0.374,-2.489,7.687,0.168,fall
100442,0.8665,0.3621,-0.3748,-6.748,7.84,1.962,fall
100463,0.8516,0.3608,-0.4148,-13.786,8.641,3.336,fall
100483,0.8506,0.3569,-0.4502,-17.176,10.466,3.672,fall
100503,0.8672,0.3452,-0.4604,-19.305,11.275,3.511,fall
100523,0.8562,0.3328,-0.4573,-22.031,9.389,5.336,fall
100543,0.8279,0.3154,-0.407,-25.145,11.176,8.603,fall
100563,0.843,0.3313,-0.4214,-28.214,15.389,11.244,fall
100583,0.9561,0.4097,-0.4485,-29.145,7.725,8.313,fall
100603,1.0881,0.4949,-0.397,-28.42,-5.45,-1.542,fall
100623,1.0901,0.5308,-0.3904,-26.382,-12.427,-8.122,fall
100643,0.9702,0.5046,-0.3564,-24.275,-11.206,-7.26,fall
100663,0.8594,0.4363,-0.3682,-19.74,-6.336,-2.046,fall
100683,0.813,0.3962,-0.3848,-16.84,-7.473,2.458,fall
100703,0.801,0.3843,-0.3855,-21.0,-8.695,4.832,fall
100723,0.8079,0.376,-0.3542,-25.84,-5.931,7.153,fall
100743,0.8672,0.4148,-0.3018,-27.427,-3.16,7.053,fall
100763,0.8943,0.4231,-0.2634,-26.557,-1.527,5.374,fall
100783,0.9055,0.4016,-0.2454,-23.206,0.145,2.214,fall
100803,0.8945,0.3955,-0.1826,-21.275,0.214,-0.511,fall
100823,0.8889,0.4011,-0.1499,-23.519,-2.427,-4.015,fall
100843,0.895,0.4124,-0.1917,-23.771,-4.84,-6.595,fall
100863,0.8875,0.4314,-0.1855,-21.382,-5.031,-6.336,fall
100883,0.8894,0.446,-0.1973,-19.779,-2.053,-2.618,fall
100903,0.9006,0.4688,-0.2036,-16.718,3.038,2.328,fall
100923,0.9299,0.4431,-0.2173,-15.351,6.878,7.534,fall
100943,0.9294,0.4348,-0.2192,-13.176,8.305,11.695,fall
100963,0.9277,0.3926,-0.208,-10.305,10.351,12.863,fall
100983,0.9272,0.3699,-0.2068,-9.542,12.489,10.863,fall
101003,0.95,0.363,-0.2219,-10.351,11.687,8.359,fall
101023,0.9487,0.3601,-0.219,-10.336,9.885,5.885,fall
101043,0.9463,0.3594,-0.22,-10.656,8.496,3.786,fall
101063,0.947,0.3511,-0.2078,-12.496,7.771,1.847,fall
101083,0.9443,0.3455,-0.1914,-14.641,6.84,0.847,fall
101103,0.9595,0.3545,-0.2104,-15.412,4.84,-0.435,fall
101123,0.9568,0.3625,-0.2131,-13.298,2.511,-1.321,fall
101143,0.927,0.3835,-0.2146,-12.122,1.053,-1.221,fall
101163,0.9248,0.3972,-0.241,-9.924,-0.076,-0.435,fall
101183,0.9363,0.4075,-0.29,-7.664,-2.855,0.382,fall
101203,0.9219,0.3967,-0.2659,-1.954,-4.344,1.122,fall
101223,0.9094,0.3982,-0.2383,1.168,-2.267,1.939,fall
101243,0.9031,0.3711,-0.2422,0.153,0.992,3.679,fall
101263,0.908,0.3606,-0.209,-6.779,2.84,5.351,fall
101283,0.9277,0.3708,-0.2046,-13.794,2.366,4.71,fall
101303,0.9209,0.3896,-0.208,-16.115,0.061,2.046,fall
101323,0.9001,0.4028,-0.2168,-14.847,-0.504,0.939,fall
101343,0.9006,0.4197,-0.2322,-13.16,1.87,-0.916,fall
101363,0.9055,0.4333,-0.252,-10.863,3.847,-2.298,fall
101383,0.8838,0.436,-0.272,-10.221,3.374,-1.992,fall
101403,0.863,0.4382,-0.3035,-8.298,2.267,-1.26,fall
101423,0.855,0.4438,-0.2961,-7.115,-0.191,-0.893,fall
101443,0.8508,0.4358,-0.302,-6.298,-1.321,-0.763,fall
101463,0.864,0.4197,-0.2812,-4.595,-1.588,-0.962,fall
101483,0.884,0.4241,-0.2651,-4.061,2.168,-2.427,fall
101503,0.9006,0.4207,-0.2783,-2.458,5.198,-3.168,fall
101523,0.8899,0.4297,-0.2964,-0.985,7.344,-2.656,fall
101543,0.8875,0.4253,-0.313,0.748,8.374,-1.542,fall
101563,0.8774,0.4102,-0.3354,1.824,8.939,-1.237,fall
101583,0.8818,0.4014,-0.3425,2.55,7.962,-0.718,fall
101603,0.9014,0.3774,-0.3455,1.832,7.649,-0.595,fall
101623,0.9128,0.3774,-0.325,0.099,6.534,-1.412,fall
101643,0.8999,0.3889,-0.3196,-2.511,8.198,-1.931,fall
101663,0.9006,0.3992,-0.3132,-3.718,10.153,-2.069,fall
101683,0.8765,0.4182,-0.3049,-3.405,10.679,-2.832,fall
101703,0.8694,0.4302,-0.313,-3.252,11.084,-3.924,fall
101723,0.8643,0.4355,-0.3064,-3.931,11.878,-4.496,fall
101743,0.8496,0.4207,-0.2976,-4.885,12.748,-4.588,fall
101763,0.832,0.4324,-0.2781,-5.756,13.023,-3.504,fall
101783,0.8374,0.4399,-0.2866,-7.511,12.015,-3.901,fall
101803,0.8269,0.4417,-0.2668,-9.061,8.687,-2.588,fall
101823,0.8074,0.4512,-0.249,-11.939,5.992,-1.298,fall
101843,0.7952,0.4624,-0.238,-14.115,3.733,0.137,fall
101863,0.7881,0.4983,-0.2476,-11.282,2.992,-0.756,fall
101883,0.7405,0.5427,-0.1914,-8.58,2.427,-3.916,fall
101903,0.6934,0.55,-0.1826,-6.0,3.489,-5.183,fall
101923,0.6455,0.5835,-0.1274,-2.847,7.473,-11.191,fall
101943,0.5576,0.6133,-0.0579,2.313,9.489,-15.214,fall
101963,0.4802,0.5938,-0.0854,10.985,14.183,-16.389,fall
101983,0.4653,0.4761,-0.2021,26.786,28.931,-22.206,fall
102003,0.4717,0.269,-0.1099,39.115,27.786,-29.252,fall
102023,0.4011,0.0925,-0.1121,43.908,41.687,-27.977,fall
102043,0.4482,-0.0115,-0.2922,54.046,50.565,-15.305,fall
102063,0.5574,-0.0098,-0.2385,62.71,26.87,2.641,fall
102083,0.646,-0.0952,-0.2441,60.267,21.198,13.687,fall
102103,0.8254,-0.1016,-0.4058,59.389,1.229,32.58,fall
102123,0.8176,-0.1265,-0.3564,48.107,3.45,39.237,fall
102143,0.6729,-0.1838,-0.4839,26.313,8.206,37.176,fall
102163,0.6414,-0.0684,-0.5076,24.679,1.313,42.565,fall
102183,0.6482,0.0972,-0.3235,38.382,7.191,43.313,fall
102203,0.7939,0.2668,-0.6113,62.198,-6.351,35.061,fall
102223,0.7961,0.4678,-0.3821,81.687,14.0,26.321,fall
102243,1.0444,0.478,-0.5532,72.748,36.084,12.977,fall
102263,1.1731,0.0161,-0.5559,45.603,22.908,17.023,fall
102283,1.2122,0.2153,-0.4844,23.366,12.305,25.168,fall
102303,1.4309,0.4919,-0.3342,14.359,4.878,24.908,fall
102323,1.4473,0.5259,-0.188,-8.122,-10.443,9.992,fall
102343,1.4465,0.5188,-0.0813,-9.588,-9.084,-12.473,fall
102363,1.2693,0.6108,-0.0173,-9.519,-1.435,-14.626,fall
102383,1.2004,0.6597,-0.0325,-2.763,23.382,-10.282,fall
102403,1.2888,0.7776,-0.1985,15.252,30.786,-11.588,fall
102423,1.1406,0.7576,-0.1213,45.336,36.267,-29.664,fall
102443,1.2148,1.7988,-0.6257,96.718,27.634,-33.794,fall
102464,1.9999,1.2385,1.8435,86.176,-63.153,-162.603,fall
102484,1.3413,0.2166,-1.1851,92.763,47.053,-125.534,fall
102504,1.072,0.0527,-0.3911,98.901,40.076,-16.733,fall
102524,1.0432,0.2307,-0.4531,62.885,4.0,18.466,fall
102544,0.7219,0.1975,-0.3066,34.832,12.672,4.84,fall
102564,0.8638,0.3042,-0.3721,7.328,51.885,-37.031,fall
102584,1.2373,0.304,-0.4712,7.802,44.023,-79.687,fall
102604,1.0427,0.4946,-0.145,27.122,25.626,-85.115,fall
102624,0.9319,0.6006,-0.239,37.672,39.183,-65.74,fall
102644,0.8108,0.6055,-0.3582,60.0,40.855,-35.863,fall
102664,0.7769,0.5312,-0.3206,89.435,50.656,-20.435,fall
102684,0.6006,0.5291,-0.1047,99.748,72.672,-21.664,fall
102704,0.7793,0.5217,-0.1831,114.504,89.656,-23.519,fall
102724,0.8616,0.6179,-0.1367,135.053,89.389,-20.573,fall
102744,0.8003,0.6062,-0.0706,147.748,88.977,-20.328,fall
102764,0.8542,0.5728,-0.0339,153.679,91.099,-27.771,fall
102784,0.8735,0.5781,-0.0637,158.481,72.351,-38.748,fall
102804,0.8274,0.563,-0.0833,160.061,57.015,-49.374,fall
102824,0.8093,0.459,-0.0671,153.595,48.42,-56.893,fall
102844,0.8792,0.4255,-0.1077,143.863,46.534,-66.924,fall
102864,0.9419,0.4363,-0.1018,136.954,37.328,-76.962,fall
102884,0.7661,0.5005,-0.0664,126.962,31.107,-73.031,fall
102904,0.9229,0.6558,-0.5764,121.366,52.389,-43.382,fall
102924,0.7207,-0.0085,-0.2083,45.466,8.496,-28.427,fall
102944,0.7266,0.1958,-0.4434,-3.611,-8.855,-23.107,fall
102964,0.8486,0.3899,-0.4785,-29.115,9.771,-17.45,fall
102984,0.9666,0.5422,-0.4961,-42.069,13.924,-20.435,fall
103004,0.8835,0.572,-0.6541,-44.16,22.084,-19.053,fall
103024,0.7927,0.6382,-0.5493,-41.328,26.328,-14.908,fall
103044,0.7161,0.592,-0.4338,-39.191,32.473,-11.145,fall
103064,0.6958,0.542,-0.3438,-39.29,36.84,-10.45,fall
103084,0.6411,0.5823,-0.3916,-41.344,40.947,-9.229,fall
103104,0.6765,0.6196,-0.4153,-34.061,26.733,-8.519,fall
103124,0.6685,0.6018,-0.3528,-24.061,12.511,-12.985,fall
103144,0.72,0.5562,-0.3652,-23.26,-0.328,-14.16,fall
103164,0.864,0.5833,-0.3464,-36.031,-14.847,-16.321,fall
103184,0.8367,0.614,-0.3059,-47.771,-12.893,-16.786,fall
103204,0.8855,0.6082,-0.2725,-57.962,-13.679,-11.832,fall
103224,0.886,0.5964,-0.2468,-65.977,-18.221,-5.511,fall
103244,0.8428,0.615,-0.2556,-69.817,-21.443,0.008,fall
103264,0.7874,0.6731,-0.2021,-65.855,-20.458,1.305,fall
103284,0.7656,0.7261,-0.1125,-57.298,-18.16,-3.229,fall
103304,0.7419,0.7451,-0.0996,-43.748,-7.542,-9.328,fall
103324,0.6772,0.7476,-0.072,-24.786,8.191,-12.359,fall
103344,0.6904,0.7424,-0.1042,-5.42,18.687,-10.13,fall
103364,0.7112,0.7195,-0.1218,12.023,23.313,-11.321,fall
103384,0.7319,0.7012,-0.1316,19.954,22.412,-11.321,fall
103404,0.7473,0.647,-0.1018,21.206,21.076,-9.397,fall
103424,0.8013,0.6006,-0.1052,15.573,13.122,-6.427,fall
103444,0.8152,0.6221,-0.1294,7.084,6.748,-5.053,fall
103464,0.7952,0.6353,-0.1172,1.733,5.962,-2.947,fall
103484,0.803,0.6289,-0.1577,-2.107,7.824,-0.206,fall
103504,0.8235,0.6431,-0.155,-4.603,3.099,0.557,fall
103524,0.7585,0.6436,-0.1125,-6.099,3.145,-0.985,fall
103544,0.7393,0.637,-0.1372,-5.672,4.366,-0.321,fall
103564,0.7659,0.6604,-0.1733,-3.344,2.931,-0.313,fall
103584,0.7876,0.6531,-0.1555,1.115,-0.267,-2.931,fall
103604,0.7734,0.6448,-0.1616,3.473,0.626,-3.771,fall
103624,0.7744,0.6479,-0.1672,4.718,-0.16,-2.16,fall
103644,0.7944,0.6401,-0.157,6.069,0.366,-1.176,fall
103664,0.814,0.6172,-0.1729,6.679,0.962,-0.122,fall
103684,0.8013,0.595,-0.196,7.076,1.71,1.626,fall
103704,0.7842,0.6133,-0.1599,4.916,1.412,2.641,fall
103724,0.7922,0.6384,-0.1675,3.397,1.595,3.038,fall
103744,0.7996,0.6375,-0.1692,3.015,-0.504,2.115,fall
103764,0.7871,0.6196,-0.1755,2.664,-3.26,2.008,fall
103784,0.7769,0.6096,-0.1809,2.053,-3.939,2.336,fall
103804,0.7749,0.6343,-0.1697,1.313,-4.924,3.145,fall
103824,0.7793,0.6431,-0.1606,2.458,-3.405,3.817,fall
103844,0.7822,0.6367,-0.1675,5.511,-1.595,3.832,fall
103864,0.7903,0.6196,-0.1733,10.313,-2.206,3.344,fall
103884,0.7869,0.6091,-0.1809,13.206,-2.656,2.466,fall
103904,0.792,0.6099,-0.1985,13.038,-2.924,1.511,fall
103924,0.7942,0.6042,-0.1917,7.481,-3.947,1.42,fall
103944,0.7915,0.5986,-0.2024,0.748,-3.557,1.115,fall
103964,0.7864,0.6089,-0.2034,-6.916,-5.061,0.779,fall
103984,0.7878,0.634,-0.1982,-8.565,-5.458,-0.015,fall
104004,0.7793,0.6375,-0.1924,-6.076,-4.977,-0.107,fall
104024,0.7737,0.6406,-0.217,-2.359,-3.687,0.435,fall
104044,0.7681,0.6335,-0.2065,0.0,-1.992,1.321,fall
104064,0.77,0.6345,-0.2148,0.328,0.038,1.344,fall
104084,0.7776,0.6318,-0.2244,1.779,1.359,0.55,fall
104104,0.7864,0.6333,-0.2319,4.466,2.191,-0.008,fall
104124,0.7878,0.6362,-0.23,6.748,3.351,-0.183,fall
104144,0.7888,0.6179,-0.2341,6.962,4.573,-0.389,fall
104164,0.7864,0.6179,-0.2393,5.061,5.74,0.672,fall
104184,0.7932,0.6233,-0.2458,5.405,2.679,0.626,fall
104204,0.7903,0.6155,-0.2385,5.878,2.519,0.16,fall
104224,0.7812,0.6145,-0.24,3.725,1.74,0.824,fall
104244,0.7732,0.6365,-0.2532,-1.366,0.794,1.84,fall
104264,0.7656,0.6353,-0.2522,-6.229,-1.962,2.947,fall
104284,0.7646,0.6436,-0.2148,-8.244,-3.092,2.985,fall
104304,0.7659,0.6331,-0.1948,-4.992,-3.519,2.992,fall
104324,0.7524,0.6467,-0.1982,0.183,-1.534,3.702,fall
104344,0.7466,0.6614,-0.1804,5.687,0.756,4.427,fall
104364,0.741,0.6816,-0.1941,11.282,3.924,4.107,fall
104384,0.7505,0.676,-0.2017,16.649,5.931,3.076,fall
104404,0.7676,0.644,-0.186,20.863,7.244,1.481,fall
104424,0.7822,0.6211,-0.1807,20.718,7.679,-0.313,fall
104444,0.7957,0.6062,-0.2019,17.298,5.244,-0.687,fall
104465,0.7998,0.6099,-0.2051,13.527,1.695,-1.382,fall
104485,0.7952,0.6492,-0.2209,10.191,-1.053,-1.13,fall
104505,0.7793,0.6667,-0.2207,8.885,-3.061,0.542,fall
104525,0.7568,0.6541,-0.2126,11.397,-2.641,2.939,fall
104545,0.7383,0.6692,-0.2153,15.191,-2.16,5.267,fall
104565,0.7407,0.7075,-0.2283,19.947,-0.366,6.542,fall
104585,0.7268,0.7056,-0.2405,23.725,2.427,8.351,fall
104605,0.7253,0.667,-0.199,28.489,3.473,9.244,fall
104625,0.7278,0.6357,-0.2285,30.527,5.26,7.855,fall
104645,0.7314,0.6311,-0.2559,30.779,4.626,3.42,fall
104665,0.7341,0.6106,-0.2734,30.58,0.611,-1.321,fall
104685,0.7278,0.5981,-0.2708,29.13,-4.969,-4.832,fall
104705,0.7214,0.6199,-0.2927,25.435,-8.038,-6.634,fall
104725,0.7458,0.6255,-0.3435,21.053,-10.664,-7.481,fall
104745,0.7476,0.606,-0.3638,20.947,-11.603,-4.634,fall
104765,0.761,0.575,-0.3638,22.611,-12.58,1.763,fall
104785,0.7273,0.5889,-0.3796,21.595,-9.214,6.435,fall
104805,0.7014,0.6089,-0.428,20.962,-4.374,7.901,fall
104825,0.7175,0.572,-0.4771,24.176,-4.55,8.16,fall
104845,0.728,0.5415,-0.457,30.527,-3.817,5.878,fall
104865,0.73,0.52,-0.48,37.542,2.313,8.901,fall
104885,0.7659,0.5435,-0.5488,45.168,4.298,11.87,fall
104905,0.8022,0.5149,-0.5588,53.832,1.55,12.779,fall
104925,0.7954,0.4917,-0.4124,56.328,5.931,13.725,fall
104945,0.8162,0.3696,-0.4612,44.947,19.847,22.702,fall
104965,0.9326,0.293,-0.4185,42.763,32.527,29.321,fall
104985,0.938,0.2793,-0.405,25.282,37.901,40.221,fall
105005,0.8359,0.2637,-0.3,11.176,42.992,46.939,fall
105025,0.8186,0.3171,-0.2891,-4.557,38.84,49.061,fall
105045,0.8643,0.3901,-0.3091,-17.603,31.168,41.565,fall
105065,0.9263,0.4553,-0.2534,-26.58,14.321,32.992,fall
105085,0.9343,0.5115,-0.2463,-37.786,-0.611,28.397,fall
105105,0.8726,0.4961,-0.3337,-50.733,-11.832,29.458,fall
105125,0.814,0.4866,-0.3198,-56.443,-17.107,33.779,fall
105145,0.7739,0.4775,-0.3489,-58.137,-15.13,38.076,fall
105165,0.7861,0.4871,-0.3467,-50.748,-7.603,43.588,fall
105185,0.7935,0.4487,-0.3174,-41.237,2.87,50.695,fall
105205,0.8574,0.4072,-0.334,-34.908,7.076,58.328,fall
105225,0.9062,0.3396,-0.2866,-35.29,5.878,61.542,fall
105245,0.8928,0.2805,-0.2021,-42.802,0.069,61.198,fall
105265,0.8689,0.2739,-0.1941,-53.679,-6.122,58.534,fall
105285,0.8835,0.3291,-0.1653,-60.588,-14.939,52.443,fall
105305,0.9109,0.3354,-0.188,-63.817,-24.061,43.321,fall
105325,0.9858,0.3633,-0.1963,-61.26,-36.0,36.405,fall
105345,0.9612,0.3691,-0.1267,-55.817,-36.298,32.718,fall
105365,0.8823,0.3162,-0.073,-55.458,-20.542,35.618,fall
105385,0.9304,0.2358,-0.2314,-55.626,-13.092,44.092,fall
105405,0.9565,0.2485,-0.21,-55.824,-15.756,49.405,fall
105425,0.9243,0.2686,-0.2358,-59.382,-15.824,54.176,fall
105445,0.9729,0.2834,-0.2844,-63.046,-14.725,53.046,fall
105465,0.9771,0.311,-0.2891,-61.168,-12.992,46.71,fall
105485,1.0337,0.3716,-0.428,-50.847,-7.901,39.275,fall
105505,1.1438,0.4956,-0.4897,-37.489,-13.023,29.84,fall
105525,1.1335,0.4658,-0.4214,-12.626,-10.359,23.519,fall
105545,1.093,0.29,-0.4934,9.878,-3.779,31.74,fall
105565,1.1033,0.2371,-0.4468,24.695,8.031,40.221,fall
105585,1.1167,0.2205,-0.3706,11.45,14.145,41.382,fall
105605,1.0901,0.3206,-0.3811,-4.55,17.626,39.023,fall
105625,1.0869,0.3936,-0.4753,20.244,6.031,28.237,fall
105645,1.2292,0.3696,-0.499,43.74,-8.137,8.198,fall
105665,1.6548,0.1567,-0.5581,69.366,-6.046,-9.733,fall
105685,1.916,0.0542,-0.6008,80.718,-23.916,-10.145,fall
105705,1.738,0.0808,-0.5774,54.42,-54.389,18.733,fall
105725,1.3477,0.0867,-0.4871,16.893,-63.13,28.069,fall
105745,1.1045,0.0815,-0.4355,-15.557,-50.0,14.496,fall
105765,0.957,0.1104,-0.3953,-31.26,-30.198,-12.443,fall
105785,0.8555,0.2354,-0.5068,-16.191,-19.649,-35.168,fall
105805,0.7959,0.3472,-0.4883,1.252,-21.931,-46.58,fall
105825,0.7356,0.2827,-0.4038,13.023,-6.305,-48.771,fall
105845,0.7849,0.1614,-0.4104,23.244,13.099,-41.389,fall
105865,0.8699,0.0938,-0.3555,30.237,15.374,-31.427,fall
105885,0.8521,0.0146,-0.2744,31.695,21.359,-27.878,fall
105905,0.8196,-0.0273,-0.3406,27.527,31.832,-28.397,fall
105925,0.7905,-0.0034,-0.4121,22.359,24.389,-28.351,fall
105945,0.7288,0.061,-0.386,14.053,19.939,-33.718,fall
105965,0.7356,0.1086,-0.3655,8.176,25.321,-40.351,fall
105985,0.8032,0.0854,-0.4192,4.282,36.832,-44.023,fall
106005,0.8875,0.0696,-0.4463,2.305,41.939,-41.733,fall
106025,0.9348,0.125,-0.4497,5.221,25.855,-33.817,fall
106045,0.949,0.146,-0.448,10.298,10.008,-26.099,fall
106065,0.8774,0.1519,-0.4397,16.214,5.244,-22.893,fall
106085,0.7935,0.1572,-0.4292,16.565,6.229,-20.802,fall
106105,0.7612,0.1721,-0.4646,8.74,13.229,-16.863,fall
106125,0.8403,0.2375,-0.5073,6.42,13.832,-10.29,fall
106145,0.9023,0.3052,-0.4978,10.313,11.863,-10.321,fall
106165,0.9512,0.314,-0.5107,16.443,15.588,-16.267,fall
106185,0.9763,0.303,-0.4702,15.153,16.817,-18.847,fall
106205,0.9988,0.2778,-0.4751,11.26,11.145,-18.374,fall
106225,0.9751,0.2786,-0.3984,9.58,14.878,-19.969,fall
106245,1.0039,0.2473,-0.4783,3.221,11.458,-18.809,fall
106265,0.9888,0.2751,-0.3779,-0.916,13.237,-17.534,fall
106285,0.9868,0.304,-0.4197,-12.183,4.466,-16.298,fall
106305,1.02,0.3359,-0.4375,-15.756,6.092,-18.832,fall
106325,1.0312,0.3901,-0.3967,-12.718,2.855,-19.275,fall
106345,1.0444,0.4187,-0.4185,-5.282,2.924,-18.496,fall
106365,1.0361,0.4558,-0.355,-3.885,1.473,-16.924,fall
106385,1.0015,0.4377,-0.3379,-7.695,3.611,-15.901,fall
106405,0.9912,0.4487,-0.3704,-6.863,6.84,-17.183,fall
106425,0.9734,0.459,-0.3865,-0.099,8.328,-23.328,fall
106445,0.9651,0.4846,-0.3965,8.84,15.336,-30.397,fall
106466,0.9771,0.5195,-0.3621,16.824,18.496,-36.725,fall
106486,0.9612,0.5476,-0.2942,19.443,22.374,-41.443,fall
106506,0.8787,0.5898,-0.1909,5.359,22.557,-44.931,fall
106526,0.8086,0.489,-0.1426,0.649,13.145,-48.13,fall
106546,0.6868,0.4524,-0.1973,1.038,26.885,-50.221,fall
106566,0.6348,0.3599,-0.3213,11.725,33.0,-50.008,fall
106586,0.6167,0.3289,-0.3479,30.221,30.145,-34.198,fall
106606,0.5686,0.281,-0.4097,44.939,20.733,-23.374,fall
106626,0.5623,0.1982,-0.4556,52.267,13.031,-12.603,fall
106646,0.6016,0.125,-0.4348,54.947,8.672,-6.031,fall
106666,0.6272,0.1514,-0.4358,47.954,10.908,-2.473,fall
106686,0.6909,0.2219,-0.4385,36.336,12.809,-3.015,fall
106706,0.6719,0.2185,-0.3638,20.458,8.527,-3.679,fall
106726,0.6165,0.2,-0.396,14.802,13.939,1.962,fall
106746,0.6221,0.2795,-0.4587,4.229,14.015,5.824,fall
106766,0.6899,0.4395,-0.4321,-9.42,13.901,9.313,fall
106786,0.7786,0.5161,-0.1912,-25.802,0.405,3.13,fall
106806,0.8494,0.5991,-0.0012,-25.092,-11.611,-10.298,fall
106826,0.7952,0.6577,-0.2524,-31.908,12.885,-17.336,fall
106846,0.8777,0.6091,-0.6257,-21.908,10.603,-15.672,fall
106866,0.9226,0.7095,-0.0786,25.603,7.916,-8.931,fall
106886,0.9202,0.5254,-0.1729,35.634,41.282,-3.29,fall
106906,0.8796,0.3706,-0.3108,37.947,37.71,6.0,fall
106926,0.8625,0.2446,-0.2371,41.229,26.924,14.802,fall
106946,0.9426,0.2522,-0.2563,30.687,14.221,19.618,fall
106966,0.9453,0.304,-0.176,15.603,9.557,21.298,fall
106986,0.9507,0.3164,-0.1436,7.908,12.802,17.802,fall
107006,0.9824,0.2981,-0.1599,7.588,21.16,12.916,fall
107026,0.9858,0.3408,-0.2104,6.947,25.863,9.931,fall
107046,0.9536,0.3823,-0.2656,7.931,22.481,8.87,fall
107066,0.9363,0.3848,-0.2546,8.763,19.885,5.351,fall
107086,0.9236,0.4009,-0.2527,12.305,16.756,1.405,fall
107106,0.8755,0.4231,-0.2827,18.962,16.824,-1.504,fall
107126,0.8511,0.4351,-0.2649,26.595,24.557,-3.389,fall
107146,0.8728,0.4214,-0.2383,33.115,27.947,-3.916,fall
107166,0.908,0.385,-0.2612,35.069,27.962,-4.802,fall
107186,0.9111,0.3457,-0.2844,30.427,22.282,-6.176,fall
107206,0.9133,0.3098,-0.3054,23.305,13.107,-8.282,fall
107226,0.9045,0.3032,-0.3123,16.542,6.939,-10.885,fall
107246,0.897,0.3005,-0.2539,8.115,0.344,-10.809,fall
107266,0.9341,0.3589,-0.2805,0.061,-7.382,-10.847,fall
107286,0.9807,0.4138,-0.2427,-2.359,-11.145,-14.16,fall
107306,0.9258,0.4199,-0.2388,-4.015,-10.863,-13.321,fall
107326,0.8745,0.4053,-0.2163,-6.435,-6.008,-6.702,fall
107346,0.8845,0.4202,-0.2454,-9.985,-0.534,1.015,fall
107366,0.8787,0.4751,-0.2461,-11.092,0.733,5.221,fall
107386,0.8569,0.4863,-0.2576,-7.244,5.992,8.634,fall
107406,0.8645,0.4241,-0.2383,-2.382,13.29,9.137,fall
107426,0.9075,0.387,-0.2581,0.504,15.626,6.702,fall
107446,0.9331,0.3721,-0.2708,1.55,10.198,4.435,fall
107466,0.916,0.3635,-0.2991,-0.779,0.336,3.695,fall
107486,0.9031,0.3647,-0.3291,-3.275,-8.015,3.221,fall
107506,0.9104,0.3745,-0.3518,-7.695,-14.16,4.649,fall
107526,0.9114,0.3923,-0.3596,-11.55,-16.489,5.786,fall
107546,0.8887,0.4055,-0.3345,-13.687,-14.786,9.061,fall
107566,0.8794,0.4207,-0.3367,-15.626,-9.832,11.168,fall
107586,0.8977,0.4104,-0.3354,-14.336,-9.046,10.847,fall
107606,0.8923,0.4109,-0.3345,-13.489,-8.87,10.122,fall
107626,0.8677,0.3979,-0.3718,-18.412,-4.389,9.031,fall
107646,0.8889,0.3914,-0.3286,-20.046,-7.817,9.771,fall
107666,0.8892,0.3977,-0.3218,-19.405,-13.542,9.443,fall
107686,0.8733,0.4065,-0.3098,-23.672,-6.641,6.573,fall
107706,0.8794,0.3657,-0.2534,-24.298,-7.046,4.969,fall
107726,0.9243,0.3643,-0.2671,-23.198,-8.092,2.382,fall
107746,0.9153,0.3853,-0.2561,-26.992,-12.168,-1.779,fall
107766,0.8801,0.3892,-0.3225,-37.626,-11.71,-1.282,fall
107786,0.9116,0.3491,-0.2705,-38.42,-8.916,1.733,fall
107806,0.9473,0.387,-0.2671,-34.473,-11.137,4.595,fall
107826,0.9255,0.4072,-0.2629,-28.603,-7.794,8.069,fall
107846,0.9133,0.4019,-0.2913,-25.84,-0.374,12.504,fall
107866,0.916,0.3677,-0.2979,-23.16,1.763,14.939,fall
107886,0.925,0.3481,-0.3057,-22.069,-0.214,14.969,fall
107906,0.9404,0.3267,-0.3062,-24.473,-4.168,14.046,fall
107926,0.9519,0.3157,-0.2964,-26.099,-7.015,15.023,fall
107946,0.957,0.3257,-0.2827,-28.023,-8.0,14.176,fall
107966,0.958,0.3232,-0.2744,-30.183,-9.412,12.664,fall
107986,0.9543,0.3442,-0.283,-30.344,-12.679,10.756,fall
108006,0.9338,0.3652,-0.261,-30.122,-14.626,8.26,fall
108026,0.9309,0.4001,-0.271,-29.977,-14.168,5.489,fall
108046,0.9175,0.3972,-0.2312,-26.618,-15.58,3.748,fall
108066,0.8867,0.4331,-0.2427,-25.328,-14.084,2.832,fall
108086,0.8552,0.45,-0.2466,-26.756,-10.969,4.405,fall
108106,0.8762,0.4463,-0.2952,-26.878,-9.344,7.061,fall
108126,0.884,0.4443,-0.2915,-25.153,-10.427,8.542,fall
108146,0.8826,0.4509,-0.2881,-20.702,-8.992,7.939,fall
108166,0.8857,0.4395,-0.3101,-15.351,-5.359,5.29,fall
108186,0.8848,0.4287,-0.3159,-12.87,-4.282,3.832,fall
108206,0.884,0.4233,-0.3242,-12.275,-3.328,4.29,fall
108226,0.895,0.4248,-0.3555,-10.702,-2.336,4.939,fall
108246,0.8748,0.4229,-0.3594,-9.183,-2.595,6.122,fall
108266,0.8621,0.4231,-0.345,-8.015,-4.252,6.153,fall
108286,0.8655,0.4207,-0.323,-7.42,-5.092,4.595,fall
108306,0.884,0.4277,-0.3135,-5.962,-5.008,3.74,fall
108326,0.8938,0.4341,-0.3115,-3.832,-1.977,4.214,fall
108346,0.896,0.4387,-0.3308,-2.023,1.595,5.473,fall
108366,0.8728,0.4312,-0.3379,-0.244,3.977,6.992,fall
108386,0.8821,0.4041,-0.3313,2.023,4.756,7.817,fall
108406,0.8809,0.3901,-0.3337,1.351,3.962,7.527,fall
108426,0.8889,0.3843,-0.3218,0.137,2.779,7.076,fall
108446,0.897,0.3918,-0.3203,-0.969,0.847,6.458,fall
108467,0.906,0.396,-0.3337,-0.099,1.061,5.229,fall
108487,0.9001,0.4106,-0.3137,1.275,1.87,4.931,fall
108507,0.8884,0.418,-0.3257,1.855,1.321,5.382,fall
108527,0.8816,0.4221,-0.3232,3.641,1.863,5.733,fall
108547,0.887,0.4204,-0.3281,5.435,3.435,5.725,fall
108567,0.8901,0.4111,-0.3066,7.084,3.344,5.878,fall
108587,0.887,0.407,-0.3203,8.26,3.573,6.405,fall
108607,0.8872,0.3965,-0.3125,8.374,4.076,6.962,fall
108627,0.9065,0.385,-0.3125,10.168,4.008,6.855,fall
108647,0.9021,0.3853,-0.3362,10.687,4.137,7.29,fall
108667,0.9023,0.3738,-0.3066,10.893,4.435,7.496,fall
108687,0.9119,0.373,-0.3193,11.053,3.58,7.634,fall
108707,0.9041,0.3699,-0.3159,10.107,1.733,8.611,fall
108727,0.9077,0.3591,-0.3262,9.649,0.771,9.748,fall
108747,0.9136,0.3599,-0.323,8.58,-0.481,10.901,fall
108767,0.9136,0.3596,-0.3228,7.641,-1.519,11.504,fall
108787,0.907,0.3606,-0.3354,7.008,-4.008,12.504,fall
108807,0.8765,0.3743,-0.3406,3.733,-7.153,14.076,fall
108827,0.8882,0.3818,-0.3374,-0.626,-5.351,14.122,fall
108847,0.9094,0.3809,-0.3455,0.718,-7.527,13.427,fall
108867,0.8716,0.4299,-0.3635,2.832,-7.229,12.168,fall
108887,0.8713,0.4585,-0.366,5.328,-4.626,10.183,fall
108907,0.8506,0.4392,-0.3286,6.061,-2.611,7.855,fall
108927,0.8696,0.3909,-0.3464,8.771,-0.916,6.038,fall
108947,0.8938,0.3545,-0.3708,14.053,1.313,6.145,fall
108967,0.8892,0.3569,-0.3774,16.718,0.252,7.58,fall
108987,0.8745,0.3667,-0.3699,15.313,-0.321,11.855,fall
109007,0.8542,0.292,-0.3657,16.916,-1.855,19.107,fall
109027,0.8816,0.3103,-0.3579,17.947,0.748,23.107,fall
109047,0.8792,0.324,-0.3674,16.756,0.664,24.74,fall
109067,0.8757,0.3267,-0.3533,15.053,0.924,26.832,fall
109087,0.8445,0.323,-0.3652,9.84,2.557,29.168,fall
109107,0.8518,0.3281,-0.3816,10.656,2.435,32.137,fall
109127,0.8831,0.3347,-0.3235,11.763,-1.374,35.908,fall
109147,0.873,0.3491,-0.3167,10.885,-5.298,37.298,fall
109167,0.8521,0.3433,-0.3186,11.802,-7.985,35.924,fall
109187,0.8486,0.3728,-0.3186,14.885,-10.191,33.145,fall
109207,0.8677,0.4248,-0.2788,20.832,-11.855,31.435,fall
109227,0.8276,0.4473,-0.2458,27.55,-11.206,31.824,fall
109247,0.7346,0.3801,-0.2302,32.901,-0.435,34.809,fall
109267,0.6401,0.2444,-0.188,42.153,9.443,43.023,fall
109287,0.5808,0.1138,-0.1682,49.664,32.702,55.908,fall
109307,0.7812,0.1233,-0.2566,44.122,30.489,62.679,fall
109327,0.7634,0.1184,-0.2598,38.649,13.198,71.863,fall
109347,0.5925,0.208,-0.2563,33.031,7.046,81.328,fall
109367,0.4788,0.1333,-0.3364,39.863,8.939,87.573,fall
109387,0.542,0.04,-0.458,49.626,6.382,92.214,fall
109407,0.5786,-0.0349,-0.2803,54.344,5.656,98.481,fall
109427,0.5837,-0.0156,-0.1162,33.679,31.595,99.061,fall
109447,0.6067,-0.0562,-0.1873,10.061,36.145,110.198,fall
109467,0.6516,-0.1733,-0.4124,3.824,28.053,122.878,fall
109487,0.645,-0.2969,-0.5,8.893,19.55,130.84,fall
109507,0.6992,-0.4329,-0.5212,16.244,12.069,141.939,fall
109527,0.8174,-0.6287,-0.447,38.107,3.527,170.008,fall
109547,1.1238,-0.9473,-0.3103,29.466,-15.015,184.168,fall
109567,1.4316,-1.135,-0.3047,26.466,-50.069,210.221,fall
109587,1.7786,-0.9363,-0.0293,-9.656,-5.641,178.252,fall
109607,1.7463,-1.261,-0.5652,-67.237,-84.13,162.534,fall
109627,1.4343,-1.4189,-0.3044,-63.84,-56.221,176.71,fall
109647,1.1367,-1.2542,-0.5647,-41.977,-66.45,210.695,fall
109667,0.8167,-1.0918,-0.3289,-27.221,-73.771,229.191,fall
109687,0.8223,-1.041,-0.7295,-15.008,-55.038,228.244,fall
109707,0.7581,-0.8701,-0.4446,-18.214,-78.435,241.916,fall
109727,0.803,-0.8618,-0.5867,-15.847,-83.26,242.595,fall
109747,1.041,-0.833,-0.6753,9.115,-127.931,242.595,fall
109767,0.8574,-0.7312,-0.6704,40.878,-157.817,236.733,fall
109787,0.614,-0.625,-0.6904,68.71,-178.832,224.137,fall
109807,0.1045,-0.6228,-0.5259,100.771,-155.702,201.885,fall
109827,-0.2363,-0.7803,-0.2727,111.099,-119.603,176.74,fall
109847,-0.5562,-1.446,-0.3345,70.412,-69.427,127.42,fall
109867,-0.8325,-1.3953,-0.4094,-7.771,10.565,88.962,fall
109887,-0.605,-1.1345,-0.4517,-63.244,-11.656,9.992,fall
109907,-0.6697,-0.4431,-0.4409,-1.053,-78.038,-61.069,fall
109927,-0.7617,-0.3467,-0.0254,-15.046,-79.847,-90.855,fall
109947,-0.4104,-0.3618,0.0715,-45.802,-49.969,-45.198,fall
109967,-0.4858,-0.0669,-0.0398,-38.901,-28.443,4.947,fall
109987,-0.4094,-0.3296,-0.2268,-11.641,-26.221,33.626,fall
110007,-0.6328,-0.5725,-0.177,5.565,7.45,61.672,fall
110027,-0.5386,-0.8191,-0.4011,26.244,20.198,67.519,fall
110047,-0.6838,-1.0723,-0.4331,45.344,-4.359,32.221,fall
110067,-0.6643,-1.2456,-0.4133,37.779,-17.458,-37.855,fall
110087,-0.6143,-1.1958,-0.342,-0.527,-22.336,-51.901,fall
110107,-0.4849,-1.0574,-0.2827,-32.183,23.336,-54.786,fall
110127,-0.2,-0.8669,-0.3245,-38.252,45.748,-45.099,fall
110147,0.0913,-0.6282,-0.4258,-14.321,29.603,-29.206,fall
110167,0.0591,-0.6499,-0.408,-5.023,28.412,-19.931,fall
110187,-0.0383,-0.8103,-0.4475,-5.702,43.382,-20.115,fall
110207,0.0425,-0.9939,-0.5562,-16.015,43.466,-25.305,fall
110227,0.031,-1.0315,-0.4827,-15.962,28.901,-36.84,fall
110247,-0.0239,-1.1055,-0.4531,-20.55,22.053,-41.977,fall
110267,-0.0481,-1.0972,-0.4644,-27.939,32.458,-40.679,fall
110287,0.0789,-0.998,-0.5317,-30.191,33.55,-41.137,fall
110307,0.0818,-0.9331,-0.5466,-29.832,20.42,-40.282,fall
110327,0.0496,-0.9546,-0.4644,-37.122,24.649,-31.679,fall
110347,0.1113,-0.9055,-0.4763,-42.275,35.168,-30.771,fall
110367,0.2236,-0.8916,-0.6116,-30.191,27.435,-32.74,fall
110387,0.1172,-0.8062,-0.5408,-33.458,5.16,-31.092,fall
110407,0.031,-0.884,-0.5137,-33.595,13.771,-25.863,fall
110427,0.1196,-0.9746,-0.6208,-34.443,28.595,-23.382,fall
110447,0.2021,-0.9209,-0.6252,-30.901,16.672,-24.779,fall
110468,0.1606,-0.8503,-0.5295,-30.87,4.733,-24.573,fall
110488,0.1096,-0.8228,-0.582,-31.779,9.198,-19.252,fall
110508,0.0725,-0.8474,-0.7122,-31.756,16.076,-14.023,fall
110528,0.0784,-0.834,-0.7305,-26.366,12.076,-16.328,fall
110548,0.0801,-0.772,-0.6992,-18.137,7.466,-21.26,fall
110568,0.0896,-0.7466,-0.658,-11.527,5.374,-24.252,fall
110588,0.0955,-0.8384,-0.6619,-11.618,9.069,-23.229,fall
110608,0.1272,-0.8315,-0.6353,-12.611,12.023,-20.718,fall
110628,0.186,-0.769,-0.5825,-12.779,12.473,-18.87,fall
110648,0.1904,-0.7893,-0.5986,-11.954,10.122,-15.893,fall
110668,0.1653,-0.8718,-0.6904,-13.664,14.702,-13.084,fall
110688,0.1965,-0.8113,-0.6938,-15.473,13.771,-10.84,fall
110708,0.2004,-0.7651,-0.6245,-8.656,6.176,-11.733,fall
110728,0.1807,-0.7715,-0.6357,-5.878,4.794,-13.771,fall
110748,0.1677,-0.8345,-0.7144,-7.977,10.031,-12.817,fall
110768,0.1609,-0.7842,-0.7039,-7.84,8.931,-10.527,fall
110788,0.1675,-0.7341,-0.6658,-5.321,9.748,-9.412,fall
110808,0.1851,-0.7773,-0.697,-0.954,8.878,-10.626,fall
110828,0.2095,-0.8318,-0.7192,-0.374,9.969,-9.695,fall
110848,0.2476,-0.8137,-0.6702,1.176,10.405,-6.061,fall
110868,0.2415,-0.7437,-0.5901,-0.015,7.374,-3.031,fall
110888,0.2163,-0.782,-0.6277,-1.817,5.061,-2.847,fall
110908,0.2173,-0.8306,-0.6826,-5.191,5.969,-1.557,fall
110928,0.2212,-0.7917,-0.6907,-4.023,6.863,-0.389,fall
110948,0.2188,-0.7114,-0.6289,-2.534,3.206,-0.13,fall
110968,0.1997,-0.7505,-0.6785,-0.092,1.351,-0.771,fall
110988,0.1838,-0.7988,-0.7461,-1.443,4.382,0.656,fall
111008,0.2161,-0.7966,-0.7012,1.275,4.252,1.298,fall
111028,0.218,-0.7385,-0.6177,2.748,1.45,0.763,fall
111048,0.2078,-0.7749,-0.6353,2.87,-0.519,-0.725,fall
111068,0.1899,-0.8279,-0.6821,-0.298,1.061,0.427,fall
111088,0.2021,-0.8281,-0.7012,-1.931,6.313,2.817,fall
111108,0.198,-0.7488,-0.6309,-0.389,4.366,2.511,fall
111128,0.186,-0.7556,-0.626,0.267,-1.115,-1.519,fall
111148,0.1777,-0.8018,-0.6511,-2.565,0.099,-3.351,fall
111168,0.1987,-0.8403,-0.7263,-4.55,7.031,-0.504,fall
111188,0.2322,-0.7451,-0.6663,-3.962,6.603,3.023,fall
111208,0.1951,-0.7219,-0.6484,0.947,0.076,1.969,fall
111228,0.1667,-0.7908,-0.6562,0.641,0.328,0.641,fall
111248,0.1873,-0.8398,-0.7166,-2.885,9.153,1.344,fall
111268,0.2251,-0.7834,-0.6833,-2.13,7.771,3.153,fall
111288,0.1853,-0.7705,-0.6511,2.725,2.496,-0.26,fall
111308,0.1816,-0.8013,-0.6643,1.748,1.13,-3.015,fall
111328,0.188,-0.8269,-0.698,0.252,6.176,-3.366,fall
111348,0.2341,-0.7566,-0.6487,0.397,6.16,-1.344,fall
111368,0.2029,-0.7729,-0.6211,2.107,1.695,-1.298,fall
111388,0.1738,-0.8245,-0.6555,0.168,3.679,-2.053,fall
111408,0.1724,-0.8455,-0.7036,-0.58,8.763,-4.244,fall
111428,0.2085,-0.7837,-0.6804,0.771,7.855,-4.779,fall
111448,0.1853,-0.7688,-0.6284,3.13,5.977,-5.931,fall
111468,0.1543,-0.8342,-0.6235,0.519,8.573,-10.397,fall
111488,0.1682,-0.8457,-0.6572,-4.038,14.015,-12.885,fall
111508,0.1797,-0.8237,-0.634,-4.313,11.939,-15.992,fall
111528,0.1855,-0.8,-0.6016,-3.855,13.71,-19.206,fall
111548,0.1992,-0.825,-0.635,-7.954,16.115,-23.87,fall
111568,0.241,-0.7798,-0.6479,-11.901,11.618,-26.733,fall
111588,0.2651,-0.7617,-0.6484,-9.389,4.748,-30.931,fall
111608,0.2583,-0.7197,-0.7043,-6.634,-0.313,-32.947,fall
111628,0.2466,-0.6978,-0.7812,-4.779,-7.435,-36.061,fall
111648,0.2627,-0.6265,-0.7446,-3.282,-14.931,-34.863,fall
111668,0.2561,-0.6411,-0.7478,3.809,-22.718,-36.229,fall
111688,0.2771,-0.719,-0.7166,11.382,-28.321,-39.931,fall
111708,0.4167,-0.8403,-0.7009,15.443,-36.092,-39.336,fall
111728,0.4856,-0.78,-0.6194,8.122,-40.573,-33.855,fall
111748,0.4348,-0.7834,-0.5781,2.244,-41.153,-32.229,fall
111768,0.3301,-0.7666,-0.606,-3.565,-38.344,-26.015,fall
111788,0.2495,-0.7954,-0.5854,-10.702,-31.29,-23.55,fall
111808,0.2378,-0.856,-0.6504,-16.427,-24.137,-24.664,fall
111828,0.2834,-0.7971,-0.6682,-23.176,-19.466,-28.985,fall
111848,0.3347,-0.8335,-0.6897,-26.947,-17.252,-34.641,fall
111868,0.2942,-0.8037,-0.7295,-29.45,-14.809,-32.954,fall
111888,0.2673,-0.7207,-0.7454,-33.481,-6.183,-26.244,fall
111908,0.2473,-0.6973,-0.7288,-30.847,-0.359,-20.084,fall
111928,0.2246,-0.7068,-0.7708,-22.069,10.901,-16.595,fall
111948,0.2346,-0.6616,-0.7634,-21.458,13.191,-16.237,fall
111968,0.271,-0.5967,-0.8022,-21.031,12.244,-17.275,fall
111988,0.2314,-0.6848,-0.8147,-14.802,10.336,-20.939,fall
112008,0.2412,-0.7466,-0.8647,-15.321,20.008,-24.832,fall
112028,0.3652,-0.7065,-0.8708,-16.16,18.214,-23.084,fall
112048,0.446,-0.6101,-0.813,-16.481,10.267,-20.412,fall
112068,0.397,-0.5166,-0.7595,-14.74,12.405,-18.42,fall
112088,0.3267,-0.5359,-0.7637,-10.687,22.229,-18.252,fall
112108,0.3965,-0.6392,-0.7803,-7.275,28.008,-12.878,fall
112128,0.4541,-0.6711,-0.6936,-11.443,20.137,-5.763,fall
112148,0.3926,-0.6145,-0.6365,-20.901,13.504,-6.901,fall
112168,0.3711,-0.6008,-0.6663,-20.405,12.015,-14.168,fall
112188,0.3411,-0.6938,-0.7417,-20.695,14.412,-18.756,fall
112208,0.3958,-0.7034,-0.8267,-26.809,7.924,-17.618,fall
112228,0.4333,-0.5679,-0.8245,-28.832,-2.565,-17.565,fall
112248,0.3979,-0.4973,-0.7568,-29.023,0.687,-17.26,fall
112268,0.3884,-0.5254,-0.7783,-24.977,10.985,-13.496,fall
112288,0.4189,-0.5813,-0.8245,-22.702,15.473,-9.855,fall
112308,0.438,-0.5354,-0.8503,-22.885,7.763,-11.756,fall
112328,0.3447,-0.5037,-0.7856,-25.489,8.641,-16.962,fall
112348,0.3713,-0.561,-0.8154,-24.183,12.511,-22.374,fall
112368,0.4724,-0.6035,-0.842,-25.885,8.046,-22.214,fall
112388,0.5063,-0.5508,-0.8364,-27.366,-0.008,-21.924,fall
112408,0.4277,-0.49,-0.8188,-31.084,-1.901,-22.084,fall
112428,0.4121,-0.4863,-0.8325,-29.412,4.252,-21.137,fall
112448,0.489,-0.5288,-0.8853,-24.893,9.275,-17.847,fall
112469,0.512,-0.491,-0.8655,-22.878,6.908,-17.527,fall
112489,0.4768,-0.4607,-0.8184,-27.443,2.321,-20.275,fall
112509,0.418,-0.4351,-0.8115,-31.214,5.481,-19.702,fall
112529,0.4666,-0.4971,-0.8782,-24.489,10.473,-19.74,fall
112549,0.5247,-0.5061,-0.8779,-21.687,2.42,-20.985,fall
112569,0.5161,-0.5134,-0.8342,-25.176,-1.397,-24.359,fall
112589,0.4622,-0.4644,-0.8328,-32.916,-1.794,-22.198,fall
112609,0.4399,-0.46,-0.8982,-32.634,-1.45,-21.115,fall
112629,0.4429,-0.4529,-0.8713,-31.443,-5.359,-21.183,fall
112649,0.4231,-0.4204,-0.855,-35.0,-3.466,-21.313,fall
112669,0.4363,-0.3674,-0.8518,-38.664,-4.206,-25.267,fall
112689,0.4363,-0.3401,-0.8508,-41.145,-1.885,-30.092,fall
112709,0.4338,-0.3596,-0.9302,-39.023,4.802,-32.397,fall
112729,0.4238,-0.3208,-0.9817,-39.145,7.748,-32.992,fall
112749,0.4907,-0.2825,-0.9409,-33.794,6.473,-31.809,fall
112769,0.5115,-0.2395,-0.8994,-32.229,4.786,-30.305,fall
112789,0.5171,-0.2661,-0.8831,-30.817,4.763,-27.45,fall
112809,0.478,-0.2456,-0.8347,-36.16,6.061,-25.282,fall
112829,0.4666,-0.2346,-0.8452,-40.16,8.267,-25.901,fall
112849,0.4722,-0.2119,-0.8721,-42.496,13.031,-27.977,fall
112869,0.4707,-0.1987,-0.8667,-43.244,16.298,-27.885,fall
112889,0.4973,-0.2012,-0.9397,-44.634,13.763,-25.939,fall
112909,0.5525,-0.1736,-0.9521,-46.389,7.931,-24.389,fall
112929,0.5522,-0.199,-0.9456,-41.13,9.0,-25.832,fall
112949,0.5405,-0.2266,-0.9348,-42.26,14.298,-26.214,fall
112969,0.5442,-0.261,-0.927,-48.771,18.13,-27.252,fall
112989,0.5437,-0.2783,-0.9331,-49.588,17.87,-25.176,fall
113009,0.563,-0.261,-0.9666,-54.389,16.725,-25.611,fall
113029,0.573,-0.2119,-0.9211,-60.107,20.74,-24.115,fall
113049,0.5112,-0.1565,-0.8137,-64.885,28.0,-21.191,fall
113069,0.48,-0.0789,-0.8074,-67.412,37.573,-18.534,fall
113089,0.4932,-0.0447,-0.8423,-67.198,41.053,-18.122,fall
113109,0.5229,-0.0122,-0.8384,-66.885,46.656,-17.122,fall
113129,0.6013,0.0537,-0.9119,-61.145,50.015,-18.321,fall
113149,0.6643,0.1458,-0.9207,-58.191,49.305,-22.885,fall
113169,0.6953,0.1724,-0.9114,-55.771,50.565,-32.198,fall
113189,0.6458,0.1794,-0.9036,-54.183,47.046,-36.954,fall
113209,0.6064,0.2048,-0.8074,-48.947,50.038,-34.84,fall
113229,0.533,0.2144,-0.803,-48.534,59.313,-32.206,fall
113249,0.5325,0.2495,-0.7964,-50.45,64.45,-32.382,fall
113269,0.564,0.2844,-0.7869,-49.015,67.878,-32.053,fall
113289,0.6028,0.3225,-0.7656,-47.26,68.412,-35.359,fall
113309,0.6348,0.3235,-0.7195,-49.695,73.679,-44.061,fall
113329,0.7537,0.3376,-0.7754,-53.107,73.802,-52.771,fall
113349,0.8389,0.3958,-0.8333,-55.13,57.458,-55.13,fall
113369,0.8174,0.3416,-0.9009,-52.221,53.168,-53.962,fall
113389,0.863,0.322,-0.9648,-45.702,63.809,-54.695,fall
113409,0.8538,0.2632,-1.0125,-35.321,57.092,-47.641,fall
