t,ax,ay,az,gx,gy,gz,label
111507,0.9702,0.2751,-0.104,1.954,-0.275,1.107,nornal
111527,0.9778,0.2717,-0.1165,2.832,0.84,1.366,nornal
111547,0.9751,0.2708,-0.1304,2.405,0.534,1.42,nornal
111567,0.97,0.2695,-0.1157,2.328,0.664,0.977,nornal
111587,0.9753,0.2686,-0.1187,2.756,1.359,1.298,nornal
111607,0.9758,0.2756,-0.1145,1.519,0.771,0.901,nornal
111627,0.9702,0.281,-0.1113,1.252,1.137,0.733,nornal
111647,0.9724,0.2822,-0.1184,0.618,0.435,1.282,nornal
111667,0.9775,0.2932,-0.1233,1.183,-0.725,1.893,nornal
111687,0.9663,0.2849,-0.1252,1.954,0.71,2.527,nornal
111707,0.9736,0.2837,-0.125,2.695,1.771,2.931,nornal
111727,0.9751,0.2761,-0.1309,2.282,1.977,2.908,nornal
111747,0.9724,0.2732,-0.1304,2.519,0.847,2.947,nornal
111767,0.9756,0.2761,-0.1348,3.435,0.557,2.71,nornal
111787,0.9678,0.2761,-0.1323,3.466,0.618,2.885,nornal
111807,0.9753,0.2737,-0.1348,2.809,0.351,3.076,nornal
111827,0.9739,0.2688,-0.1335,3.061,0.756,2.702,nornal
111847,0.9702,0.2664,-0.135,3.275,1.664,2.038,nornal
111867,0.9675,0.2749,-0.1426,3.122,2.336,1.58,nornal
111887,0.9741,0.2681,-0.1399,2.931,1.893,0.832,nornal
111907,0.9805,0.2649,-0.1421,2.046,1.084,0.588,nornal
111927,0.9692,0.2698,-0.1304,1.824,1.634,0.977,nornal
111947,0.9717,0.2705,-0.1384,1.634,2.473,1.214,nornal
111967,0.9783,0.2683,-0.1367,1.382,2.924,1.183,nornal
111987,0.9746,0.2598,-0.135,1.107,2.763,0.832,nornal
112007,0.9751,0.2637,-0.1445,0.466,2.366,1.046,nornal
112027,0.9756,0.2622,-0.145,0.802,2.466,0.893,nornal
112047,0.9783,0.2568,-0.1399,1.13,2.656,0.595,nornal
112067,0.9797,0.2585,-0.1418,1.099,2.969,0.458,nornal
112087,0.9802,0.2534,-0.1404,1.435,2.588,0.802,nornal
112107,0.9797,0.2585,-0.1431,0.282,1.198,0.794,nornal
112127,0.9756,0.2537,-0.145,-0.015,1.267,0.824,nornal
112147,0.9785,0.2554,-0.1426,-0.611,1.084,1.0,nornal
112167,0.9802,0.2551,-0.1472,-1.16,1.076,1.244,nornal
112187,0.9797,0.2578,-0.1533,-3.206,0.527,1.0,nornal
112207,0.9727,0.2554,-0.1443,-3.58,-0.16,0.763,nornal
112227,0.98,0.2615,-0.1418,-2.473,0.832,0.87,nornal
112247,0.9692,0.2729,-0.1492,-2.802,0.718,0.847,nornal
112267,0.9666,0.2686,-0.1357,-3.359,1.122,0.832,nornal
112287,0.9761,0.2676,-0.1458,-1.603,2.008,0.267,nornal
112307,0.9785,0.2725,-0.145,0.756,1.656,0.252,nornal
112327,0.9758,0.2673,-0.1401,2.099,2.809,-0.206,nornal
112347,0.978,0.2651,-0.1472,3.038,3.42,-0.038,nornal
112367,0.9817,0.2612,-0.1304,3.534,3.969,-0.061,nornal
112387,0.9768,0.2681,-0.1504,3.42,3.656,0.176,nornal
112407,0.9758,0.2637,-0.1499,3.542,3.061,0.321,nornal
112427,0.9785,0.2561,-0.1506,3.481,2.847,0.305,nornal
112447,0.9771,0.259,-0.1497,3.145,2.359,0.466,nornal
112467,0.9702,0.2627,-0.1497,2.023,1.954,0.275,nornal
112488,0.9695,0.2556,-0.1431,1.313,2.519,0.298,nornal
112508,0.9875,0.2549,-0.1492,1.771,2.702,0.466,nornal
112528,0.9766,0.2583,-0.158,2.817,2.237,0.107,nornal
112548,0.9724,0.2603,-0.1609,2.092,2.802,0.267,nornal
112568,0.978,0.2502,-0.1533,2.298,3.756,0.092,nornal
112588,0.9812,0.2561,-0.1492,3.481,3.634,-0.13,nornal
112608,0.978,0.2654,-0.1416,4.359,3.87,0.015,nornal
112628,0.9773,0.2585,-0.1509,4.832,3.458,-0.053,nornal
112648,0.9744,0.2571,-0.1499,4.641,4.527,-0.13,nornal
112668,0.9788,0.259,-0.1538,4.26,4.87,-0.221,nornal
112688,0.9768,0.2568,-0.1572,3.061,4.122,-0.092,nornal
112708,0.9778,0.2578,-0.1624,2.733,3.458,0.237,nornal
112728,0.9812,0.2571,-0.1584,2.397,3.008,0.26,nornal
112748,0.9805,0.2568,-0.1533,1.924,2.947,0.221,nornal
112768,0.9773,0.2571,-0.1567,1.824,2.817,0.076,nornal
112788,0.9736,0.2617,-0.1453,2.641,4.092,-0.008,nornal
112808,0.9788,0.2625,-0.1548,2.641,4.397,-0.519,nornal
112828,0.9739,0.2617,-0.1492,2.634,3.84,-0.069,nornal
112848,0.9788,0.2561,-0.1475,3.084,3.779,-0.45,nornal
112868,0.9771,0.2527,-0.1555,3.481,4.053,-0.275,nornal
112888,0.9773,0.248,-0.1584,2.16,3.763,-0.321,nornal
112908,0.979,0.2461,-0.158,1.237,3.611,-0.198,nornal
112928,0.9856,0.2544,-0.1562,0.969,3.023,-0.084,nornal
112948,0.98,0.2554,-0.1567,0.84,3.198,-0.16,nornal
112968,0.9753,0.2532,-0.1497,0.618,2.649,0.298,nornal
112988,0.9734,0.2566,-0.1528,0.489,2.443,0.351,nornal
113008,0.9739,0.2527,-0.1577,0.168,2.481,0.359,nornal
113028,0.9761,0.2554,-0.1533,-0.16,2.389,0.275,nornal
113048,0.9807,0.2627,-0.158,-0.183,2.366,0.244,nornal
113068,0.979,0.2542,-0.1592,0.229,2.656,0.504,nornal
113088,0.9753,0.2539,-0.1543,-0.244,2.794,0.359,nornal
113108,0.9795,0.2517,-0.155,-0.198,3.191,0.45,nornal
113128,0.979,0.2515,-0.1582,0.29,3.153,-0.031,nornal
113148,0.9763,0.2522,-0.1614,-0.16,3.084,-0.008,nornal
113168,0.9766,0.252,-0.1587,-1.069,2.695,-0.183,nornal
113188,0.9788,0.2581,-0.1597,-2.13,2.29,-0.069,nornal
113208,0.9749,0.2617,-0.1545,-2.504,2.275,-0.031,nornal
113228,0.9727,0.2637,-0.1653,-2.496,1.992,-0.115,nornal
113248,0.97,0.2729,-0.1628,-4.855,1.168,-0.282,nornal
113268,0.9775,0.2778,-0.1331,-5.779,0.718,-0.924,nornal
113288,0.9775,0.2856,-0.1321,-4.74,0.748,-2.046,nornal
113308,0.969,0.3064,-0.1519,-3.282,2.366,-2.244,nornal
113328,0.9722,0.304,-0.1392,0.977,3.023,-3.947,nornal
113348,0.9807,0.3091,-0.1316,6.542,4.824,-5.672,nornal
113368,0.9824,0.3062,-0.1355,12.137,7.0,-5.901,nornal
113388,0.969,0.3057,-0.1218,15.733,9.183,-5.687,nornal
113408,0.9727,0.2976,-0.1177,19.031,9.824,-5.649,nornal
113428,0.9609,0.2961,-0.1245,23.42,11.45,-6.405,nornal
113448,0.9609,0.2917,-0.1382,27.298,12.817,-6.779,nornal
113468,0.9553,0.2817,-0.1328,29.221,13.237,-6.191,nornal
113488,0.9583,0.2627,-0.1191,32.122,14.099,-5.115,nornal
113508,0.9712,0.2551,-0.1152,31.496,13.779,-3.985,nornal
113528,0.9751,0.2617,-0.1174,30.634,13.947,-3.061,nornal
113548,0.9734,0.28,-0.1167,31.183,15.565,-2.893,nornal
113568,0.98,0.2991,-0.134,35.122,16.183,-4.244,nornal
113588,0.9736,0.3123,-0.1382,41.786,16.076,-4.954,nornal
113608,0.9644,0.3123,-0.1248,47.305,15.962,-5.115,nornal
113628,0.9705,0.2991,-0.1121,50.855,16.908,-5.252,nornal
113648,0.9795,0.281,-0.1233,53.435,16.977,-5.969,nornal
113668,0.9841,0.2722,-0.1353,54.198,15.71,-6.13,nornal
113688,0.9773,0.2749,-0.1194,53.748,15.412,-7.901,nornal
113708,0.9773,0.2786,-0.1145,53.863,16.336,-8.885,nornal
113728,0.9871,0.2734,-0.1106,54.496,17.237,-9.137,nornal
113748,0.9888,0.2815,-0.1055,54.74,17.038,-9.656,nornal
113768,0.988,0.2876,-0.0981,56.382,16.649,-9.756,nornal
113788,0.9851,0.2981,-0.1135,58.809,16.733,-10.29,nornal
113808,0.9871,0.3057,-0.1326,61.618,16.878,-10.908,nornal
113828,0.9641,0.3037,-0.1379,61.481,15.901,-10.824,nornal
113848,0.9609,0.2971,-0.1345,62.168,17.168,-9.794,nornal
113868,0.9758,0.2896,-0.1255,62.58,16.183,-8.985,nornal
113888,0.9729,0.2812,-0.1326,62.878,15.763,-8.122,nornal
113908,0.9617,0.2788,-0.1306,63.565,15.359,-7.046,nornal
113928,0.9604,0.293,-0.147,64.153,14.351,-6.466,nornal
113948,0.9548,0.2974,-0.1548,66.084,13.939,-6.13,nornal
113968,0.9507,0.2993,-0.1584,68.244,14.702,-5.282,nornal
113988,0.9441,0.2888,-0.1626,69.786,14.282,-3.855,nornal
114028,0.9741,0.2605,-0.1624,69.015,11.695,-4.298,nornal
114048,0.9685,0.2456,-0.1294,63.679,12.931,-3.924,nornal
114068,0.9792,0.2588,-0.1533,58.443,15.466,-4.046,nornal
114088,0.9924,0.3066,-0.2144,58.046,14.534,-5.519,nornal
114108,0.9883,0.3123,-0.2297,60.992,14.618,-7.275,nornal
114128,0.9902,0.2917,-0.2256,62.504,14.267,-7.824,nornal
114148,0.9761,0.2786,-0.251,61.214,12.366,-6.954,nornal
114168,0.9644,0.2812,-0.2417,58.397,10.977,-8.099,nornal
114188,0.9778,0.2742,-0.23,57.015,9.489,-10.191,nornal
114208,0.9751,0.2678,-0.2297,56.221,8.252,-12.947,nornal
114228,0.9548,0.2568,-0.2427,58.718,10.374,-15.122,nornal
114248,0.9426,0.2441,-0.2524,62.519,12.229,-15.626,nornal
114268,0.9585,0.2488,-0.2676,64.695,11.229,-15.672,nornal
114288,0.9653,0.269,-0.2793,64.794,9.122,-14.672,nornal
114308,0.9771,0.2588,-0.2861,63.603,4.511,-11.885,nornal
114328,0.9731,0.2134,-0.259,62.55,3.618,-7.588,nornal
114348,0.9541,0.1619,-0.238,59.908,7.122,-3.237,nornal
114368,0.9817,0.1536,-0.259,56.687,12.229,-0.893,nornal
114388,0.9685,0.1926,-0.2764,52.435,11.779,-2.008,nornal
114408,0.9011,0.2297,-0.2805,48.947,14.55,-3.542,nornal
114428,0.8809,0.2439,-0.29,47.771,16.84,-5.489,nornal
114448,0.873,0.2625,-0.2959,49.496,18.015,-8.061,nornal
114468,0.8982,0.2615,-0.2942,52.466,19.298,-11.534,nornal
114489,0.9348,0.2502,-0.2825,53.794,19.992,-12.885,nornal
114509,0.9341,0.2512,-0.2878,53.489,21.015,-11.74,nornal
114529,0.9353,0.2778,-0.3291,53.122,22.672,-9.733,nornal
114549,0.937,0.2756,-0.3306,53.496,24.198,-8.405,nornal
114569,0.9343,0.2522,-0.3123,53.473,27.382,-7.779,nornal
114589,0.946,0.239,-0.3044,52.45,30.305,-7.916,nornal
114609,0.9446,0.2651,-0.3088,50.015,33.603,-8.45,nornal
114629,0.9692,0.2756,-0.3376,48.565,32.374,-9.725,nornal
114649,0.9436,0.2732,-0.3442,45.359,28.687,-13.588,nornal
114669,0.9241,0.2622,-0.3325,43.878,29.374,-14.901,nornal
114689,0.9534,0.2712,-0.3335,44.084,29.962,-15.656,nornal
114709,0.9685,0.2625,-0.3333,44.87,32.412,-15.344,nornal
114729,0.9673,0.2632,-0.3311,41.725,33.947,-12.344,nornal
114749,0.9697,0.2786,-0.3254,38.099,32.45,-9.687,nornal
114769,0.9788,0.2966,-0.343,35.977,24.786,-7.992,nornal
114789,0.9751,0.3313,-0.3352,35.573,15.382,-6.763,nornal
114809,0.9775,0.3259,-0.3149,37.656,14.321,-7.756,nornal
114829,0.9358,0.2844,-0.2964,42.198,16.198,-5.275,nornal
114849,0.9258,0.2466,-0.321,40.504,21.344,-1.901,nornal
114869,0.9766,0.2383,-0.3372,37.0,19.58,0.069,nornal
114889,1.032,0.2449,-0.28,32.321,13.344,-2.634,nornal
114909,0.9954,0.2632,-0.2769,25.053,10.328,-3.588,nornal
114929,0.9399,0.2715,-0.2666,17.634,9.626,-0.206,nornal
114949,0.9307,0.3,-0.2129,18.137,14.206,3.748,nornal
114969,0.9622,0.3376,-0.1792,19.702,17.74,4.153,nornal
114989,0.9451,0.376,-0.1682,23.672,20.336,2.855,nornal
115009,0.9087,0.3889,-0.1455,34.687,25.359,4.084,nornal
115029,0.9255,0.3691,-0.1204,44.023,29.45,5.115,nornal
115049,0.9463,0.3315,-0.0776,52.878,29.702,4.718,nornal
115069,0.9609,0.3218,-0.0669,57.305,27.817,2.084,nornal
115089,0.9431,0.3147,-0.063,59.099,28.855,-1.42,nornal
115109,0.9519,0.3081,-0.0532,61.847,32.183,-2.969,nornal
115129,0.9817,0.2812,-0.0623,63.214,33.649,-3.313,nornal
115149,0.9727,0.2791,-0.0686,61.122,35.183,-0.649,nornal
115169,0.9622,0.3149,-0.0667,60.817,38.412,0.74,nornal
115189,0.9695,0.3103,-0.0586,65.664,40.557,2.42,nornal
115209,0.9832,0.3291,-0.0627,71.336,40.802,2.336,nornal
115229,0.9631,0.3215,-0.0615,77.679,39.687,1.321,nornal
115249,0.9592,0.3108,-0.0654,84.489,41.588,-0.107,nornal
115289,0.9861,0.2683,-0.0784,92.603,42.191,-7.115,nornal
115309,0.9634,0.2505,-0.0742,92.954,41.038,-8.496,nornal
115329,0.9668,0.2344,-0.0605,90.084,41.107,-8.015,nornal
115349,0.9871,0.2173,-0.0552,87.26,42.061,-7.504,nornal
115369,1.0059,0.219,-0.0889,88.42,43.511,-5.763,nornal
115389,1.001,0.2307,-0.0801,92.779,43.55,-4.458,nornal
115409,0.9971,0.2222,-0.0698,98.191,43.221,-3.458,nornal
115429,1.0054,0.2056,-0.0552,102.511,41.985,-4.008,nornal
115449,1.0122,0.1785,-0.063,99.092,38.603,-4.069,nornal
115469,1.0039,0.1418,-0.085,92.985,36.183,-2.366,nornal
115489,1.0249,0.1426,-0.0935,88.916,32.794,-1.13,nornal
115509,1.0232,0.1399,-0.0586,86.664,28.321,0.198,nornal
115529,1.0081,0.136,-0.0383,79.42,25.573,-0.313,nornal
115549,0.9946,0.1267,-0.1162,73.244,21.656,0.55,nornal
115569,1.0205,0.1655,-0.1128,70.679,18.985,0.511,nornal
115589,1.0193,0.1848,-0.1079,67.244,13.55,-2.374,nornal
115609,1.0068,0.1956,-0.0811,64.977,14.588,-6.0,nornal
115629,1.0212,0.1904,-0.1438,63.595,14.687,-8.649,nornal
115649,1.0356,0.1936,-0.137,63.382,11.779,-8.733,nornal
115669,1.0266,0.2024,-0.1587,64.221,12.511,-9.267,nornal
115709,1.0022,0.1462,-0.1709,55.427,18.931,-7.29,nornal
115729,1.0037,0.1296,-0.1914,50.969,21.321,-6.008,nornal
115749,1.0127,0.1287,-0.2092,48.397,17.626,-3.664,nornal
115769,0.9934,0.1626,-0.1133,49.344,19.313,1.962,nornal
115789,1.145,0.2148,-0.1892,43.168,9.489,1.725,nornal
115809,1.1274,0.1228,-0.0686,26.664,10.672,9.763,nornal
115829,1.1785,0.1477,-0.0239,0.962,8.031,15.313,nornal
115849,1.1235,0.2053,0.0476,-12.534,4.023,22.74,nornal
115869,1.0088,0.2969,-0.0063,-10.618,-2.053,27.015,nornal
115889,0.8909,0.355,-0.072,0.58,-9.977,26.313,nornal
115909,0.8564,0.3804,-0.0869,12.183,-16.733,17.71,nornal
115929,0.9033,0.3494,-0.0723,15.885,-20.542,3.481,nornal
115949,0.9358,0.2695,-0.0669,12.137,-20.847,-6.702,nornal
115969,0.9639,0.2451,-0.0588,2.023,-16.229,-6.603,nornal
115989,0.9995,0.2712,-0.0532,-8.244,-14.786,-2.13,nornal
116009,1.0259,0.302,-0.1323,-9.183,-16.985,3.031,nornal
116029,1.0007,0.3049,-0.1309,-7.878,-18.168,5.847,nornal
116049,0.9365,0.2839,-0.1418,-8.45,-15.985,8.282,nornal
116069,0.8965,0.25,-0.1558,-7.626,-13.084,10.046,nornal
116089,0.8984,0.2168,-0.1709,-7.153,-7.534,10.45,nornal
116109,0.8979,0.1921,-0.1567,-8.198,-3.824,7.992,nornal
116129,0.9104,0.1973,-0.1799,-11.824,-2.878,1.954,nornal
116149,0.9253,0.2083,-0.1633,-14.611,-2.527,-5.466,nornal
116169,0.9446,0.2385,-0.1826,-12.863,-1.26,-12.939,nornal
116189,0.9648,0.2659,-0.1934,-9.092,-1.947,-17.771,nornal
116209,0.9641,0.2715,-0.1965,-5.023,1.374,-16.206,nornal
116229,0.9648,0.2759,-0.2241,-3.397,8.198,-10.038,nornal
116249,0.9712,0.2561,-0.2354,-2.351,8.748,-6.847,nornal
116269,0.9485,0.2373,-0.2424,0.641,11.344,-5.321,nornal
116289,0.9431,0.2251,-0.2612,4.87,13.191,-4.847,nornal
116309,0.9587,0.2104,-0.2915,8.519,10.13,-5.168,nornal
116329,0.9507,0.1667,-0.2671,12.405,5.817,-3.237,nornal
116349,0.9666,0.1602,-0.2336,10.817,0.863,-0.649,nornal
116369,0.9934,0.1838,-0.2273,4.061,2.71,-0.458,nornal
116389,1.0408,0.2178,-0.2615,-0.13,1.153,-2.489,nornal
116409,1.0723,0.2554,-0.3181,-1.496,-5.122,-6.382,nornal
116429,0.9797,0.249,-0.3184,-3.053,-4.427,-8.565,nornal
116449,1.0398,0.2554,-0.3435,-3.756,-6.702,-9.435,nornal
116469,1.2498,0.2817,-0.2717,-5.359,-29.298,-21.687,nornal
116490,1.1348,0.3635,-0.1633,-0.397,-31.015,-21.427,nornal
116510,1.0967,0.4275,-0.136,0.061,-34.344,-24.649,nornal
116530,0.9109,0.3877,-0.1182,3.901,-30.328,-22.802,nornal
116550,0.7913,0.3882,-0.1689,11.008,-17.672,-14.252,nornal
116570,0.7905,0.3965,-0.2644,12.802,-2.847,-5.542,nornal
116590,0.8223,0.363,-0.1086,15.542,12.71,2.008,nornal
116610,0.8904,0.3325,-0.0657,11.229,22.916,3.45,nornal
116630,0.9094,0.3352,-0.0007,8.626,23.885,0.779,nornal
116650,0.9248,0.3269,-0.0195,9.786,18.473,-2.901,nornal
116670,0.9514,0.3311,-0.0254,14.13,10.939,-7.053,nornal
116690,0.9968,0.283,-0.0823,21.168,6.534,-9.595,nornal
116710,0.9973,0.229,-0.1021,15.802,1.557,-9.336,nornal
116730,0.9851,0.2004,-0.1335,7.435,4.45,-5.519,nornal
116750,0.9729,0.25,-0.1521,1.008,9.168,2.366,nornal
116770,0.9512,0.2715,-0.1379,-1.702,16.458,10.046,nornal
116810,0.959,0.3137,-0.082,2.252,26.542,10.275,nornal
116830,0.9446,0.3228,-0.0911,9.42,23.55,8.038,nornal
116850,0.9368,0.2917,-0.0981,13.985,22.466,3.519,nornal
116870,0.9722,0.248,-0.124,16.664,21.282,-1.496,nornal
116890,0.98,0.2517,-0.1252,16.366,18.137,-5.282,nornal
116910,0.9648,0.2583,-0.1509,15.84,14.244,-6.947,nornal
116930,0.9614,0.2493,-0.1514,16.832,12.481,-6.779,nornal
116950,0.9668,0.2405,-0.1448,17.374,13.069,-6.084,nornal
116970,0.9653,0.241,-0.1431,17.588,13.496,-5.947,nornal
116990,0.9736,0.2451,-0.1392,18.397,16.275,-5.237,nornal
117010,0.9712,0.2478,-0.1416,21.321,17.053,-5.305,nornal
117030,0.9712,0.2429,-0.1399,26.58,14.824,-7.771,nornal
117050,0.9727,0.2246,-0.144,31.702,11.427,-11.702,nornal
117070,0.9856,0.2124,-0.1394,34.893,8.931,-13.679,nornal
117090,1.0015,0.2131,-0.1123,35.198,7.794,-14.504,nornal
117110,1.002,0.2217,-0.0735,34.84,11.275,-13.771,nornal
117130,0.9932,0.2529,-0.0591,33.221,17.053,-12.458,nornal
117150,0.981,0.2673,-0.0388,35.55,23.832,-11.244,nornal
117170,0.9797,0.2656,-0.03,40.794,29.84,-11.977,nornal
117190,0.9827,0.2424,-0.0146,45.786,32.069,-14.618,nornal
117210,0.9753,0.22,-0.0271,51.405,35.496,-17.748,nornal
117230,0.9937,0.2637,-0.0107,61.924,41.687,-16.527,nornal
117250,1.0403,0.3274,-0.0164,68.26,36.351,-17.832,nornal
117270,0.9871,0.2778,0.0205,67.565,45.588,-13.954,nornal
117290,0.958,0.2917,-0.0056,61.992,58.893,-8.153,nornal
117310,0.9634,0.3354,-0.0237,51.29,64.695,-2.878,nornal
117330,1.011,0.4243,-0.0269,44.29,59.214,-5.695,nornal
117350,1.0686,0.4985,-0.0649,46.366,50.763,-13.084,nornal
117370,1.0667,0.5015,-0.0437,53.908,47.878,-20.13,nornal
117390,1.0459,0.5088,-0.0271,57.924,44.901,-25.443,nornal
117410,1.0015,0.4458,-0.1167,57.718,40.74,-26.58,nornal
117430,0.9333,0.3706,-0.1399,52.779,33.611,-23.718,nornal
117450,0.8879,0.335,-0.1533,39.168,29.679,-17.992,nornal
117470,0.8728,0.3169,-0.1199,22.779,28.565,-13.382,nornal
117490,0.8923,0.3489,-0.1057,14.534,27.763,-11.725,nornal
117510,0.9302,0.3726,-0.1079,17.542,19.893,-12.29,nornal
117530,0.9531,0.3735,-0.1582,20.618,9.176,-11.359,nornal
117550,1.0083,0.3779,-0.2119,19.733,-4.344,-7.29,nornal
117570,1.0105,0.3271,-0.1335,13.405,-16.863,-0.611,nornal
117590,0.8816,0.2817,0.1138,-0.824,-9.076,4.031,nornal
117610,0.9175,0.3335,-0.1338,-18.763,-0.588,9.695,nornal
117630,0.9236,0.3899,-0.1035,-25.374,-8.664,12.344,nornal
117650,0.9824,0.4031,-0.1626,-19.481,-19.832,14.916,nornal
117670,0.9341,0.3655,-0.0886,-14.351,-29.977,15.58,nornal
117690,0.9033,0.2847,-0.0718,-14.908,-26.313,18.565,nornal
117710,0.9263,0.2507,-0.1003,-17.832,-22.275,22.87,nornal
117730,0.9558,0.2876,-0.1042,-23.351,-23.13,24.359,nornal
117750,0.9885,0.3328,-0.1067,-29.763,-26.351,21.008,nornal
117770,0.9617,0.342,-0.1008,-37.366,-29.962,18.672,nornal
117790,0.9487,0.3435,-0.105,-40.244,-31.382,18.687,nornal
117810,0.9761,0.344,-0.1382,-39.756,-38.389,20.221,nornal
117830,0.9871,0.3401,-0.1536,-37.168,-44.901,23.298,nornal
117850,0.9941,0.3064,-0.1641,-36.748,-45.885,28.794,nornal
117870,1.0039,0.3042,-0.1682,-39.145,-45.458,34.756,nornal
117890,0.9861,0.2915,-0.1741,-41.542,-42.046,37.076,nornal
117910,0.9446,0.2715,-0.1667,-42.084,-36.634,35.214,nornal
117930,0.8896,0.2825,-0.1667,-42.389,-32.672,29.733,nornal
117950,0.8823,0.2844,-0.178,-41.466,-30.809,21.924,nornal
117970,0.8694,0.2861,-0.1628,-41.649,-26.26,13.26,nornal
117990,0.8684,0.2844,-0.1736,-40.641,-19.756,5.427,nornal
118010,0.8752,0.2693,-0.2317,-35.947,-14.855,0.954,nornal
118030,0.9133,0.2336,-0.217,-30.603,-1.817,0.786,nornal
118050,0.9182,0.2417,-0.2244,-24.359,-1.985,-1.588,nornal
118070,0.8945,0.2141,-0.2405,-20.038,4.26,-3.84,nornal
118090,0.9265,0.2227,-0.2852,-19.267,8.534,-2.779,nornal
118110,0.9719,0.2244,-0.3342,-17.565,4.901,-4.344,nornal
118130,1.0039,0.2244,-0.3538,-14.817,2.191,-6.634,nornal
118150,1.0044,0.2322,-0.3308,-16.176,2.527,-7.221,nornal
118170,1.0378,0.2241,-0.304,-22.252,-0.344,-7.359,nornal
118190,1.0732,0.2222,-0.2703,-28.069,-5.298,-8.756,nornal
118210,1.0796,0.2278,-0.2886,-27.809,-10.023,-11.183,nornal
118230,1.0557,0.1919,-0.3542,-27.137,-16.427,-9.313,nornal
118250,1.0234,0.1565,-0.3706,-27.931,-18.756,-3.893,nornal
118270,0.9895,0.1248,-0.4167,-31.42,-19.221,3.153,nornal
118290,1.3066,0.4138,-0.4343,-39.824,-30.954,0.397,nornal
118310,1.1689,0.2278,-0.2214,-27.366,-28.389,-4.26,nornal
118330,0.9966,0.4224,-0.2671,-23.489,-17.206,2.542,nornal
118350,0.9622,0.5322,-0.2729,-14.137,-14.817,6.496,nornal
118370,0.863,0.5039,-0.1938,2.473,-7.336,11.954,nornal
118390,0.7795,0.4373,-0.1685,16.779,10.977,16.458,nornal
118410,0.7646,0.3516,-0.1287,29.061,21.321,18.702,nornal
118430,0.7898,0.2239,-0.0298,27.481,20.588,15.87,nornal
118450,0.9441,0.2017,-0.019,10.718,17.412,1.969,nornal
118470,1.0684,0.2559,-0.04,-0.313,4.244,-18.748,nornal
118491,1.0334,0.313,-0.1018,-6.328,-1.916,-24.58,nornal
118511,0.9868,0.3572,-0.0969,-9.405,6.55,-14.458,nornal
118531,0.967,0.353,-0.1648,-5.634,16.557,1.847,nornal
118551,0.9553,0.3203,-0.1843,-1.817,19.679,14.42,nornal
118571,0.8938,0.321,-0.1506,0.282,16.84,17.26,nornal
118591,0.8625,0.2983,-0.1223,1.031,20.779,14.924,nornal
118611,0.8865,0.3047,-0.1504,4.069,22.809,11.481,nornal
118631,0.8818,0.3022,-0.115,9.191,21.45,2.878,nornal
118651,0.9075,0.2581,-0.1279,11.878,21.687,-5.015,nornal
118671,0.9492,0.2249,-0.1118,10.588,20.786,-8.26,nornal
118691,0.9692,0.2378,-0.1526,7.305,16.046,-8.443,nornal
118711,0.946,0.2236,-0.1667,5.359,11.817,-5.519,nornal
118731,0.9321,0.2222,-0.1743,4.748,14.122,-1.122,nornal
118751,0.9399,0.2163,-0.1628,4.473,17.366,2.924,nornal
118771,0.9634,0.2036,-0.1553,3.588,13.748,3.969,nornal
118791,0.991,0.189,-0.1616,3.779,11.527,2.237,nornal
118811,1.0212,0.1736,-0.1489,8.267,8.664,1.588,nornal
118831,1.0144,0.1646,-0.1223,14.305,8.359,0.489,nornal
118851,1.0283,0.1902,-0.1377,19.763,13.176,-0.282,nornal
118871,1.0471,0.2178,-0.1426,21.618,14.008,-1.275,nornal
118891,1.0591,0.1746,-0.0859,20.275,12.336,-4.237,nornal
118911,1.0635,0.1299,-0.116,10.038,11.679,-8.565,nornal
118931,1.0227,0.136,-0.1694,-0.023,14.183,-9.29,nornal
118951,0.9651,0.1492,-0.1362,2.824,22.397,-4.267,nornal
118971,1.106,0.3091,-0.2703,10.695,21.733,-3.198,nornal
118991,1.0564,0.2065,-0.073,10.687,19.603,5.382,nornal
119011,1.0928,0.2192,0.0017,0.802,26.0,12.42,nornal
119031,1.1606,0.2693,0.0005,-18.153,16.435,16.45,nornal
119051,1.1313,0.3508,0.0293,-29.008,6.763,19.359,nornal
119071,1.0488,0.4475,0.0181,-32.099,-3.679,21.382,nornal
119091,0.9595,0.4592,-0.0232,-26.74,-13.145,22.496,nornal
119111,0.8464,0.4529,-0.093,-11.885,-18.427,24.618,nornal
119131,0.8442,0.4392,-0.1411,0.0,-30.435,21.901,nornal
119151,0.9055,0.3257,-0.1006,2.069,-31.427,14.84,nornal
119171,0.9688,0.2444,-0.0955,-8.229,-25.061,9.389,nornal
119191,1.0356,0.2668,-0.0684,-19.29,-18.275,5.26,nornal
119211,1.0566,0.3149,-0.0803,-21.282,-14.855,1.573,nornal
119231,1.0073,0.343,-0.1008,-17.756,-12.565,0.252,nornal
119251,0.9673,0.3232,-0.124,-15.588,-14.122,0.969,nornal
119271,0.9402,0.3008,-0.1221,-16.198,-15.733,2.725,nornal
119291,0.9124,0.2964,-0.1467,-16.267,-14.137,5.191,nornal
119311,0.8818,0.3013,-0.1641,-14.344,-11.893,5.595,nornal
119331,0.8516,0.2944,-0.156,-11.374,-9.282,3.908,nornal
119371,0.8782,0.2415,-0.1914,-6.397,-4.725,-5.336,nornal
119391,0.9177,0.2329,-0.1948,-1.771,-6.733,-9.16,nornal
119411,0.97,0.2368,-0.2139,1.481,-6.122,-7.198,nornal
119431,0.9878,0.2566,-0.2122,2.107,-1.374,-1.366,nornal
119451,0.9819,0.2556,-0.2124,-0.237,3.29,3.015,nornal
119471,0.979,0.2368,-0.2209,-1.992,5.55,4.458,nornal
119491,0.9602,0.2214,-0.2141,-0.863,4.641,1.84,nornal
119511,0.9487,0.2202,-0.2297,0.397,4.519,-1.832,nornal
119531,0.9565,0.2249,-0.2595,1.16,3.313,-5.221,nornal
119551,0.9746,0.2571,-0.2668,1.458,0.618,-7.328,nornal
119691,0.9275,0.137,-0.2764,3.115,11.672,5.809,nornal
119711,1.0054,0.1782,-0.281,0.58,10.244,6.992,nornal
119731,1.22,0.2053,-0.231,-8.466,-4.527,-3.634,nornal
119751,1.1526,0.2781,-0.2185,-18.481,-6.756,-7.443,nornal
119771,1.0129,0.2917,-0.1799,-22.45,-9.511,-1.626,nornal
119791,0.9871,0.2249,-0.1174,-23.534,-1.473,3.122,nornal
119811,1.0469,0.2471,-0.072,-30.458,3.122,5.565,nornal
119831,0.9634,0.2437,-0.0337,-42.794,1.649,6.023,nornal
119871,0.8313,0.2227,-0.0735,-63.641,10.099,5.519,nornal
119891,0.8713,0.2456,-0.0217,-71.977,2.595,-1.756,nornal
119931,0.9817,0.3811,0.0393,-65.191,-3.687,-18.382,nornal
119951,0.9641,0.3655,0.0396,-56.702,-0.206,-16.687,nornal
119971,0.9792,0.3442,0.009,-52.687,5.466,-12.397,nornal
119991,0.9937,0.3384,-0.002,-52.115,9.405,-9.664,nornal
120011,0.9763,0.364,-0.0188,-48.023,8.618,-7.168,nornal
120031,0.9609,0.3506,-0.0403,-43.725,6.588,-4.145,nornal
120051,0.9478,0.3247,-0.0388,-37.985,10.557,-0.794,nornal
120071,0.9607,0.3,-0.0413,-34.931,18.038,3.588,nornal
120111,0.9875,0.2319,-0.0186,-34.725,23.099,3.42,nornal
120131,0.9785,0.208,-0.0208,-38.557,18.313,-1.382,nornal
120151,0.9824,0.1914,-0.0259,-43.504,14.191,-6.221,nornal
120171,0.9973,0.2141,-0.0352,-47.237,9.947,-9.122,nornal
120231,1.0195,0.2812,-0.0493,-50.191,-7.748,-7.397,nornal
120271,0.9744,0.2971,-0.0642,-46.183,-17.298,-1.565,nornal
120291,0.9922,0.2649,-0.0637,-41.847,-18.351,0.771,nornal
120311,0.9846,0.2507,-0.0601,-36.473,-15.916,1.496,nornal
120331,0.9856,0.2402,-0.0659,-36.229,-16.244,0.824,nornal
120351,0.9841,0.2183,-0.0627,-33.916,-13.901,-0.321,nornal
120371,0.9751,0.2153,-0.0864,-31.603,-15.275,-1.237,nornal
120391,0.9763,0.2021,-0.0854,-27.511,-14.58,-1.29,nornal
120451,0.9954,0.1658,-0.0647,-14.679,-10.359,4.076,nornal
120471,0.9978,0.1631,-0.0393,-11.954,-7.458,6.382,nornal
120492,0.9958,0.1694,-0.0073,-10.504,-4.611,7.771,nornal
120512,0.9937,0.2231,0.0186,-7.389,-3.412,10.008,nornal
120532,0.9724,0.2395,0.0315,-4.237,0.244,14.802,nornal
120552,0.9663,0.2375,0.0098,-3.641,4.893,22.023,nornal
120572,0.9792,0.2083,0.0103,-6.527,8.71,27.252,nornal
120592,1.0574,0.1636,-0.0449,-10.954,7.565,28.359,nornal
120612,1.166,0.187,-0.0303,-15.74,-2.863,23.794,nornal
120652,1.071,0.2651,-0.0054,-28.023,-17.427,14.237,nornal
120672,0.9856,0.2834,-0.0256,-27.389,-12.626,13.504,nornal
120692,0.9575,0.2871,-0.0325,-29.015,-15.031,12.275,nornal
120712,0.9248,0.3096,-0.052,-32.901,-24.779,10.282,nornal
120732,0.8772,0.3372,-0.0715,-33.443,-33.855,8.595,nornal
120752,0.8782,0.3538,-0.1072,-30.847,-36.16,7.847,nornal
120772,0.9253,0.3481,-0.1343,-27.145,-35.511,7.786,nornal
120832,1.1121,0.241,-0.1653,-34.954,-20.908,9.435,nornal
120852,1.0674,0.2368,-0.1533,-45.458,-23.84,7.641,nornal
120872,0.9915,0.241,-0.1746,-51.87,-23.252,6.947,nornal
120892,0.9646,0.2217,-0.1914,-53.878,-23.374,5.557,nornal
120912,0.9524,0.2134,-0.2053,-55.023,-24.55,4.84,nornal
120932,0.9492,0.2363,-0.2048,-56.74,-24.71,5.053,nornal
120952,0.9351,0.2319,-0.178,-60.267,-26.176,5.038,nornal
120972,0.9268,0.21,-0.1636,-60.298,-22.557,3.397,nornal
120992,0.9211,0.1941,-0.1851,-57.908,-15.458,1.275,nornal
121012,0.9365,0.1965,-0.1833,-56.763,-12.115,-1.443,nornal
121032,0.9705,0.1853,-0.1882,-55.74,-12.611,-3.145,nornal
121052,0.96,0.1802,-0.1843,-56.183,-9.481,-3.55,nornal
121072,0.9397,0.1755,-0.2063,-58.565,-6.893,-2.977,nornal
121092,0.9419,0.1643,-0.2297,-60.359,-3.992,-3.015,nornal
121112,0.9404,0.1558,-0.2285,-61.733,-1.733,-3.916,nornal
121132,0.9316,0.1494,-0.2446,-62.0,-0.076,-3.817,nornal
121152,0.9595,0.1511,-0.239,-60.183,-2.542,-3.382,nornal
121172,1.0039,0.1731,-0.179,-57.275,-3.321,-5.267,nornal
121192,1.0266,0.1958,-0.1675,-57.771,-2.031,-5.405,nornal
121212,1.033,0.2126,-0.2148,-57.198,-1.771,-1.458,nornal
121232,1.0369,0.22,-0.26,-54.84,-5.145,0.878,nornal
121252,1.0054,0.1992,-0.2717,-50.305,-7.969,2.313,nornal
121272,0.9802,0.1628,-0.2739,-47.221,-6.527,3.29,nornal
121332,1.2139,0.2769,-0.2568,-58.122,-30.847,-10.588,nornal
121352,1.2773,0.2832,-0.2141,-59.344,-32.168,-23.008,nornal
121372,1.1292,0.3833,-0.1658,-62.229,-39.13,-22.954,nornal
121392,0.9194,0.3501,-0.0872,-53.985,-36.725,-15.565,nornal
121412,0.8425,0.3274,-0.1057,-47.183,-32.565,-6.771,nornal
121612,0.9741,0.2439,-0.1123,-51.29,0.26,1.588,nornal
121632,0.9548,0.2815,-0.127,-51.908,-2.893,-0.313,nornal
121652,0.9307,0.3093,-0.124,-49.954,-2.985,1.244,nornal
121672,0.9421,0.3088,-0.0652,-48.183,4.809,3.229,nornal
121692,0.9812,0.3081,-0.0562,-45.305,10.298,4.389,nornal
121712,0.9895,0.3003,-0.0483,-37.229,12.015,6.031,nornal
121852,0.9619,0.2615,-0.1194,-34.122,1.42,-4.489,nornal
121872,0.9634,0.2815,-0.1335,-27.466,1.206,-4.779,nornal
122012,0.9861,0.2244,-0.0454,6.389,10.504,-5.214,nornal
122032,1.0156,0.1799,-0.0312,8.527,13.55,-2.115,nornal
122052,1.0024,0.1562,-0.0237,5.733,17.168,2.702,nornal
122092,1.0723,0.1382,-0.0942,9.908,16.969,9.443,nornal
122112,1.1316,0.1113,-0.0132,17.076,12.748,6.771,nornal
122132,1.1765,0.1279,-0.0898,15.481,12.038,3.573,nornal
122152,1.0867,0.0774,-0.0354,6.489,16.099,9.565,nornal
122172,1.1125,0.0747,-0.0564,-4.336,22.626,15.481,nornal
122513,0.8608,0.1997,-0.1526,2.008,-18.214,-3.221,nornal
122893,0.999,0.5127,-0.2866,21.824,-0.038,-9.557,nornal
123853,0.8237,0.196,-0.1685,-13.565,-6.137,-10.557,nornal
123873,0.8472,0.1689,-0.179,-6.74,-3.55,-15.023,nornal
128035,0.9109,0.1753,-0.2402,-3.641,-1.962,3.519,nornal
130456,0.9253,0.1821,-0.0469,-101.855,-21.84,19.344,nornal
130517,0.9475,0.1675,-0.1318,-105.122,-13.359,-1.534,nornal
130537,0.9482,0.2124,-0.1052,-104.321,-12.55,-0.824,nornal
130557,0.9519,0.2305,-0.1462,-100.878,-11.71,2.771,nornal
130577,0.948,0.2546,-0.1465,-98.756,-8.931,7.244,nornal
130617,0.9189,0.1448,-0.1604,-89.557,-6.084,9.71,nornal
130637,0.9609,0.1458,-0.1868,-87.466,-5.626,9.244,nornal
130657,1.009,0.1926,-0.1626,-87.015,-6.122,5.29,nornal
130677,1.0625,0.218,-0.1914,-80.611,-11.313,0.656,nornal
130697,1.0835,0.2473,-0.1909,-75.885,-19.687,-1.695,nornal
130717,1.0891,0.2734,-0.2024,-75.229,-28.237,0.092,nornal
130737,1.1274,0.2522,-0.2749,-71.725,-39.099,3.244,nornal
130757,1.123,0.1711,-0.3005,-64.977,-44.84,7.237,nornal
130777,1.0269,0.0645,-0.2959,-64.359,-40.115,16.603,nornal
130797,1.0417,0.03,-0.3181,-70.962,-37.725,26.084,nornal
130817,1.147,-0.0596,-0.0164,-90.557,-41.359,11.87,nornal
130837,1.2061,0.2002,-0.0276,-112.954,-33.786,0.122,nornal
131157,0.9021,0.1946,-0.0647,-87.779,-0.962,16.748,nornal
131177,0.9343,0.1763,-0.05,-84.939,-7.794,11.137,nornal
131197,1.0432,0.1577,-0.0554,-85.031,-17.939,1.496,nornal
131217,1.0989,0.1357,-0.0574,-88.443,-23.908,-7.603,nornal
131237,0.9712,0.1548,-0.0764,-95.908,-20.969,-7.26,nornal
131257,0.9468,0.1936,-0.0854,-101.458,-17.389,-4.863,nornal
131277,0.97,0.2234,-0.0583,-99.328,-12.992,-4.832,nornal
131317,0.9338,0.2668,-0.0151,-88.733,-6.947,-8.389,nornal
131377,0.9832,0.3032,-0.0144,-51.153,-2.29,-11.847,nornal
131457,1.075,0.2195,-0.094,-33.405,-6.069,-2.565,nornal
131477,1.0676,0.2019,-0.1177,-29.55,-2.237,0.924,nornal
131497,1.0461,0.1165,-0.0017,-21.992,4.115,3.954,nornal
131517,1.1467,0.1831,-0.0566,-19.893,6.099,1.267,nornal
131537,1.1411,0.186,0.1177,-26.099,1.015,6.718,nornal
131557,1.208,0.2507,-0.0044,-42.42,-7.092,15.763,nornal
131597,1.1221,0.3335,0.0188,-55.16,-21.313,25.618,nornal
131617,0.9866,0.312,0.0461,-59.947,-29.053,24.489,nornal
131637,0.8423,0.3442,0.0256,-62.618,-37.382,24.473,nornal
131657,0.7756,0.4026,-0.0273,-58.489,-49.382,22.244,nornal
131677,0.8135,0.4114,-0.0276,-50.809,-59.206,14.588,nornal
131697,0.8757,0.3508,-0.0161,-50.198,-59.718,7.405,nornal
131717,0.9258,0.2937,-0.0173,-57.802,-49.313,6.206,nornal
131737,0.9814,0.3145,-0.0227,-61.45,-36.718,8.679,nornal
131757,1.0671,0.3354,-0.063,-55.634,-29.809,9.198,nornal
131777,1.0645,0.3245,-0.0574,-49.435,-32.443,8.565,nornal
131797,1.0122,0.2866,-0.0945,-50.015,-33.122,12.443,nornal
131817,0.9697,0.25,-0.1062,-55.069,-34.237,17.198,nornal
131837,0.9683,0.2429,-0.1343,-62.71,-29.992,21.374,nornal
131857,0.9387,0.2231,-0.1323,-69.84,-29.824,22.137,nornal
131877,0.9211,0.1912,-0.1416,-73.565,-31.382,19.771,nornal
131897,0.8833,0.1599,-0.137,-74.779,-32.847,14.908,nornal
131957,0.917,0.2085,-0.1116,-67.824,-7.641,10.298,nornal
131997,0.9138,0.1689,-0.2522,-61.206,-6.756,11.061,nornal
132017,0.8835,0.1692,-0.24,-60.191,-0.16,11.229,nornal
132037,0.8721,0.165,-0.2249,-56.13,5.336,8.901,nornal
132057,0.9143,0.1724,-0.2417,-52.573,6.679,5.305,nornal
132077,0.9736,0.1501,-0.2822,-50.908,2.099,3.313,nornal
132097,1.0569,0.2,-0.2769,-48.427,-3.565,-0.16,nornal
132117,1.0874,0.2498,-0.2537,-47.939,-9.443,-4.099,nornal
132137,1.0894,0.2761,-0.2449,-49.458,-15.214,-6.031,nornal
132157,1.113,0.291,-0.2114,-51.641,-20.252,-6.046,nornal
132177,1.105,0.2915,-0.1931,-51.473,-23.779,-7.275,nornal
132197,1.0344,0.2361,-0.2705,-44.382,-23.725,-6.939,nornal
132217,1.3245,0.4285,-0.4192,-34.344,-35.427,-12.718,nornal
132237,1.3188,0.2063,-0.1008,-20.924,-41.565,-24.427,nornal
132257,1.0806,0.4253,-0.2158,-19.328,-28.198,-10.817,nornal
132277,0.9529,0.4458,-0.2878,-14.45,-19.718,0.16,nornal
132297,0.8601,0.3865,-0.2607,-5.695,-9.351,9.496,nornal
132317,0.7043,0.3945,-0.1233,0.588,16.053,16.412,nornal
132337,0.7358,0.3425,-0.1128,1.191,22.107,14.969,nornal
132357,0.8479,0.2502,-0.0222,-3.122,14.412,5.824,nornal
132738,0.9875,0.2031,-0.1021,-1.542,17.443,-7.153,nornal
132798,1.0471,0.2488,-0.1079,17.321,6.214,-11.023,nornal
132818,1.05,0.2336,-0.1047,25.664,8.87,-9.603,nornal
132918,1.155,0.1685,-0.1421,3.42,19.084,12.649,nornal
132938,1.1084,0.1868,-0.0698,-10.221,23.466,24.008,nornal
132958,1.1267,0.2214,0.0327,-17.847,24.947,31.511,nornal
132978,1.1267,0.2822,0.0793,-27.74,17.351,35.473,nornal
133018,0.9001,0.4941,0.0095,-37.779,-5.397,29.489,nornal
133038,0.8738,0.5623,-0.1023,-22.779,-19.733,22.267,nornal
133058,0.9685,0.533,-0.1553,-5.382,-31.137,11.969,nornal
133078,1.0146,0.4336,-0.1604,1.252,-36.947,6.252,nornal
133118,1.0684,0.2781,-0.1199,-10.13,-26.725,14.863,nornal
133138,1.0471,0.2893,-0.0828,-13.443,-33.031,21.763,nornal
133158,0.9128,0.2771,-0.0815,-15.115,-41.153,23.427,nornal
133178,0.8518,0.2358,-0.1331,-16.496,-37.786,24.519,nornal
133258,0.8501,0.2197,-0.2188,-7.992,-18.992,4.527,nornal
133278,0.8245,0.1904,-0.219,-5.214,-13.13,-1.733,nornal
133338,0.873,0.1252,-0.2766,11.076,7.733,-5.16,nornal
133358,0.8831,0.146,-0.2781,12.725,19.855,-2.359,nornal
133378,0.9331,0.1504,-0.2917,14.771,29.427,-0.107,nornal
133458,1.1104,0.1919,-0.2996,-9.794,12.076,-23.099,nornal
133478,1.1494,0.2969,-0.3091,-21.046,-2.656,-27.855,nornal
133498,1.1125,0.363,-0.3831,-18.229,-13.183,-28.748,nornal
133558,1.3728,0.2837,-0.345,16.634,-26.588,-25.489,nornal
133598,0.9233,0.4971,-0.2393,25.282,3.725,-9.939,nornal
133638,0.8081,0.4536,-0.1028,44.832,28.229,-6.153,nornal
133738,0.9246,0.2991,-0.1516,15.214,2.298,-21.718,nornal
133798,0.9424,0.2825,-0.125,25.137,30.733,10.496,nornal
133818,0.9072,0.2559,-0.1143,29.641,31.0,12.099,nornal
133838,0.8894,0.2549,-0.1565,34.481,30.702,11.328,nornal
133878,0.8767,0.209,-0.1233,37.733,30.565,0.107,nornal
133898,0.9043,0.1833,-0.1365,33.74,26.382,-8.076,nornal
133918,0.9375,0.168,-0.1575,31.618,19.489,-10.74,nornal
134138,1.1196,0.1052,-0.1169,24.58,28.107,-11.321,nornal
134198,1.1584,0.3611,-0.4062,23.427,40.878,1.198,nornal
134238,1.1365,0.1851,0.0444,6.16,32.229,19.847,nornal
134298,0.9358,0.4905,0.0786,-34.969,9.16,34.802,nornal
134378,0.9165,0.3965,-0.0657,24.191,-12.473,5.107,nornal
134398,1.0278,0.2664,-0.1128,13.74,-6.061,8.107,nornal
134418,1.0791,0.228,-0.0649,3.656,-14.45,12.771,nornal
134438,1.001,0.2747,-0.0845,-2.55,-24.573,14.076,nornal
134499,0.7996,0.259,-0.126,7.115,-11.954,3.924,nornal
134579,0.8533,0.2051,-0.178,21.061,0.466,-10.473,nornal
134639,0.9167,0.231,-0.2737,37.282,14.557,-12.137,nornal
134679,1.0051,0.1907,-0.3245,43.786,25.74,-4.924,nornal
134699,1.0693,0.1821,-0.3394,39.55,17.817,-3.664,nornal
134719,1.0842,0.1121,-0.2344,31.939,10.397,-10.031,nornal
134739,1.1082,0.1145,-0.2544,20.031,12.611,-15.794,nornal
134759,1.2817,0.2546,-0.4209,10.252,-5.092,-23.992,nornal
134779,1.532,0.5188,-0.2576,11.817,-29.229,-43.244,nornal
134819,1.1443,0.4282,-0.3787,43.061,-12.153,-34.061,nornal
134879,0.5042,0.2688,-0.1174,49.618,35.168,44.321,nornal
134939,1.0027,0.321,0.1042,36.427,16.298,-44.557,nornal
135019,0.9402,0.2693,-0.0762,35.305,22.481,-8.336,nornal
135079,0.8738,0.3828,-0.0532,24.992,52.733,22.435,nornal
135099,0.8726,0.3618,-0.0798,38.786,48.634,18.389,nornal
135119,0.8738,0.2874,-0.0916,52.962,41.618,5.282,nornal
135139,0.9204,0.1885,-0.1108,60.786,31.534,-10.779,nornal
135179,0.9653,0.1372,-0.1526,51.939,14.328,-14.725,nornal
135199,0.9929,0.1125,-0.1335,37.908,2.947,-9.412,nornal
135219,0.9827,0.1155,-0.1145,26.748,4.802,-5.168,nornal
135279,1.0454,0.2346,-0.1169,28.672,13.969,-15.221,nornal
135319,0.989,0.2354,-0.144,44.58,22.626,-15.168,nornal
135359,1.0305,0.1133,-0.0989,40.351,21.305,-12.0,nornal
135419,1.0593,0.3262,-0.0142,34.031,27.809,16.397,nornal
135439,1.1277,0.2644,-0.0725,15.359,30.969,27.435,nornal
135479,1.0618,0.3477,0.0601,-17.939,21.443,41.099,nornal
135499,0.928,0.4275,0.0525,-22.366,9.412,45.031,nornal
135519,0.8506,0.552,-0.0735,-4.206,-6.565,40.435,nornal
135539,0.9426,0.5974,-0.1641,22.756,-24.344,25.389,nornal
135559,1.0042,0.5837,-0.1667,46.931,-31.26,7.885,nornal
135599,1.0691,0.4177,-0.1018,48.221,-7.26,7.275,nornal
135619,1.0876,0.3469,-0.1602,33.748,-4.649,15.389,nornal
135639,1.0015,0.2861,-0.1016,19.168,-9.275,18.344,nornal
135659,0.8726,0.2339,-0.1169,12.855,-15.855,10.756,nornal
135679,0.823,0.2478,-0.1465,13.344,-16.679,2.221,nornal
135699,0.7986,0.2451,-0.1633,17.664,-10.649,-7.061,nornal
135719,0.7981,0.2427,-0.1743,21.252,-3.855,-13.26,nornal
135739,0.8052,0.2405,-0.1921,27.13,3.099,-14.328,nornal
135759,0.8281,0.2595,-0.175,29.466,7.489,-14.87,nornal
135779,0.8328,0.2371,-0.2219,37.435,11.817,-15.763,nornal
135799,0.8489,0.2478,-0.2439,42.809,12.137,-17.405,nornal
135819,0.8623,0.2534,-0.2727,48.397,13.214,-15.405,nornal
135839,0.8547,0.2468,-0.2622,52.855,17.252,-11.053,nornal
135859,0.8982,0.2471,-0.2739,54.573,30.008,-5.313,nornal
135879,0.9709,0.2324,-0.301,53.336,37.809,-2.122,nornal
135899,1.0247,0.1711,-0.3328,49.473,36.481,-1.763,nornal
135919,1.0598,0.1028,-0.3479,40.695,25.649,-6.046,nornal
135939,1.0969,0.0588,-0.3384,28.527,13.748,-12.504,nornal
135959,1.1199,0.1084,-0.3057,13.313,7.794,-16.84,nornal
135979,1.1655,0.2488,-0.3562,0.672,-1.847,-17.542,nornal
135999,1.1096,0.3044,-0.395,3.748,-11.679,-16.802,nornal
136019,1.0256,0.2407,-0.467,14.122,-12.412,-11.061,nornal
136039,1.4019,0.5808,-0.4119,22.481,-19.687,-16.901,nornal
136059,1.2888,0.377,-0.1824,36.649,-22.038,-21.504,nornal
136079,1.1877,0.575,-0.2273,29.748,-15.55,-22.481,nornal
136099,0.9568,0.5957,-0.1775,43.153,-5.328,-19.115,nornal
136119,0.6709,0.5627,-0.1611,52.634,10.435,-5.748,nornal
136139,0.6475,0.4187,-0.042,61.855,23.145,1.58,nornal
136159,0.7683,0.3372,-0.0002,67.969,23.977,-1.679,nornal
136179,0.925,0.2778,0.0725,62.611,18.221,-19.824,nornal
136199,0.9622,0.2632,0.0396,51.931,10.672,-31.954,nornal
136219,0.9282,0.323,-0.092,43.802,11.969,-31.137,nornal
136239,0.9287,0.4072,-0.1152,45.985,19.534,-18.847,nornal
136259,0.9712,0.3831,-0.1011,50.756,31.076,-4.206,nornal
136279,0.9844,0.3174,-0.1064,48.656,36.237,7.206,nornal
136299,0.918,0.262,-0.0859,48.069,31.191,10.656,nornal
136319,0.8838,0.283,-0.1016,45.0,35.313,9.679,nornal
136339,0.8921,0.2959,-0.1399,45.794,36.603,5.756,nornal
136359,0.9006,0.2681,-0.1711,49.931,32.298,-0.038,nornal
136379,0.8728,0.2236,-0.1926,49.58,27.183,-7.55,nornal
136399,0.8936,0.197,-0.1902,44.74,23.008,-12.198,nornal
136419,0.9436,0.1772,-0.1787,36.275,17.092,-12.55,nornal
136439,0.95,0.1577,-0.1782,28.122,11.931,-9.786,nornal
136459,0.9448,0.1577,-0.1631,22.076,10.214,-6.458,nornal
136479,0.9622,0.1584,-0.1572,18.489,10.687,-3.443,nornal
136500,0.9534,0.1807,-0.1555,15.992,7.412,-2.656,nornal
136520,0.9604,0.1912,-0.1707,14.84,9.626,0.916,nornal
136540,0.9573,0.2112,-0.1699,19.13,14.458,3.733,nornal
136560,0.9509,0.2151,-0.1506,26.565,18.962,4.076,nornal
136580,0.9934,0.198,-0.1582,35.618,21.252,2.336,nornal
136600,1.0938,0.1321,-0.0964,41.824,18.481,-4.847,nornal
136620,1.144,0.0664,-0.0957,39.252,14.542,-10.87,nornal
136640,1.1248,0.0535,-0.1335,31.947,13.802,-11.489,nornal
136660,1.1079,0.0452,-0.1343,24.557,16.244,-8.611,nornal
136680,1.0789,0.0454,-0.1331,17.893,19.557,-3.771,nornal
136700,1.061,0.1875,-0.1602,16.122,31.412,5.695,nornal
136720,1.072,0.2976,-0.0583,7.053,20.649,13.122,nornal
136740,1.1067,0.2742,-0.103,-16.351,21.672,23.359,nornal
136760,1.1428,0.2854,0.0757,-31.687,22.321,31.527,nornal
136780,1.095,0.4321,0.0703,-35.595,19.832,34.87,nornal
136800,0.9688,0.531,0.0217,-28.244,13.695,40.092,nornal
136820,0.8223,0.5403,-0.1284,-5.527,1.794,42.588,nornal
136840,0.8186,0.5249,-0.1794,16.656,-20.092,34.748,nornal
136860,0.9719,0.438,-0.1831,25.16,-28.893,18.656,nornal
136880,1.0945,0.3486,-0.2666,20.137,-27.893,10.305,nornal
136900,1.0911,0.3735,-0.1313,6.046,-20.267,13.794,nornal
136920,1.0715,0.3555,-0.1089,-1.244,-15.397,21.481,nornal
136940,1.0022,0.3127,-0.1448,-2.0,-13.733,25.771,nornal
136960,0.8567,0.2756,-0.1196,-7.267,-20.252,19.611,nornal
136980,0.8091,0.2644,-0.1987,-7.244,-18.496,13.42,nornal
137000,0.8049,0.2878,-0.2153,-4.435,-14.779,5.55,nornal
137020,0.8013,0.2947,-0.1858,4.847,-9.618,-0.435,nornal
137040,0.8105,0.2966,-0.2009,14.565,-1.802,-3.29,nornal
137060,0.8369,0.2942,-0.1729,22.282,3.282,-5.573,nornal
137080,0.865,0.2563,-0.1716,28.55,5.855,-8.084,nornal
137100,0.8887,0.2063,-0.1792,34.252,7.466,-9.733,nornal
137120,0.897,0.2061,-0.2209,40.298,11.649,-8.595,nornal
137140,0.9065,0.2405,-0.2437,44.069,16.374,-9.053,nornal
137160,0.9585,0.2427,-0.2598,43.779,26.023,-6.542,nornal
137180,0.9858,0.1826,-0.2544,40.565,30.397,-4.679,nornal
137200,0.9778,0.1318,-0.2529,38.71,34.298,-4.908,nornal
137220,0.9922,0.116,-0.2625,36.008,33.641,-9.359,nornal
137240,1.0132,0.1289,-0.2666,33.107,35.534,-15.58,nornal
137260,1.0637,0.1755,-0.3369,27.282,29.84,-19.763,nornal
137280,1.0771,0.208,-0.3623,19.099,12.519,-20.191,nornal
137300,1.0664,0.1897,-0.3376,15.748,0.55,-19.687,nornal
137320,1.0869,0.1448,-0.3115,17.435,1.153,-19.122,nornal
137340,1.1064,0.0977,-0.3286,21.527,2.153,-14.763,nornal
137360,1.1914,0.3628,-0.3748,23.725,10.099,-12.885,nornal
137380,1.3906,0.3411,-0.2144,20.725,-13.687,-25.359,nornal
137400,1.0537,0.5559,-0.2598,31.664,1.275,-17.176,nornal
137420,1.0205,0.5627,-0.1504,43.45,-1.611,-19.046,nornal
137440,0.8376,0.5322,-0.1167,48.519,14.687,-6.45,nornal
137460,0.781,0.5017,-0.0679,52.26,22.237,-2.534,nornal
137480,0.7412,0.3762,0.0383,58.038,22.137,-1.282,nornal
137500,0.7874,0.3474,0.0735,61.405,17.916,-11.809,nornal
137520,0.9106,0.3628,0.0239,66.206,8.802,-30.679,nornal
137540,0.9331,0.4097,-0.0713,66.351,3.763,-37.122,nornal
137560,0.9297,0.4556,-0.1414,70.107,7.908,-28.908,nornal
137580,0.9106,0.4487,-0.1243,74.206,29.122,-13.252,nornal
137600,0.9539,0.3811,-0.0789,74.145,46.412,3.221,nornal
137620,0.9539,0.3489,-0.041,74.176,44.313,7.641,nornal
137640,0.9224,0.3481,-0.052,74.947,47.763,8.267,nornal
137660,0.8909,0.3132,-0.083,78.527,49.466,5.298,nornal
137680,0.9143,0.282,-0.1294,83.733,48.954,-1.137,nornal
137700,0.9182,0.2473,-0.1431,85.519,44.313,-9.565,nornal
137720,0.9343,0.2258,-0.1482,85.55,38.45,-13.435,nornal
137740,0.9578,0.2073,-0.1501,82.519,29.542,-11.565,nornal
137760,0.9741,0.198,-0.1509,79.13,24.443,-5.695,nornal
137780,0.9692,0.2046,-0.1213,74.931,24.389,-0.008,nornal
137800,0.981,0.218,-0.1362,72.397,26.595,4.611,nornal
137820,0.9814,0.2217,-0.1355,76.58,21.344,7.519,nornal
137840,0.9561,0.1609,-0.1338,74.26,18.046,9.107,nornal
137860,0.9414,0.1035,-0.0901,68.786,21.084,10.924,nornal
137880,0.9431,0.0583,-0.0742,60.336,25.626,11.664,nornal
137900,0.969,0.0767,-0.1067,53.168,24.985,10.145,nornal
137920,1.0061,0.1355,-0.137,49.351,22.298,5.397,nornal
137940,1.0737,0.1575,-0.1418,53.397,20.206,-1.496,nornal
137960,1.1082,0.1528,-0.1768,60.458,17.305,-6.863,nornal
137980,1.0569,0.134,-0.1997,63.473,20.878,-7.802,nornal
138000,1.0417,0.0889,-0.2449,62.656,27.595,-2.351,nornal
138020,1.0354,0.0447,-0.2375,56.855,29.916,2.0,nornal
138040,1.0159,0.0356,-0.1179,48.931,36.74,5.344,nornal
138060,1.0537,0.1926,-0.1938,35.786,43.786,6.511,nornal
138080,1.0798,0.28,-0.2312,22.832,41.466,9.183,nornal
138100,1.1672,0.2063,-0.0488,6.595,28.466,11.031,nornal
138120,1.2061,0.3103,0.0164,-6.252,16.748,10.405,nornal
138140,1.1426,0.4236,0.0569,-5.061,10.321,13.885,nornal
138160,1.0522,0.4514,0.0183,5.298,0.137,18.557,nornal
138180,0.9343,0.4343,-0.0808,20.74,-7.58,21.901,nornal
138200,0.9114,0.4189,-0.1362,31.427,-17.26,19.397,nornal
138220,0.9827,0.3616,-0.1355,34.534,-23.305,7.908,nornal
138240,1.0208,0.3433,-0.1138,23.046,-22.977,-3.489,nornal
138260,1.0183,0.3098,-0.0881,15.145,-22.611,-7.137,nornal
138280,1.0066,0.312,-0.0894,11.786,-17.0,-5.893,nornal
138300,0.9656,0.2871,-0.0608,14.145,-17.969,-7.137,nornal
138320,0.8967,0.2783,-0.1184,21.13,-20.496,-8.931,nornal
138340,0.8479,0.2925,-0.1743,33.137,-15.511,-8.504,nornal
138360,0.8293,0.3196,-0.1787,41.519,-11.969,-9.992,nornal
138380,0.8364,0.3101,-0.1707,48.641,-7.305,-11.977,nornal
138400,0.8379,0.252,-0.1416,53.298,-1.977,-14.939,nornal
138420,0.8689,0.1899,-0.1499,57.198,3.176,-18.099,nornal
138440,0.9033,0.1687,-0.1821,58.153,5.534,-21.626,nornal
138460,0.9189,0.1736,-0.2153,57.008,5.191,-23.947,nornal
138480,0.9309,0.1809,-0.2449,56.206,7.099,-21.672,nornal
138501,0.9504,0.1863,-0.282,56.023,9.55,-17.145,nornal
138521,0.9639,0.1819,-0.2905,56.267,14.863,-13.45,nornal
138541,0.9509,0.1689,-0.3037,54.168,21.679,-9.908,nornal
138561,0.9382,0.1628,-0.3596,50.305,27.374,-8.832,nornal
138581,0.969,0.1655,-0.3958,46.656,23.466,-10.015,nornal
138601,0.9924,0.1877,-0.3877,39.527,15.405,-14.542,nornal
138621,1.0286,0.2148,-0.3677,29.221,8.618,-18.969,nornal
138641,1.0605,0.2346,-0.3284,22.893,3.603,-23.45,nornal
138661,1.0583,0.2527,-0.3198,22.191,-3.695,-26.679,nornal
138681,1.0156,0.2214,-0.396,25.779,-6.183,-26.389,nornal
138701,1.0259,0.1731,-0.5691,30.817,-4.145,-19.137,nornal
138721,1.4187,0.2668,-0.3567,35.511,-32.229,-28.366,nornal
138741,1.1697,0.4133,-0.3022,44.573,-9.55,-19.122,nornal
138761,1.1084,0.5393,-0.2856,45.519,-0.672,-18.397,nornal
138781,0.8677,0.543,-0.2014,57.229,6.137,-11.718,nornal
138801,0.7317,0.5161,-0.1721,65.313,28.389,-1.267,nornal
138821,0.7444,0.4778,-0.1135,75.672,38.954,3.702,nornal
138841,0.7925,0.3857,-0.0371,79.664,34.702,-0.206,nornal
138861,0.8682,0.2986,0.0325,71.092,26.038,-13.13,nornal
138881,0.9492,0.2754,0.0078,58.855,13.763,-28.061,nornal
138901,0.9519,0.2888,-0.0959,48.878,5.908,-29.435,nornal
138921,0.9482,0.3271,-0.1533,39.496,8.595,-18.908,nornal
138941,0.9756,0.2893,-0.1531,33.084,15.061,-4.832,nornal
138961,0.9868,0.2454,-0.156,23.695,20.878,8.878,nornal
138981,0.9631,0.2471,-0.145,15.145,21.382,14.649,nornal
139001,0.9175,0.2583,-0.1145,13.046,20.26,12.672,nornal
139021,0.9163,0.2688,-0.1406,14.13,23.656,10.527,nornal
139041,0.9067,0.2751,-0.1475,16.26,22.878,7.092,nornal
139061,0.9036,0.27,-0.1631,18.359,21.504,0.885,nornal
139081,0.9097,0.2705,-0.1777,20.824,17.191,-5.634,nornal
139101,0.9194,0.2285,-0.1709,19.031,11.977,-9.099,nornal
139121,0.9456,0.1895,-0.1741,14.649,9.344,-9.534,nornal
139141,0.9553,0.1868,-0.1763,10.779,5.565,-7.275,nornal
139161,0.9558,0.2,-0.1782,8.374,7.382,-4.405,nornal
139181,0.9683,0.2056,-0.1946,8.733,12.435,-1.45,nornal
139201,0.9751,0.186,-0.1921,6.573,17.275,0.298,nornal
139221,0.9822,0.1951,-0.167,4.977,20.0,3.687,nornal
139241,0.9663,0.1895,-0.1587,5.924,19.618,6.137,nornal
139261,0.9546,0.1477,-0.146,6.45,20.115,7.977,nornal
139281,0.9785,0.1096,-0.1426,6.107,20.916,6.252,nornal
139301,1.0127,0.0808,-0.1226,4.84,21.718,2.908,nornal
139321,1.0549,0.0623,-0.1416,2.611,21.45,-0.885,nornal
139341,1.0764,0.0703,-0.1323,-1.191,20.748,-3.809,nornal
139361,1.1997,0.217,-0.1453,-10.206,17.366,-3.374,nornal
139381,1.1677,0.2966,-0.1284,-24.397,2.588,2.733,nornal
139401,1.1602,0.3276,-0.0601,-38.16,8.969,12.863,nornal
139421,1.1707,0.3667,0.0107,-46.74,12.542,19.672,nornal
139441,1.0671,0.3936,0.0315,-46.183,15.115,27.412,nornal
139461,0.9709,0.4089,0.012,-44.679,5.229,30.977,nornal
139481,0.8718,0.3806,-0.0386,-36.763,-8.252,32.0,nornal
139501,0.7803,0.3308,-0.1243,-26.542,-14.855,29.84,nornal
139521,0.8169,0.2861,-0.1333,-29.252,-23.061,20.58,nornal
139541,0.9426,0.2388,-0.0806,-47.313,-33.13,5.252,nornal
139561,1.0801,0.2461,-0.0635,-62.153,-31.366,-9.092,nornal
139581,1.1296,0.3186,-0.0859,-69.687,-33.832,-10.878,nornal
139601,1.0583,0.321,-0.1233,-69.817,-33.473,-3.237,nornal
139621,1.0249,0.2942,-0.1553,-64.053,-33.466,5.511,nornal
139641,0.99,0.2732,-0.1572,-58.168,-33.061,14.168,nornal
139661,0.9404,0.2854,-0.1306,-57.382,-36.901,16.176,nornal
139681,0.8882,0.2983,-0.1626,-57.595,-30.794,16.359,nornal
139701,0.8447,0.2876,-0.1741,-58.122,-23.771,13.435,nornal
139721,0.8606,0.2598,-0.1829,-56.137,-22.031,5.847,nornal
139741,0.8672,0.2231,-0.155,-52.947,-23.992,-3.893,nornal
139761,0.8735,0.2109,-0.1685,-48.229,-21.656,-10.519,nornal
139781,0.8926,0.2393,-0.1868,-43.473,-18.29,-11.809,nornal
139801,0.9097,0.2727,-0.1899,-40.13,-12.481,-8.855,nornal
139821,0.936,0.2747,-0.2261,-36.87,-6.786,-5.069,nornal
139841,0.9897,0.2678,-0.2476,-30.809,-10.847,-4.595,nornal
139861,0.9856,0.2627,-0.2224,-25.634,-9.344,-8.122,nornal
139881,1.0176,0.3013,-0.2419,-22.244,-1.595,-11.45,nornal
139901,1.0334,0.335,-0.2827,-20.748,1.954,-16.55,nornal
139921,1.0198,0.3296,-0.2896,-18.16,0.008,-21.885,nornal
139941,0.9834,0.3054,-0.2747,-10.534,0.198,-27.542,nornal
139961,0.9246,0.2964,-0.209,2.397,8.214,-28.519,nornal
139981,0.896,0.2783,-0.2524,7.649,14.053,-24.809,nornal
140001,0.9639,0.2629,-0.3411,11.916,5.725,-21.275,nornal
140021,1.3149,0.4536,-0.1145,19.305,-5.244,-33.954,nornal
140041,1.1116,0.5757,-0.1096,22.092,-5.908,-35.366,nornal
140061,0.8533,0.573,-0.1819,38.74,6.641,-20.695,nornal
140081,0.7627,0.4565,-0.2136,53.748,16.092,-3.878,nornal
140101,0.751,0.436,-0.1631,65.511,26.008,4.473,nornal
140121,0.7866,0.4429,-0.0801,74.573,29.817,1.939,nornal
140141,0.9121,0.3518,-0.1543,86.489,22.756,-8.198,nornal
140161,0.949,0.3035,-0.1616,92.427,19.656,-16.527,nornal
140181,0.9377,0.2749,-0.0601,89.42,26.672,-16.756,nornal
140201,1.0159,0.2339,-0.1167,79.092,29.771,-10.107,nornal
140221,1.032,0.2361,-0.1436,56.885,27.275,-5.916,nornal
140241,0.9849,0.2595,-0.1638,33.954,23.244,-1.603,nornal
140261,0.9285,0.3296,-0.189,20.87,19.977,-2.71,nornal
140281,0.9683,0.3452,-0.2278,25.779,18.092,-3.779,nornal
140301,0.9265,0.3142,-0.2214,29.939,13.496,-2.046,nornal
140321,0.8772,0.2427,-0.2217,27.527,14.908,3.298,nornal
140341,0.9211,0.187,-0.217,21.351,15.84,5.84,nornal
140361,0.9543,0.1743,-0.2021,13.542,12.641,3.809,nornal
140381,0.9436,0.178,-0.2065,3.221,8.87,0.573,nornal
140401,0.9778,0.1582,-0.1897,-3.702,8.71,-0.466,nornal
140421,0.9929,0.1565,-0.2002,-6.947,5.595,-2.183,nornal
140441,1.0005,0.1431,-0.2114,-9.603,2.053,-1.458,nornal
140461,0.9648,0.1621,-0.1985,-12.473,2.84,3.153,nornal
140481,0.9333,0.1873,-0.1787,-19.885,5.87,8.55,nornal
140502,0.9402,0.2017,-0.1599,-25.656,7.443,13.115,nornal
140522,0.9402,0.2317,-0.1501,-22.374,10.008,13.893,nornal
140542,0.9402,0.2107,-0.1394,-12.145,15.565,12.611,nornal
140562,0.9573,0.1829,-0.1199,-0.802,19.824,10.344,nornal
140582,0.9873,0.134,-0.0881,9.267,22.313,8.153,nornal
140602,1.011,0.1042,-0.0762,15.176,23.298,7.053,nornal
140622,1.0779,0.1287,-0.1077,14.084,21.71,6.221,nornal
140642,1.2029,0.2029,-0.1516,5.359,15.466,6.603,nornal
140662,1.2234,0.1689,-0.1333,-14.87,7.718,6.71,nornal
140682,1.2063,0.2043,-0.0701,-29.191,10.237,8.435,nornal
140702,1.178,0.3596,-0.1011,-32.664,16.214,8.718,nornal
140722,1.0808,0.4456,-0.1086,-24.931,19.977,10.718,nornal
140742,0.9983,0.4355,-0.1006,-14.275,14.901,11.382,nornal
140762,0.9233,0.4197,-0.1165,-8.023,8.145,14.153,nornal
140782,0.8765,0.4224,-0.1223,-7.656,2.947,15.099,nornal
140802,0.8474,0.4375,-0.145,-6.641,-0.817,14.221,nornal
140822,0.8337,0.4258,-0.2029,1.878,-3.145,13.748,nornal
140842,0.8828,0.4197,-0.207,7.359,-13.511,10.336,nornal
140862,0.9619,0.385,-0.2129,8.748,-20.817,2.321,nornal
140882,1.0583,0.3335,-0.1873,6.183,-25.313,-4.092,nornal
140902,1.0381,0.2681,-0.1931,-0.947,-24.191,-2.87,nornal
140922,1.021,0.2737,-0.2002,-10.695,-23.565,3.939,nornal
140942,0.9338,0.283,-0.1914,-14.344,-26.153,9.069,nornal
140962,0.9038,0.2837,-0.2156,-12.405,-26.466,14.344,nornal
140982,0.8562,0.2598,-0.2317,-10.13,-24.595,15.26,nornal
141002,0.8293,0.2664,-0.2708,-6.305,-18.229,13.969,nornal
141022,0.814,0.2659,-0.2761,-1.412,-13.786,8.015,nornal
141042,0.8379,0.2693,-0.2451,0.847,-8.069,0.435,nornal
141062,0.8586,0.2571,-0.2437,3.71,-2.496,-7.702,nornal
141082,0.8757,0.2568,-0.2708,7.107,1.695,-14.672,nornal
141102,0.9038,0.2468,-0.3064,10.084,4.649,-17.847,nornal
141122,0.9165,0.2461,-0.3337,8.496,6.931,-15.496,nornal
141142,0.9419,0.2537,-0.3657,4.557,9.229,-9.733,nornal
141162,0.9722,0.2402,-0.3887,6.351,10.748,-3.947,nornal
141182,1.0063,0.2063,-0.4189,11.687,8.878,1.237,nornal
141202,1.0083,0.1616,-0.3823,12.084,3.58,2.626,nornal
141222,1.0054,0.1604,-0.3298,2.092,3.084,-0.351,nornal
141242,1.0586,0.1641,-0.3513,-11.237,1.557,-5.405,nornal
141262,1.0791,0.1887,-0.4236,-16.023,-10.389,-9.87,nornal
141282,1.0142,0.2021,-0.4375,-16.718,-17.595,-11.466,nornal
141302,0.9856,0.1726,-0.4438,-14.977,-16.0,-11.939,nornal
141322,1.2129,0.3748,-0.3657,-16.382,-25.153,-19.992,nornal
141342,1.1748,0.1777,-0.2886,-13.153,-17.786,-26.55,nornal
141362,1.0837,0.4062,-0.2917,-16.618,-10.321,-19.13,nornal
141382,1.0354,0.4912,-0.2866,-8.366,-7.817,-14.122,nornal
141402,0.8657,0.4482,-0.1797,5.832,1.664,-6.45,nornal
141422,0.8367,0.394,-0.0962,10.664,9.466,-3.557,nornal
141442,0.8547,0.29,-0.0337,6.649,0.695,-4.885,nornal
141462,0.9204,0.2539,-0.0146,-1.924,-3.298,-10.832,nornal
141482,0.9565,0.2952,-0.0659,-11.382,-7.29,-19.916,nornal
141502,0.9082,0.3184,-0.1567,-15.908,-9.26,-19.221,nornal
141522,0.8892,0.386,-0.1655,-20.664,-3.076,-9.588,nornal
141542,0.9099,0.4102,-0.0989,-26.015,6.649,-0.473,nornal
141562,0.9377,0.365,-0.0986,-27.588,10.458,6.053,nornal
141582,0.9355,0.3635,-0.1104,-27.969,12.267,7.756,nornal
141602,0.9185,0.3667,-0.1021,-23.893,15.313,6.702,nornal
141622,0.9175,0.3142,-0.1431,-18.435,19.183,6.466,nornal
141642,0.9175,0.259,-0.1592,-19.679,16.458,4.969,nornal
141662,0.9187,0.2288,-0.1455,-26.496,11.733,0.855,nornal
141682,0.9373,0.2217,-0.1543,-34.168,8.206,-2.069,nornal
141702,0.9558,0.2126,-0.1604,-40.87,4.947,-4.26,nornal
141722,0.9631,0.2188,-0.165,-49.756,-0.771,-5.794,nornal
141742,0.9468,0.2109,-0.1438,-54.878,-2.885,-3.847,nornal
141762,0.9807,0.2378,-0.1685,-55.29,-1.351,-1.221,nornal
141782,0.981,0.2769,-0.1929,-52.252,-0.74,1.328,nornal
141802,0.9702,0.2834,-0.165,-46.725,4.122,6.382,nornal
141822,0.9717,0.2708,-0.1489,-40.069,9.229,10.244,nornal
141842,0.9529,0.239,-0.1548,-36.634,9.573,13.183,nornal
141862,0.9529,0.2092,-0.1289,-33.176,9.847,14.122,nornal
141882,0.9678,0.1887,-0.092,-29.878,8.962,12.817,nornal
141902,0.9878,0.1736,-0.0693,-29.305,7.29,10.176,nornal
141922,0.9922,0.1704,-0.0537,-34.137,4.206,8.427,nornal
141942,0.967,0.1882,-0.0383,-43.412,2.695,8.031,nornal
141962,1.0139,0.3113,-0.0483,-45.618,2.473,9.305,nornal
141982,1.1575,0.3665,-0.1094,-50.893,-10.588,10.763,nornal
142002,1.168,0.3369,-0.0234,-62.603,-15.344,18.374,nornal
142022,1.1833,0.3591,-0.0007,-64.947,-13.878,21.863,nornal
142042,1.1003,0.3354,0.0271,-60.725,-9.458,24.298,nornal
142062,1.0015,0.3267,-0.011,-60.656,-13.382,23.29,nornal
142082,0.9392,0.3506,-0.0403,-61.412,-23.71,20.26,nornal
142102,0.8647,0.3247,-0.0474,-61.473,-35.412,14.687,nornal
142122,0.8438,0.2905,-0.0771,-64.542,-40.053,10.855,nornal
142142,0.8691,0.3083,-0.0977,-71.466,-43.237,10.023,nornal
142162,0.9036,0.3171,-0.0891,-81.534,-43.71,10.321,nornal
142182,0.9675,0.3098,-0.1226,-91.756,-40.382,10.435,nornal
142202,1.0754,0.3054,-0.136,-93.55,-41.634,8.183,nornal
142222,1.1111,0.3472,-0.125,-92.489,-42.336,8.168,nornal
142242,1.0391,0.3462,-0.1243,-93.924,-38.0,13.84,nornal
142262,1.0054,0.3188,-0.1243,-95.13,-33.328,20.023,nornal
142282,0.9504,0.2764,-0.0967,-97.878,-35.924,21.794,nornal
142302,0.9146,0.2439,-0.1079,-101.511,-33.885,22.802,nornal
142322,0.9089,0.2085,-0.1326,-105.565,-30.504,21.878,nornal
142342,0.9365,0.1907,-0.1431,-108.847,-30.573,18.023,nornal
142362,0.9697,0.1953,-0.123,-112.786,-30.817,14.023,nornal
142382,0.9958,0.2063,-0.1096,-117.534,-32.832,11.031,nornal
142402,1.0073,0.21,-0.093,-120.115,-34.626,9.855,nornal
142422,1.0015,0.2183,-0.1099,-120.237,-34.359,10.756,nornal
142442,0.9849,0.2288,-0.1279,-120.29,-33.855,13.137,nornal
142462,0.9812,0.2383,-0.1194,-118.87,-32.076,15.939,nornal
142482,0.9866,0.2395,-0.1133,-116.412,-27.321,17.748,nornal
142503,0.9634,0.2437,-0.0994,-113.664,-29.626,18.198,nornal
142523,0.9468,0.2615,-0.0972,-110.336,-21.198,19.145,nornal
142543,0.9189,0.2571,-0.085,-103.45,-14.481,20.466,nornal
142563,0.896,0.2776,-0.1021,-95.817,-7.695,20.908,nornal
142583,0.9011,0.2937,-0.113,-89.763,0.023,18.061,nornal
142603,0.9165,0.2964,-0.1436,-88.45,4.427,13.321,nornal
142623,0.9492,0.2559,-0.2327,-84.176,5.16,9.718,nornal
142643,1.0298,0.2649,-0.1133,-75.282,2.84,6.084,nornal
142663,1.0203,0.2776,-0.0115,-78.046,4.947,2.351,nornal
142683,1.0342,0.3186,0.0173,-75.695,5.107,-1.29,nornal
142703,1.0225,0.3105,0.0591,-82.84,2.122,-6.893,nornal
142723,1.03,0.2781,-0.0305,-88.412,-2.534,-8.565,nornal
142743,1.0186,0.2354,-0.0801,-92.16,-10.321,-8.641,nornal
142763,0.9465,0.2261,-0.0764,-94.511,-19.748,-8.832,nornal
142783,0.9404,0.2217,-0.0825,-97.427,-22.588,-5.237,nornal
142803,0.9731,0.2112,-0.0229,-102.336,-19.87,-1.023,nornal
142823,1.0154,0.1985,0.0061,-115.802,-19.519,1.565,nornal
142843,0.9849,0.2107,0.0408,-130.527,-18.336,5.061,nornal
142863,0.9734,0.2656,0.0317,-137.29,-14.817,6.26,nornal
142883,0.9636,0.2834,0.0566,-142.115,-14.748,3.611,nornal
142903,0.9897,0.2891,0.0459,-138.573,-16.221,-1.275,nornal
142923,0.9629,0.3242,0.0703,-133.206,-18.397,-6.092,nornal
142943,0.9524,0.3496,0.0498,-126.679,-18.817,-8.748,nornal
142963,0.9504,0.3657,0.0383,-121.725,-19.947,-10.573,nornal
142983,0.9521,0.3494,0.0244,-114.313,-18.267,-11.504,nornal
143003,0.9707,0.314,0.0066,-105.542,-18.74,-11.328,nornal
143023,0.9683,0.2485,0.0557,-104.779,-18.435,-11.145,nornal
143043,0.9963,0.2192,0.0525,-111.191,-16.748,-9.038,nornal
143063,1.0286,0.2107,0.0718,-116.725,-17.221,-5.794,nornal
143083,1.0269,0.2488,0.0767,-119.168,-17.527,-2.076,nornal
143103,1.0127,0.2715,0.0342,-114.87,-16.511,-0.061,nornal
143123,0.9917,0.2947,0.0237,-105.679,-17.641,1.046,nornal
143143,0.9824,0.2976,-0.0015,-95.328,-20.733,0.252,nornal
143163,0.9673,0.2786,0.0398,-86.137,-23.42,0.824,nornal
143183,0.9744,0.2598,0.0222,-78.58,-22.282,0.947,nornal
143203,0.98,0.2515,0.0486,-77.992,-25.061,-0.817,nornal
143223,0.9807,0.2458,0.0393,-71.496,-26.0,-2.527,nornal
143243,0.9878,0.241,0.0386,-67.206,-28.954,-4.74,nornal
143263,0.9783,0.2249,0.04,-64.153,-30.687,-5.802,nornal
143283,0.9888,0.2068,0.0486,-61.962,-31.847,-5.412,nornal
143303,1.0161,0.2,0.063,-59.069,-30.145,-5.42,nornal
143323,1.0146,0.208,0.0559,-54.87,-30.771,-3.412,nornal
143343,1.0076,0.2156,0.054,-51.939,-29.42,-1.229,nornal
143363,0.9868,0.2188,0.0745,-50.076,-26.031,1.198,nornal
143383,0.9768,0.208,0.072,-46.939,-22.099,2.115,nornal
143403,0.9888,0.197,0.0764,-43.023,-18.351,0.794,nornal
143423,0.9858,0.2002,0.0718,-37.588,-14.641,-1.237,nornal
143443,0.9863,0.1902,0.0513,-33.16,-11.305,-3.305,nornal
143463,0.9746,0.1797,0.052,-30.573,-7.214,-4.962,nornal
143483,0.9758,0.1833,0.05,-27.481,-2.565,-8.534,nornal
143503,0.9692,0.1851,0.0615,-23.588,2.42,-11.656,nornal
143523,0.9529,0.23,0.0266,-20.656,8.382,-10.351,nornal
143543,0.9363,0.2996,-0.021,-16.298,11.168,-7.038,nornal
143563,0.9438,0.2031,0.031,-13.893,21.191,-0.718,nornal
143583,0.9941,0.2031,0.01,-20.618,27.557,7.55,nornal
143603,1.0049,0.2205,-0.0154,-25.206,26.176,16.038,nornal
143623,1.0205,0.2644,-0.05,-23.206,21.397,23.237,nornal
143643,1.0286,0.2458,-0.0444,-15.893,9.908,24.565,nornal
143663,1.0369,0.2473,-0.0469,-14.809,-6.656,23.42,nornal
143683,1.0496,0.2698,-0.0308,-21.107,-16.947,19.763,nornal
143703,1.0669,0.2393,-0.0181,-30.405,-17.458,18.153,nornal
143723,1.0681,0.2891,-0.0769,-39.42,-17.824,17.771,nornal
143743,1.0676,0.3916,-0.1265,-48.305,-29.344,13.664,nornal
143763,1.0432,0.4375,-0.1711,-53.985,-44.389,6.916,nornal
143783,1.0088,0.4087,-0.1687,-58.977,-57.267,2.863,nornal
143803,0.9768,0.3633,-0.1531,-64.321,-62.076,3.344,nornal
143823,0.9316,0.3184,-0.1296,-68.916,-56.221,10.802,nornal
143843,0.9055,0.282,-0.103,-77.618,-43.618,19.779,nornal
143863,0.9373,0.2776,-0.1289,-80.824,-36.374,24.336,nornal
143883,0.9658,0.2812,-0.1448,-77.924,-30.046,22.893,nornal
143903,0.9751,0.2532,-0.126,-74.229,-29.473,17.267,nornal
143923,0.9683,0.2336,-0.1646,-74.962,-30.954,14.29,nornal
143943,0.9521,0.2373,-0.093,-82.656,-39.473,12.237,nornal
143963,0.9504,0.1848,-0.0559,-83.366,-40.244,12.519,nornal
143983,0.9441,0.1868,-0.0938,-78.878,-39.008,12.382,nornal
144003,0.9492,0.2119,-0.1301,-70.939,-36.176,9.595,nornal
144023,0.9277,0.2148,-0.1543,-61.977,-30.229,7.718,nornal
144043,0.9438,0.2253,-0.1873,-51.931,-26.893,6.29,nornal
144063,0.9785,0.2083,-0.2036,-41.145,-22.405,4.244,nornal
144083,0.9863,0.1772,-0.1919,-35.031,-18.687,2.832,nornal
144103,0.969,0.157,-0.196,-32.519,-13.511,4.168,nornal
144123,0.9614,0.1582,-0.2351,-32.489,-8.794,4.313,nornal
144143,0.9495,0.1936,-0.2334,-35.878,-4.626,1.977,nornal
144163,0.9109,0.1992,-0.2378,-32.924,-0.824,-2.183,nornal
144183,0.905,0.1938,-0.2844,-27.931,0.29,-5.687,nornal
144203,0.8794,0.2065,-0.3005,-20.58,4.267,-9.191,nornal
144223,0.9712,0.1887,-0.3352,-13.588,9.695,-8.718,nornal
144243,0.968,0.1897,-0.3633,-8.16,3.214,-14.863,nornal
144263,0.9922,0.1763,-0.365,-6.908,7.412,-15.511,nornal
144283,1.0364,0.1475,-0.3364,-9.695,11.565,-15.542,nornal
144303,1.0911,0.1533,-0.3318,-15.061,7.16,-17.229,nornal
144323,1.0952,0.1824,-0.3113,-23.542,0.344,-18.511,nornal
144343,1.0776,0.2065,-0.3069,-30.649,-7.008,-18.061,nornal
144363,1.0264,0.2339,-0.3225,-36.702,-9.916,-17.412,nornal
144383,1.0278,0.3345,-0.3799,-36.084,-7.466,-16.695,nornal
144403,1.1965,0.4915,-0.2966,-34.55,-20.023,-23.863,nornal
144423,1.0205,0.4385,-0.3184,-18.55,-14.206,-19.656,nornal
144443,1.0229,0.5383,-0.303,-9.901,-12.58,-15.366,nornal
144463,0.9983,0.4929,-0.1797,1.405,-11.519,-15.511,nornal
144483,0.8533,0.4749,-0.116,15.687,2.382,-11.298,nornal
144504,0.7385,0.4548,-0.1238,26.802,19.893,-2.832,nornal
144524,0.7473,0.4348,-0.0876,29.618,27.008,-0.031,nornal
144544,0.8743,0.3323,-0.073,30.947,24.206,-6.252,nornal
144564,0.9314,0.2595,0.0942,30.84,13.023,-19.046,nornal
144584,0.9651,0.2639,0.0244,21.573,-1.366,-29.214,nornal
144604,0.926,0.3137,-0.033,8.824,-5.13,-28.427,nornal
144624,0.8823,0.3623,-0.0356,2.107,3.595,-20.481,nornal
144644,0.9094,0.3801,-0.0144,0.26,16.099,-10.992,nornal
144664,0.9573,0.3938,-0.0427,7.809,25.992,-3.42,nornal
144684,0.969,0.3816,-0.0745,17.893,29.832,1.061,nornal
144704,0.9272,0.363,-0.0627,26.397,27.702,1.244,nornal
144724,0.9316,0.3464,-0.0654,32.542,31.885,3.534,nornal
144744,0.9221,0.3042,-0.0669,37.084,34.786,3.267,nornal
144764,0.9348,0.2439,-0.1138,38.565,36.748,-0.817,nornal
144784,0.9412,0.1858,-0.1223,35.076,33.817,-7.069,nornal
144804,0.9587,0.1677,-0.1355,28.473,28.061,-11.038,nornal
144824,0.9666,0.1731,-0.1636,20.069,21.015,-11.191,nornal
144844,0.9568,0.1917,-0.1599,11.702,16.954,-8.351,nornal
144864,0.9495,0.1958,-0.1584,5.733,17.58,-5.115,nornal
144884,0.9604,0.207,-0.1736,3.366,20.435,-2.58,nornal
144904,0.9563,0.2544,-0.1775,5.58,16.252,-1.947,nornal
144924,0.9385,0.2407,-0.1655,8.275,12.397,-2.0,nornal
144944,0.9441,0.2126,-0.1086,12.557,10.298,-0.29,nornal
144964,0.9629,0.1868,-0.0862,17.87,10.649,2.779,nornal
144984,0.9788,0.2019,-0.0667,19.634,13.496,6.084,nornal
145004,0.9785,0.2141,-0.0896,17.786,16.542,10.435,nornal
145024,0.9617,0.1938,-0.0876,16.542,21.847,15.344,nornal
145044,0.9922,0.1277,-0.084,13.809,22.771,17.16,nornal
145064,1.1292,0.0896,0.0542,10.763,22.924,16.542,nornal
145084,1.3257,0.241,-0.0513,-3.305,6.16,15.275,nornal
145104,1.2546,0.334,0.0417,-13.634,5.252,26.695,nornal
145124,1.2029,0.3757,0.0181,-17.183,16.885,42.374,nornal
145144,1.0764,0.3608,0.0415,-16.756,23.458,54.947,nornal
145164,1.0085,0.4124,-0.0061,-13.42,16.458,55.366,nornal
145184,0.8911,0.4077,-0.0947,-5.489,-2.466,48.863,nornal
145204,0.863,0.3655,-0.1946,4.015,-12.45,41.405,nornal
145224,0.9082,0.2905,-0.1357,-7.893,-21.817,26.435,nornal
145244,1.074,0.1926,-0.0901,-31.71,-27.763,15.947,nornal
145264,1.1284,0.2261,-0.053,-49.771,-33.389,5.725,nornal
145284,1.1189,0.2598,-0.0645,-47.153,-29.069,3.084,nornal
145304,1.0747,0.2542,-0.0676,-32.962,-23.725,8.863,nornal
145324,1.0583,0.2256,-0.0945,-21.405,-27.145,11.496,nornal
145344,0.9629,0.2449,-0.1448,-23.313,-25.038,17.13,nornal
145364,0.8452,0.2764,-0.2043,-28.527,-20.863,19.947,nornal
145384,0.7778,0.2834,-0.2268,-18.832,-21.42,16.588,nornal
145404,0.7466,0.2065,-0.1951,-6.366,-18.26,9.298,nornal
145424,0.8054,0.1321,-0.197,0.847,-8.634,1.908,nornal
145444,0.908,0.0911,-0.147,3.931,-6.153,-6.115,nornal
145464,0.9912,0.1221,-0.158,2.74,-7.366,-11.74,nornal
145484,1.0139,0.157,-0.2021,-0.13,-9.153,-12.359,nornal
145504,1.0054,0.1338,-0.238,1.855,-7.366,-11.84,nornal
145524,0.967,0.1035,-0.2634,4.099,-3.786,-11.71,nornal
145544,0.9221,0.0649,-0.2815,6.107,-1.0,-12.74,nornal
145564,0.9014,0.0613,-0.3032,7.626,-2.092,-15.389,nornal
145584,0.9177,0.0857,-0.3176,2.718,-0.603,-16.74,nornal
145604,0.9421,0.1279,-0.3359,-4.168,4.718,-16.847,nornal
145624,0.9812,0.1838,-0.3496,-12.084,5.405,-19.519,nornal
145644,1.032,0.2205,-0.3298,-22.008,-0.809,-25.351,nornal
145664,1.0571,0.2354,-0.2898,-27.405,-9.55,-29.374,nornal
145684,1.0227,0.238,-0.2627,-17.87,-7.618,-29.534,nornal
145704,0.9744,0.2109,-0.3413,-3.977,-3.099,-21.282,nornal
145724,1.2861,0.4817,-0.4531,2.191,-13.107,-16.58,nornal
145744,1.4272,0.291,-0.1611,10.489,-21.824,-24.817,nornal
145764,1.1006,0.4402,-0.1379,20.939,14.573,-20.687,nornal
145784,0.9763,0.625,-0.281,36.786,14.015,-8.26,nornal
145804,0.7607,0.5393,-0.2148,47.267,13.321,1.656,nornal
145824,0.7224,0.4507,-0.0835,49.115,25.992,4.962,nornal
145844,0.925,0.3176,0.0188,40.008,22.878,-2.038,nornal
145864,0.8293,0.2615,0.1272,28.267,-1.214,-30.328,nornal
145884,0.8804,0.324,-0.0579,19.046,7.16,-29.496,nornal
145904,0.8872,0.3623,-0.1333,14.198,1.885,-23.87,nornal
145924,0.8967,0.377,-0.1448,18.656,10.817,-15.252,nornal
145944,0.948,0.3804,-0.0886,27.504,31.107,-3.267,nornal
145964,0.9534,0.3303,-0.0532,35.206,39.527,0.802,nornal
145984,0.9275,0.3032,-0.0427,35.557,41.031,2.176,nornal
146004,0.896,0.2917,-0.0476,33.321,38.924,3.748,nornal
146024,0.884,0.2788,-0.0737,32.832,37.962,0.55,nornal
146044,0.8901,0.2578,-0.1062,31.977,35.519,-6.107,nornal
146064,0.9141,0.2434,-0.1035,32.87,30.015,-10.573,nornal
146084,0.9463,0.2375,-0.1541,34.298,23.305,-11.611,nornal
146104,0.946,0.2393,-0.1177,33.672,21.679,-9.718,nornal
146124,0.9617,0.2153,-0.1289,30.305,19.336,-5.893,nornal
146144,0.9612,0.208,-0.1533,26.191,16.641,-2.16,nornal
146164,0.989,0.2026,-0.1626,23.626,12.611,1.374,nornal
146184,1.0105,0.2146,-0.1753,24.527,7.244,3.489,nornal
146204,1.0173,0.1995,-0.1609,26.718,1.87,2.405,nornal
146224,1.0168,0.1719,-0.127,29.038,1.489,-2.573,nornal
146244,1.0049,0.1614,-0.1245,27.557,7.496,-6.794,nornal
146264,1.0151,0.2,-0.1653,26.137,11.954,-9.863,nornal
146284,1.0291,0.2415,-0.1665,26.359,11.183,-11.389,nornal
146304,1.0347,0.1772,-0.1577,26.168,11.176,-13.382,nornal
146324,1.0383,0.0996,-0.1851,18.298,13.618,-12.924,nornal
146344,1.001,0.0671,-0.2046,7.374,19.412,-7.885,nornal
146364,1.2244,0.198,-0.3547,1.786,21.733,-0.748,nornal
146384,1.1111,0.1985,-0.0359,-11.55,15.221,20.618,nornal
146404,1.1519,0.2566,-0.0557,-28.489,18.191,34.664,nornal
146424,1.1572,0.3159,0.022,-43.718,12.947,42.374,nornal
146444,0.9805,0.3855,0.0962,-48.305,8.985,46.435,nornal
146464,0.8484,0.5078,-0.0693,-37.901,1.748,47.282,nornal
146484,0.9299,0.5271,-0.1323,-13.26,-23.298,37.069,nornal
146505,1.0383,0.4734,-0.134,12.695,-34.382,17.664,nornal
146525,0.9543,0.3391,-0.1375,16.061,-23.847,10.374,nornal
146545,1.0332,0.2446,-0.145,6.176,-10.015,14.45,nornal
146565,1.136,0.2393,-0.1304,-6.641,-12.084,23.29,nornal
146585,1.051,0.2715,-0.0901,-14.947,-17.74,32.786,nornal
146605,0.9185,0.2671,-0.1301,-13.573,-28.0,33.641,nornal
146625,0.8682,0.2148,-0.165,-15.603,-24.916,28.435,nornal
146645,0.8503,0.1753,-0.1543,-18.878,-17.176,19.344,nornal
146665,0.8708,0.1536,-0.1267,-24.366,-10.916,8.45,nornal
146685,0.8706,0.1626,-0.1204,-26.931,-8.603,-0.351,nornal
146705,0.8621,0.2129,-0.1414,-27.168,-5.145,-4.954,nornal
146725,0.8374,0.2388,-0.1541,-25.359,-2.969,-9.634,nornal
146745,0.8228,0.2341,-0.2029,-20.015,1.206,-12.359,nornal
146765,0.8467,0.2561,-0.2444,-13.023,5.573,-13.015,nornal
146785,0.8975,0.2893,-0.2532,-6.397,9.412,-10.908,nornal
146805,0.9509,0.2756,-0.2898,-6.191,7.634,-5.496,nornal
146825,1.0173,0.2141,-0.2881,1.16,6.954,3.802,nornal
146845,1.0581,0.1738,-0.2859,6.573,2.893,8.405,nornal
146865,1.0232,0.1604,-0.2273,4.733,3.603,7.153,nornal
146885,1.0405,0.1848,-0.2175,-6.832,5.824,0.237,nornal
146905,1.1152,0.1875,-0.2915,-15.176,-2.817,-10.969,nornal
146925,1.071,0.1963,-0.2944,-20.099,-10.664,-17.45,nornal
146945,1.0122,0.156,-0.3499,-21.244,-13.435,-13.649,nornal
146965,1.0276,0.1365,-0.4395,-16.42,-8.221,-4.756,nornal
146985,1.2722,0.2031,-0.127,-27.473,-33.634,-14.58,nornal
147005,1.0925,0.3311,-0.2178,-26.496,-9.855,-6.0,nornal
147025,1.1001,0.5083,-0.311,-22.053,-14.29,-7.634,nornal
147045,1.0032,0.5164,-0.231,-12.977,-14.924,-11.763,nornal
147065,0.8162,0.5278,-0.0247,0.618,-2.557,-9.122,nornal
147085,0.8176,0.4187,0.0088,9.679,4.115,-8.107,nornal
147105,0.876,0.2913,0.0459,11.695,1.84,-12.16,nornal
147125,0.9087,0.2834,0.1042,8.847,3.282,-22.733,nornal
147145,0.8875,0.3052,-0.0059,2.977,1.183,-31.092,nornal
147205,0.9641,0.384,-0.0696,17.817,15.038,-9.328,nornal
147225,0.9668,0.3501,-0.0898,23.305,23.748,1.565,nornal
147245,0.9502,0.3528,-0.1084,34.397,26.992,4.16,nornal
147265,0.9272,0.3435,-0.1045,44.282,33.893,7.137,nornal
147285,0.895,0.29,-0.1287,48.473,36.58,7.893,nornal
147305,0.9045,0.2507,-0.1306,47.58,34.099,2.153,nornal
147325,0.9224,0.2507,-0.1523,46.595,27.298,-7.244,nornal
147345,0.9509,0.2468,-0.198,48.374,24.382,-10.344,nornal
147365,0.939,0.2256,-0.2,50.282,24.321,-8.588,nornal
147385,0.9353,0.2053,-0.1638,49.366,23.924,-6.58,nornal
147405,0.9731,0.1943,-0.1538,48.023,23.466,-6.687,nornal
147425,0.9905,0.2168,-0.1843,46.611,20.359,-5.664,nornal
147445,0.9495,0.2292,-0.1995,46.481,14.481,-3.718,nornal
147465,0.9214,0.2034,-0.1826,49.069,20.305,1.313,nornal
147485,0.9187,0.124,-0.1177,51.405,27.634,5.565,nornal
147505,0.9297,0.0916,-0.0737,47.229,33.649,12.099,nornal
147525,0.8953,0.1191,-0.0945,47.443,39.939,19.611,nornal
147545,0.873,0.1545,-0.0894,56.443,48.565,23.985,nornal
147565,0.9124,0.1938,-0.092,69.45,53.038,25.069,nornal
147585,1.0146,0.251,-0.146,68.527,43.29,20.756,nornal
147605,1.2534,0.1553,-0.123,47.763,27.687,19.359,nornal
147625,1.3513,0.209,-0.0706,21.26,8.702,17.198,nornal
147645,1.2307,0.3159,-0.0417,7.13,7.649,24.649,nornal
147665,1.0525,0.3708,-0.0037,6.328,9.916,32.916,nornal
147685,0.908,0.395,-0.0667,8.168,4.519,35.771,nornal
147705,0.9128,0.2935,-0.1804,7.519,-4.42,34.809,nornal
147725,1.0178,0.241,-0.2378,5.443,-19.481,27.656,nornal
147745,1.0659,0.2671,-0.2415,-3.214,-35.802,15.748,nornal
147765,1.0417,0.2766,-0.178,-13.588,-39.031,8.496,nornal
147785,1.0398,0.3108,-0.2175,-16.504,-26.687,2.214,nornal
147805,1.0413,0.3022,-0.1111,-1.282,-14.977,-5.695,nornal
147825,1.0291,0.3047,-0.1775,17.702,-8.702,-11.176,nornal
147845,0.9722,0.2883,-0.165,35.832,-7.748,-10.336,nornal
147865,0.9333,0.2678,-0.1543,41.725,-2.863,-7.389,nornal
147885,0.9128,0.2249,-0.1331,41.947,1.534,-6.725,nornal
147905,0.8933,0.1941,-0.1628,45.679,6.405,-9.901,nornal
147925,0.8967,0.1572,-0.1724,45.298,8.344,-20.351,nornal
147945,0.9517,0.1145,-0.1775,42.466,4.344,-31.305,nornal
147965,0.9658,0.1338,-0.1921,40.802,1.16,-38.359,nornal
147985,0.9529,0.1882,-0.2156,41.008,3.695,-40.29,nornal
148005,0.9648,0.2515,-0.2324,43.832,10.954,-38.817,nornal
148025,0.9763,0.2961,-0.2827,46.42,19.176,-32.069,nornal
148045,0.9258,0.3125,-0.2664,53.687,26.618,-26.26,nornal
148065,0.916,0.2974,-0.281,65.122,34.061,-21.962,nornal
148085,0.8821,0.2566,-0.2815,73.847,36.427,-20.786,nornal
148105,0.8682,0.1975,-0.2783,73.473,36.412,-19.885,nornal
148125,0.865,0.1689,-0.259,65.374,37.885,-19.496,nornal
148145,0.8875,0.1921,-0.2742,54.794,43.176,-19.924,nornal
148165,0.97,0.2231,-0.332,45.42,42.679,-20.42,nornal
148185,1.002,0.2646,-0.3711,37.779,35.924,-22.046,nornal
148205,1.0088,0.3196,-0.353,34.008,26.977,-21.718,nornal
148225,1.0046,0.3655,-0.2996,29.748,20.435,-22.092,nornal
148245,1.0066,0.3696,-0.2488,30.611,18.466,-22.702,nornal
148265,0.9846,0.3689,-0.2654,35.053,20.603,-21.031,nornal
148285,0.9663,0.3535,-0.3481,39.885,20.542,-17.664,nornal
148305,0.9224,0.3271,-0.4146,40.55,18.412,-11.321,nornal
148325,1.1592,0.4839,-0.2795,32.023,3.389,-18.626,nornal
148345,1.105,0.397,-0.24,43.725,6.725,-21.206,nornal
148365,1.0681,0.491,-0.2793,46.656,9.511,-19.023,nornal
148385,1.054,0.5178,-0.177,58.847,10.221,-23.008,nornal
148405,1.0435,0.4802,-0.1506,70.542,11.046,-23.206,nornal
148425,0.9348,0.4309,-0.1396,73.672,16.618,-15.053,nornal
148445,0.8748,0.3708,-0.082,74.198,22.336,-6.038,nornal
148465,0.8708,0.3235,-0.0232,68.954,16.099,-0.893,nornal
148485,0.8645,0.2844,0.0269,57.901,10.412,-1.229,nornal
148506,0.8921,0.2937,0.0645,43.962,7.573,-6.733,nornal
148526,0.9016,0.3672,0.0571,39.221,11.847,-12.069,nornal
148546,0.8789,0.4619,0.0125,40.618,11.305,-12.84,nornal
148566,0.8867,0.5166,0.0125,52.137,13.405,-9.908,nornal
148586,0.9243,0.4875,0.0117,69.374,20.267,-5.893,nornal
148606,0.9402,0.4563,-0.0156,81.466,28.374,-1.595,nornal
148626,0.9004,0.4521,-0.0391,90.122,38.084,3.496,nornal
148646,0.9077,0.4294,0.0042,101.466,44.053,4.847,nornal
148666,0.9321,0.3862,0.0159,111.344,45.939,3.115,nornal
148686,0.947,0.3435,0.0125,113.405,48.443,0.649,nornal
148706,0.9407,0.3259,-0.0073,112.359,48.71,-2.511,nornal
148726,0.9482,0.3337,-0.0303,112.153,47.168,-5.519,nornal
148746,0.9673,0.354,-0.05,111.931,41.443,-9.069,nornal
148766,0.981,0.3501,-0.0671,113.466,36.901,-9.771,nornal
148786,0.991,0.3384,-0.0691,118.725,36.16,-9.099,nornal
148806,0.9897,0.3342,-0.0674,120.336,34.626,-7.382,nornal
148826,0.9824,0.323,-0.0344,123.496,37.092,-6.733,nornal
148846,0.9951,0.3354,-0.0671,127.244,37.099,-7.145,nornal
148866,0.9771,0.3262,-0.0613,133.267,35.832,-6.954,nornal
148886,0.9783,0.3057,-0.0854,139.427,35.672,-6.649,nornal
148906,0.9832,0.3059,-0.0452,144.962,37.023,-5.695,nornal
148926,0.9768,0.3103,-0.0203,147.008,38.802,-4.649,nornal
148946,0.989,0.313,-0.0188,151.702,43.053,-4.924,nornal
148966,0.9958,0.3254,-0.0227,160.282,47.71,-5.786,nornal
148986,0.9824,0.3259,-0.0305,172.221,52.336,-9.137,nornal
149006,0.9697,0.3015,-0.019,183.504,55.405,-13.427,nornal
149026,0.9851,0.2798,-0.0012,191.115,55.252,-19.672,nornal
149046,0.9907,0.2612,0.0083,197.55,53.45,-24.244,nornal
149066,1.0254,0.2341,-0.0144,200.954,50.87,-27.046,nornal
149086,1.0293,0.1611,0.0034,195.855,47.847,-25.802,nornal
149106,1.0183,0.1262,-0.0129,173.939,43.511,-23.313,nornal
149126,1.0027,0.1584,0.0049,147.183,40.588,-20.649,nornal
149146,0.9963,0.251,-0.0056,121.466,41.183,-17.42,nornal
149166,1.0151,0.2808,-0.0322,104.74,37.58,-13.87,nornal
149186,1.0,0.2871,-0.0415,97.183,34.298,-13.366,nornal
149206,0.9758,0.3164,-0.0752,93.87,30.832,-15.443,nornal
149226,0.9434,0.3201,-0.104,94.26,28.42,-17.076,nornal
149246,0.9177,0.3281,-0.1348,98.031,27.763,-18.298,nornal
149266,0.8911,0.321,-0.1687,101.595,26.55,-19.229,nornal
149286,0.8928,0.3184,-0.1743,104.626,24.397,-22.13,nornal
149306,0.9141,0.3213,-0.1646,104.084,26.298,-26.206,nornal
149326,0.9675,0.3237,-0.178,103.076,30.733,-28.183,nornal
149346,0.9858,0.333,-0.1677,101.008,34.061,-29.45,nornal
149366,0.9973,0.3433,-0.1777,100.023,34.679,-33.328,nornal
149386,1.0142,0.3489,-0.2058,99.023,37.679,-37.931,nornal
149406,0.9963,0.3401,-0.1968,95.779,35.809,-40.626,nornal
149426,0.9612,0.311,-0.1772,96.84,34.748,-41.061,nornal
149446,0.9561,0.2976,-0.2341,102.947,38.443,-38.84,nornal
149466,0.936,0.3108,-0.2566,106.771,38.588,-34.878,nornal
149486,0.9167,0.3318,-0.2935,109.427,36.649,-31.076,nornal
149506,0.9153,0.3464,-0.2693,112.618,33.412,-28.763,nornal
149526,0.896,0.3242,-0.2336,115.931,34.176,-27.916,nornal
149546,0.9167,0.2998,-0.2268,118.115,32.443,-24.916,nornal
149566,0.9199,0.2832,-0.2341,117.832,35.13,-20.55,nornal
149586,0.9426,0.281,-0.2566,117.824,38.397,-15.962,nornal
149606,0.9348,0.2764,-0.2527,116.099,40.214,-12.435,nornal
149626,0.9146,0.2527,-0.2556,112.374,42.45,-9.878,nornal
149646,0.9016,0.2473,-0.2954,107.748,39.718,-7.496,nornal
149666,0.9246,0.2654,-0.2969,106.832,36.344,-7.672,nornal
149686,0.9321,0.2549,-0.2773,102.969,39.702,-10.939,nornal
149706,0.9192,0.2305,-0.2766,96.962,41.366,-12.298,nornal
149726,0.9089,0.2336,-0.2983,88.397,44.244,-11.817,nornal
149746,0.9368,0.2415,-0.3201,80.817,44.076,-11.313,nornal
149766,0.9412,0.231,-0.3157,76.748,44.557,-11.427,nornal
149786,0.9392,0.2268,-0.3071,71.725,46.634,-11.115,nornal
149906,0.9604,0.2703,-0.322,31.924,33.718,-5.641,nornal
149926,0.946,0.3062,-0.3523,31.427,31.023,-3.74,nornal
149946,0.9246,0.3152,-0.3752,31.092,27.427,-2.458,nornal
149966,0.9158,0.2935,-0.3982,30.099,24.321,-1.26,nornal
149986,0.9536,0.3027,-0.3911,27.786,18.573,-1.275,nornal
150006,1.0269,0.3088,-0.3586,22.603,7.534,-2.954,nornal
150026,0.9907,0.3328,-0.3008,21.58,8.473,-3.237,nornal
150046,1.1118,0.4492,-0.2449,22.611,3.832,-10.672,nornal
150066,1.1555,0.5474,-0.2151,28.405,-0.763,-20.969,nornal
150086,0.926,0.5962,-0.2156,36.649,1.573,-18.496,nornal
150106,0.7615,0.5808,-0.2043,53.008,15.573,-9.58,nornal
150126,0.76,0.5383,-0.208,71.008,23.954,-2.641,nornal
150146,0.8196,0.4746,-0.1436,83.756,28.481,0.305,nornal
150166,0.8701,0.4287,-0.0496,87.763,27.534,-1.55,nornal
150186,0.8867,0.3833,0.0295,90.198,32.237,-5.626,nornal
150206,0.9187,0.3538,0.0437,89.924,34.092,-8.527,nornal
150226,0.9551,0.3752,0.0251,89.519,37.313,-9.229,nornal
150246,0.9629,0.3804,0.04,92.519,38.015,-9.817,nornal
150266,0.9841,0.3762,0.0322,94.985,45.992,-7.634,nornal
150286,0.9863,0.3372,-0.0217,94.366,49.534,-4.099,nornal
150306,0.9697,0.3074,-0.0361,88.893,51.786,0.542,nornal
150326,0.9651,0.2861,-0.0415,81.496,50.618,1.122,nornal
150346,0.9661,0.2949,-0.0354,77.511,49.992,-1.985,nornal
150366,0.9519,0.3142,-0.05,76.863,48.29,-6.344,nornal
150386,0.9709,0.3228,-0.0742,80.397,46.672,-9.534,nornal
150406,0.9912,0.3135,-0.0872,82.649,42.206,-10.168,nornal
150426,1.0039,0.2969,-0.0986,82.504,37.748,-8.924,nornal
150446,1.0168,0.2534,-0.1162,79.71,33.626,-6.076,nornal
150466,0.9995,0.2185,-0.116,74.679,30.191,-3.443,nornal
150486,0.9954,0.1982,-0.0979,67.565,28.473,-1.893,nornal
150507,1.0061,0.177,-0.1101,58.511,29.282,-0.237,nornal
150527,1.0059,0.1926,-0.1289,50.069,28.977,2.611,nornal
150547,1.0046,0.199,-0.1406,44.527,27.489,6.817,nornal
150567,1.0063,0.2144,-0.1309,39.389,23.947,8.725,nornal
150587,0.9878,0.2124,-0.1133,34.405,19.053,8.45,nornal
150607,0.978,0.2231,-0.1062,29.099,13.71,6.985,nornal
150627,0.9778,0.2295,-0.105,26.252,9.603,5.13,nornal
150647,0.9666,0.2405,-0.0933,22.985,6.198,4.855,nornal
150667,0.9519,0.2466,-0.0979,20.863,5.931,6.008,nornal
150687,0.9382,0.2568,-0.1101,19.74,7.313,7.534,nornal
150707,0.9526,0.2664,-0.1379,20.489,8.718,7.565,nornal
150727,0.9785,0.2517,-0.1443,22.603,6.58,5.672,nornal
150747,0.9895,0.2234,-0.1301,21.977,4.092,2.672,nornal
150767,0.9819,0.2183,-0.1333,21.313,2.87,-1.084,nornal
150787,0.9861,0.2224,-0.1494,19.443,0.771,-5.26,nornal
150907,0.9802,0.1938,-0.1504,15.786,8.305,-1.855,nornal
150927,1.0098,0.1394,-0.1423,14.748,8.542,-0.588,nornal
150947,1.0303,0.0916,-0.1355,8.954,8.748,0.855,nornal
150967,1.0508,0.0476,-0.083,0.336,8.473,3.519,nornal
150987,1.1299,0.0984,-0.0906,-13.405,4.29,5.725,nornal
151007,1.176,0.0901,-0.106,-29.298,-4.481,7.733,nornal
151027,1.1511,0.1321,-0.0703,-39.237,-5.031,10.962,nornal
151047,1.1357,0.2485,-0.0808,-45.947,-4.672,16.092,nornal
151067,1.052,0.3176,-0.0264,-53.084,-7.313,24.046,nornal
151087,0.9812,0.3855,-0.0547,-55.794,-10.527,29.733,nornal
151107,0.9617,0.4314,-0.094,-48.198,-15.855,30.954,nornal
151127,0.8979,0.3875,-0.1257,-35.725,-19.405,28.802,nornal
151147,0.8413,0.3296,-0.198,-25.58,-20.053,25.824,nornal
151167,0.8884,0.281,-0.2107,-24.275,-26.71,20.756,nornal
151187,0.9702,0.2256,-0.1772,-33.557,-32.412,13.122,nornal
151207,1.0918,0.155,-0.1396,-46.496,-33.71,6.992,nornal
151227,1.127,0.1956,-0.1311,-61.031,-35.588,7.107,nornal
151247,1.074,0.2554,-0.1406,-72.481,-35.847,13.115,nornal
151267,1.0154,0.2764,-0.1846,-75.168,-36.023,19.74,nornal
151287,0.9397,0.2654,-0.1917,-75.939,-37.237,24.481,nornal
151307,0.8828,0.2625,-0.1943,-80.366,-34.603,27.802,nornal
151327,0.8438,0.2441,-0.1782,-84.458,-29.672,26.076,nornal
151347,0.8252,0.2312,-0.1733,-85.725,-23.802,19.573,nornal
151367,0.8584,0.2166,-0.1648,-87.786,-20.168,9.962,nornal
151387,0.908,0.2151,-0.1504,-91.076,-21.412,1.733,nornal
151407,0.9297,0.2493,-0.175,-90.359,-24.252,-1.985,nornal
151427,0.9375,0.291,-0.1836,-83.237,-22.824,-0.931,nornal
151447,0.9683,0.2954,-0.1914,-75.084,-15.412,3.969,nornal
151467,1.0247,0.2688,-0.2683,-68.863,-15.756,10.237,nornal
151487,1.0298,0.2427,-0.2891,-65.481,-19.725,12.573,nornal
151507,1.0398,0.178,-0.3052,-64.595,-24.74,15.374,nornal
151527,1.0342,0.2114,-0.2412,-68.023,-26.855,14.244,nornal
151547,1.0225,0.2141,-0.2471,-66.145,-27.45,11.947,nornal
151567,0.9932,0.239,-0.2927,-64.26,-29.496,10.878,nornal
151587,0.9575,0.2227,-0.3018,-61.527,-30.107,11.107,nornal
151607,0.9001,0.1785,-0.2998,-61.466,-23.794,13.458,nornal
151627,0.853,0.0952,-0.3364,-61.29,-14.977,17.687,nornal
151647,0.814,0.0261,-0.3296,-63.191,-3.977,21.511,nornal
151667,0.8755,0.0461,-0.2727,-71.794,2.916,21.336,nornal
151687,1.1897,0.2141,-0.2908,-87.817,-6.626,6.145,nornal
151707,1.3892,0.3357,-0.0757,-91.771,-24.817,-20.985,nornal
151727,1.0723,0.3762,-0.0891,-85.901,-28.145,-21.45,nornal
151747,0.9036,0.3672,-0.0879,-76.832,-18.908,-7.046,nornal
151767,0.9219,0.3369,-0.1292,-69.115,-12.282,3.244,nornal
151787,0.8953,0.3223,-0.1011,-67.763,-13.672,10.878,nornal
151807,0.8962,0.3,-0.092,-70.015,-10.504,14.076,nornal
151827,0.9409,0.2739,-0.085,-74.908,-8.374,15.046,nornal
151847,0.9346,0.2224,-0.0225,-79.573,-4.092,11.687,nornal
151867,0.9563,0.2126,-0.063,-84.45,-3.473,3.153,nornal
151887,0.98,0.2041,-0.0857,-86.931,-8.458,-2.786,nornal
151907,0.9976,0.2253,-0.0977,-87.588,-14.634,-3.748,nornal
151927,1.0068,0.26,-0.1038,-88.198,-14.115,-1.878,nornal
151947,0.9949,0.2659,-0.1409,-91.198,-9.473,3.725,nornal
151967,0.9724,0.2488,-0.1318,-91.313,-4.29,10.191,nornal
151987,0.9841,0.2336,-0.1099,-91.656,-4.183,13.702,nornal
152007,0.9604,0.2292,-0.1138,-92.26,-3.0,13.427,nornal
152027,0.937,0.2432,-0.0852,-93.802,-2.046,11.489,nornal
152047,0.9546,0.2476,-0.0691,-94.053,-1.496,7.748,nornal
152067,0.9673,0.2766,-0.073,-89.565,-1.924,4.366,nornal
152087,0.9712,0.2815,-0.0837,-83.427,-2.802,1.542,nornal
152107,0.99,0.2847,-0.1074,-73.496,-2.588,0.031,nornal
152127,0.9868,0.2966,-0.1152,-65.427,-5.176,-0.771,nornal
152147,0.9707,0.2842,-0.1162,-54.71,-3.573,-0.527,nornal
152167,0.9768,0.2493,-0.1191,-49.733,-0.565,-0.489,nornal
152187,0.9626,0.2368,-0.1243,-48.145,1.443,0.0,nornal
152207,0.9658,0.218,-0.1125,-47.374,2.702,-0.061,nornal
152227,0.9705,0.2195,-0.1121,-45.382,2.008,-1.198,nornal
152247,0.9712,0.2134,-0.0979,-42.252,0.504,-3.153,nornal
152267,0.9758,0.208,-0.0854,-38.229,0.145,-4.763,nornal
152287,0.9822,0.2219,-0.0669,-35.718,0.374,-6.008,nornal
152307,0.9875,0.2336,-0.0308,-32.779,3.435,-7.221,nornal
152327,1.0051,0.2219,0.0227,-30.977,6.786,-8.794,nornal
152347,1.0305,0.2122,0.0093,-28.573,9.183,-9.214,nornal
152367,1.0117,0.2241,-0.0046,-23.618,9.137,-5.763,nornal
152387,0.9954,0.2048,-0.0266,-13.947,10.763,-1.023,nornal
152407,1.0288,0.1611,-0.0234,-2.351,12.382,1.443,nornal
152427,1.1243,0.1985,-0.0715,5.634,8.328,1.603,nornal
152447,1.082,0.1509,-0.0291,7.351,5.023,2.542,nornal
152467,1.0337,0.0776,-0.0186,2.389,12.267,6.115,nornal
152487,1.0261,0.0908,-0.0337,-7.618,21.29,10.534,nornal
152508,1.032,0.1538,-0.0259,-19.458,21.198,12.87,nornal
152528,1.0334,0.2319,-0.0659,-22.916,17.412,13.153,nornal
152548,1.0493,0.3149,-0.115,-18.16,10.588,11.412,nornal
152568,1.061,0.3657,-0.1284,-8.466,1.626,11.298,nornal
152588,1.0549,0.3735,-0.0791,-2.985,-5.115,12.42,nornal
152608,0.9893,0.3958,-0.064,-7.84,-5.473,17.198,nornal
152628,0.9238,0.4321,-0.1211,-12.916,-6.595,23.962,nornal
152648,0.8699,0.4495,-0.1182,-17.794,-7.924,26.916,nornal
152668,0.9138,0.4351,-0.1865,-25.595,-9.893,24.84,nornal
152688,1.0889,0.4458,-0.2192,-34.412,-26.137,16.71,nornal
152708,1.1033,0.4097,-0.1785,-36.573,-35.221,11.489,nornal
152728,0.9697,0.373,-0.1147,-35.626,-27.901,17.618,nornal
152748,0.9402,0.3633,-0.0464,-38.885,-20.16,22.534,nornal
152768,0.9934,0.3201,-0.0315,-36.107,-23.771,21.458,nornal
152788,0.9819,0.353,-0.0801,-28.298,-29.672,17.336,nornal
152808,0.9141,0.3611,-0.0828,-25.29,-33.252,14.198,nornal
152828,0.8367,0.3457,-0.0659,-21.244,-29.519,12.359,nornal
152848,0.8264,0.3181,-0.1028,-12.985,-25.771,9.031,nornal
152868,0.8611,0.3184,-0.1272,-0.626,-23.672,2.702,nornal
152888,0.9023,0.3132,-0.1555,10.985,-19.763,-1.786,nornal
152908,0.9407,0.3142,-0.1887,19.962,-17.931,-3.756,nornal
152928,0.9614,0.2869,-0.2202,30.626,-13.603,-3.733,nornal
152948,0.9565,0.2263,-0.2361,37.527,-6.137,-3.244,nornal
152968,0.9465,0.1553,-0.2285,38.618,2.13,-2.42,nornal
152988,0.9504,0.1128,-0.2373,35.595,6.252,-3.168,nornal
153008,0.9468,0.0867,-0.2583,29.45,8.55,-4.939,nornal
153028,0.9319,0.1018,-0.2778,24.45,8.878,-8.641,nornal
153048,0.897,0.113,-0.3086,20.008,11.321,-12.977,nornal
153068,0.8845,0.1145,-0.3389,17.038,15.26,-16.389,nornal
153088,0.9097,0.1365,-0.3669,16.473,15.229,-19.29,nornal
153108,0.9351,0.1675,-0.3765,13.458,14.092,-21.298,nornal
153128,0.9795,0.1941,-0.3665,7.092,13.511,-22.786,nornal
153148,1.0652,0.2363,-0.3521,-0.008,8.214,-23.298,nornal
153168,1.0994,0.2546,-0.2871,-4.641,-2.496,-23.71,nornal
153188,1.0754,0.2632,-0.3035,-6.038,-6.504,-23.954,nornal
153208,1.0728,0.2769,-0.4231,-3.733,-9.908,-23.351,nornal
153228,1.4106,0.4507,-0.3645,-0.718,-38.008,-34.473,nornal
153248,1.1985,0.5005,-0.3801,23.015,-28.16,-27.046,nornal
153268,1.1045,0.5227,-0.3889,39.573,-18.298,-16.061,nornal
153288,0.9473,0.4871,-0.3289,48.557,-8.534,-5.855,nornal
153308,0.7246,0.3723,-0.2856,61.275,17.359,6.611,nornal
153328,0.6685,0.3215,-0.2378,66.992,34.817,9.992,nornal
153348,0.699,0.3096,-0.0896,68.466,42.542,5.588,nornal
153368,0.7976,0.2988,-0.042,57.206,33.664,-8.489,nornal
153388,0.9739,0.2732,-0.0205,50.336,21.634,-29.076,nornal
153408,1.0105,0.3186,-0.1042,46.992,2.641,-44.183,nornal
153428,0.9338,0.345,-0.144,44.046,0.679,-39.504,nornal
153448,0.9321,0.3716,-0.1755,36.687,14.382,-25.382,nornal
153468,0.9678,0.3342,-0.1501,34.313,25.229,-10.076,nornal
153488,0.9897,0.2883,-0.1633,28.374,27.351,0.939,nornal
153508,0.9268,0.25,-0.1284,18.618,22.397,6.573,nornal
153528,0.9021,0.2791,-0.1445,15.099,29.168,11.931,nornal
153548,0.9045,0.2854,-0.167,16.985,32.183,12.366,nornal
153568,0.9163,0.2427,-0.1787,19.176,30.672,6.672,nornal
153588,0.9236,0.2043,-0.1946,20.962,27.511,-0.511,nornal
153608,0.9229,0.1841,-0.1863,18.099,21.145,-4.595,nornal
153628,0.926,0.1648,-0.1899,12.519,15.763,-4.496,nornal
153648,0.9302,0.1506,-0.1929,6.947,10.595,-1.336,nornal
153668,0.9497,0.1736,-0.1924,-0.611,6.779,2.947,nornal
153688,0.9661,0.1956,-0.1943,-2.122,8.214,6.878,nornal
153708,0.9448,0.2354,-0.1704,-1.023,8.298,7.679,nornal
153728,0.947,0.2397,-0.1858,1.015,17.626,10.092,nornal
153748,0.9309,0.241,-0.1719,5.427,27.84,14.015,nornal
153768,0.9414,0.196,-0.1323,11.672,32.855,15.725,nornal
153788,0.9709,0.1445,-0.0818,19.969,33.748,16.809,nornal
153808,1.0845,0.196,-0.157,24.168,24.542,15.824,nornal
153828,1.2722,0.3284,-0.0935,26.489,9.046,11.893,nornal
153848,1.3425,0.3589,0.0166,17.046,-8.458,2.977,nornal
153868,1.1934,0.3223,0.0042,3.076,1.267,13.313,nornal
153888,1.1057,0.2927,-0.0049,-5.504,7.267,25.977,nornal
153908,0.9619,0.3342,-0.031,-14.687,4.855,31.313,nornal
153928,0.9185,0.3154,-0.1147,-13.374,-9.176,31.221,nornal
153948,0.9163,0.3479,-0.1877,-2.771,-26.809,24.099,nornal
153968,0.9072,0.3616,-0.1604,-1.084,-35.924,4.733,nornal
153988,0.9739,0.2329,-0.134,-12.878,-27.046,-11.969,nornal
154008,1.103,0.2083,-0.1392,-25.969,-14.908,-17.939,nornal
154028,1.1401,0.2505,-0.1658,-32.603,-15.954,-13.565,nornal
154048,1.0303,0.3008,-0.1997,-30.366,-19.084,-3.641,nornal
154068,0.939,0.3113,-0.2175,-29.565,-23.916,3.939,nornal
154088,0.8613,0.2856,-0.1929,-30.84,-26.718,4.183,nornal
154108,0.8391,0.2546,-0.2068,-32.618,-21.855,4.969,nornal
154128,0.8049,0.2415,-0.1821,-33.351,-17.466,4.542,nornal
154148,0.7893,0.2439,-0.1853,-34.443,-11.718,-0.015,nornal
154168,0.8093,0.2385,-0.2192,-31.595,-7.137,-6.55,nornal
154188,0.8352,0.2256,-0.2329,-26.588,-5.832,-11.74,nornal
154208,0.8701,0.2439,-0.2749,-21.359,-3.656,-13.771,nornal
154228,0.8994,0.2839,-0.2827,-15.733,-0.802,-12.954,nornal
154248,0.9031,0.304,-0.252,-8.496,3.046,-12.427,nornal
154268,0.9177,0.2891,-0.2407,-4.321,11.092,-11.321,nornal
154288,0.9639,0.2859,-0.2646,-0.863,14.809,-11.893,nornal
154308,1.0078,0.3135,-0.301,2.824,17.473,-13.901,nornal
154328,1.0183,0.3577,-0.3345,4.847,19.71,-15.908,nornal
154348,1.031,0.3506,-0.394,8.298,11.321,-16.802,nornal
154368,1.0334,0.2822,-0.3918,13.153,3.55,-17.489,nornal
154388,1.0393,0.2146,-0.3416,14.458,2.13,-16.382,nornal
154408,1.0171,0.1438,-0.2825,7.679,3.115,-13.504,nornal
154428,0.9509,0.0518,-0.3069,1.092,5.969,-4.977,nornal
154448,0.9705,0.0957,-0.3054,3.191,17.969,0.542,nornal
154468,1.27,0.3154,-0.3179,-3.275,2.496,-13.885,nornal
154488,1.2407,0.5659,-0.219,2.443,-3.718,-27.008,nornal
154509,1.0037,0.6511,-0.1653,11.496,-8.16,-32.145,nornal
154529,0.7651,0.5317,-0.1812,29.061,4.618,-20.763,nornal
154549,0.7073,0.4861,-0.1282,42.763,13.252,-10.374,nornal
154569,0.8223,0.415,-0.116,52.008,9.962,-7.351,nornal
154589,0.8757,0.3975,-0.0276,60.427,13.061,-12.183,nornal
154609,0.9016,0.3584,-0.0603,61.496,11.023,-12.954,nornal
154629,0.9685,0.3433,-0.1072,59.221,17.397,-10.458,nornal
154649,0.9861,0.3425,-0.0715,52.053,25.427,-6.756,nornal
154669,0.9568,0.3162,-0.1299,43.588,25.962,-0.466,nornal
154689,0.9287,0.3296,-0.1648,38.71,24.672,0.359,nornal
154709,0.8611,0.3181,-0.1482,33.992,25.992,0.771,nornal
154729,0.8821,0.2964,-0.209,32.84,24.168,3.206,nornal
154749,0.873,0.3191,-0.2148,32.084,20.145,6.267,nornal
154769,0.8494,0.3074,-0.2053,26.015,24.84,8.718,nornal
154789,0.874,0.2622,-0.2083,22.878,30.656,11.351,nornal
154809,0.9395,0.2656,-0.1951,21.389,27.725,9.221,nornal
154829,1.0793,0.2185,-0.1123,15.809,15.618,0.076,nornal
154849,0.9983,0.1694,-0.1541,11.931,9.298,-2.588,nornal
154869,0.9165,0.1929,-0.1855,11.252,11.618,2.061,nornal
154889,0.9241,0.1917,-0.1487,10.008,14.969,5.634,nornal
154909,0.9797,0.1533,-0.1047,2.183,15.595,6.84,nornal
154929,1.0259,0.165,-0.1018,-3.267,14.366,6.779,nornal
154949,1.0081,0.2097,-0.1216,0.267,13.687,6.176,nornal
154969,0.9797,0.2097,-0.1179,10.595,18.427,6.145,nornal
154989,1.0247,0.1917,-0.1055,17.206,17.557,3.84,nornal
155009,1.084,0.1438,-0.0984,20.198,12.595,-0.237,nornal
155029,1.104,0.1218,-0.1001,20.824,8.565,-3.695,nornal
155049,1.0671,0.1182,-0.1079,18.733,9.954,-3.679,nornal
155069,1.053,0.0894,-0.1194,14.954,15.718,-1.634,nornal
155089,1.0632,0.1453,-0.1138,12.74,21.824,2.382,nornal
155109,1.104,0.2527,-0.1575,3.916,17.015,5.374,nornal
155129,1.1194,0.1331,-0.1484,-10.565,14.015,6.359,nornal
155149,1.1633,0.1545,-0.0972,-26.466,11.969,6.565,nornal
155169,1.1499,0.2866,-0.125,-38.198,6.824,6.985,nornal
155189,1.1104,0.365,-0.1216,-38.321,-0.809,8.534,nornal
155209,0.9651,0.4419,-0.1343,-33.336,-12.405,11.687,nornal
155229,0.7842,0.4971,-0.1616,-30.366,-11.924,17.076,nornal
155249,0.6958,0.4802,-0.24,-24.321,-11.458,22.374,nornal
155269,0.7568,0.4565,-0.2385,-19.038,-27.061,22.344,nornal
155289,0.9094,0.3823,-0.2241,-22.153,-30.794,11.595,nornal
155309,1.1001,0.3301,-0.2537,-21.802,-24.473,1.634,nornal
155329,1.1052,0.3113,-0.2097,-22.206,-24.191,-2.046,nornal
155349,1.0496,0.3496,-0.2214,-23.282,-21.214,1.954,nornal
155369,0.9692,0.3601,-0.228,-26.885,-23.824,7.641,nornal
155389,0.9302,0.3076,-0.2219,-28.786,-21.786,14.168,nornal
155409,0.8909,0.2986,-0.2456,-28.382,-21.298,19.481,nornal
155429,0.8579,0.3154,-0.2485,-33.511,-25.809,18.458,nornal
155449,0.8188,0.3176,-0.2324,-34.321,-27.183,13.847,nornal
155469,0.7927,0.3101,-0.2471,-30.771,-23.26,8.511,nornal
155489,0.8208,0.2983,-0.2402,-26.267,-16.832,1.366,nornal
155509,0.8501,0.2729,-0.2388,-19.962,-12.046,-6.176,nornal
155529,0.8848,0.2458,-0.2363,-16.954,-10.031,-10.557,nornal
155549,0.9016,0.2542,-0.2773,-14.115,-7.756,-9.229,nornal
155569,0.917,0.2568,-0.3005,-12.221,-4.756,-3.252,nornal
155589,0.9319,0.2456,-0.323,-13.481,-4.939,1.817,nornal
155609,0.9412,0.2068,-0.3154,-16.031,-0.489,5.939,nornal
155629,0.9521,0.2158,-0.3359,-18.298,4.061,7.321,nornal
155649,0.9534,0.2024,-0.3381,-20.168,6.344,4.29,nornal
155669,0.9529,0.2034,-0.3201,-25.13,7.221,0.168,nornal
155689,0.9978,0.2375,-0.3765,-31.031,4.336,-3.679,nornal
155709,1.0444,0.2839,-0.4238,-33.901,-6.122,-6.252,nornal
155729,1.0459,0.281,-0.3826,-33.756,-14.748,-7.038,nornal
155749,1.0293,0.2585,-0.3569,-32.748,-14.847,-5.382,nornal
155769,1.0061,0.2251,-0.3442,-29.29,-12.237,-2.427,nornal
155789,0.969,0.1426,-0.3752,-26.786,-4.931,3.489,nornal
155809,1.1501,0.3396,-0.3386,-30.313,-14.053,0.084,nornal
155829,1.2246,0.1753,-0.301,-33.916,-8.595,-11.634,nornal
155849,1.1733,0.4131,-0.3535,-42.069,-8.687,-16.0,nornal
155869,1.1506,0.4878,-0.2141,-31.397,-18.481,-26.038,nornal
155889,0.8625,0.4329,-0.1055,-16.794,-9.885,-18.031,nornal
155909,0.8003,0.3171,-0.093,-12.748,-1.969,-5.115,nornal
155929,0.7754,0.2336,0.0029,-13.443,3.092,4.588,nornal
155949,0.8232,0.2749,-0.0437,-20.107,4.687,6.412,nornal
155969,0.9126,0.3281,-0.0688,-23.565,-5.489,-2.336,nornal
155989,0.906,0.3589,-0.0972,-26.458,-11.885,-10.702,nornal
156009,0.8438,0.3474,-0.0564,-26.435,-2.45,-9.473,nornal
156029,0.9717,0.3899,-0.0698,-21.366,5.71,-6.267,nornal
156049,1.0603,0.3745,-0.0981,-14.885,4.031,-3.786,nornal
156069,0.9614,0.3379,-0.0662,-14.504,5.435,2.221,nornal
156089,0.9099,0.313,-0.0745,-19.107,13.618,8.901,nornal
156109,0.928,0.2751,-0.105,-26.122,18.13,13.656,nornal
156129,0.9343,0.2791,-0.1116,-27.695,15.947,13.885,nornal
156149,0.9197,0.2908,-0.1111,-29.229,13.42,10.733,nornal
156169,0.9333,0.2822,-0.0979,-28.588,11.832,7.092,nornal
156189,0.9463,0.2671,-0.0742,-29.985,9.565,3.053,nornal
156209,0.9553,0.2527,-0.0659,-32.458,6.229,-1.183,nornal
156229,0.9609,0.2712,-0.0845,-36.252,3.924,-4.931,nornal
156249,0.9543,0.304,-0.0916,-37.305,1.397,-5.504,nornal
156269,0.9792,0.3252,-0.1309,-31.931,2.656,-3.191,nornal
156289,0.9927,0.3411,-0.1282,-23.55,2.466,0.924,nornal
156309,0.9756,0.3284,-0.1433,-12.26,6.74,6.053,nornal
156329,0.9692,0.3098,-0.1331,-3.023,8.496,10.191,nornal
156349,0.9502,0.2837,-0.1152,4.519,10.206,11.992,nornal
156369,0.9487,0.2505,-0.1069,10.191,13.557,10.321,nornal
156389,0.9575,0.2185,-0.0762,14.756,15.809,6.702,nornal
156409,0.9775,0.2124,-0.072,18.305,17.496,2.0,nornal
156429,0.9946,0.2434,-0.0571,22.389,19.351,-2.328,nornal
156449,1.0754,0.3745,-0.1216,24.122,16.779,-4.672,nornal
156469,1.0789,0.3535,-0.0906,19.183,12.115,-3.031,nornal
156489,1.0635,0.342,-0.0996,11.198,16.489,2.649,nornal
156510,1.0278,0.3938,-0.0896,8.496,17.168,7.985,nornal
156530,1.0371,0.4255,-0.1313,11.55,12.847,12.328,nornal
156550,1.0408,0.3831,-0.134,12.733,1.389,13.618,nornal
156570,1.0178,0.3452,-0.1365,10.061,-3.397,12.137,nornal
156590,1.0098,0.3103,-0.1797,5.153,-4.405,8.779,nornal
156610,1.0012,0.3105,-0.1655,0.336,-12.824,3.802,nornal
156630,0.9167,0.3442,-0.1194,-4.878,-19.221,0.557,nornal
156650,0.8618,0.3799,-0.1453,-8.695,-15.748,0.221,nornal
156670,0.8552,0.3948,-0.1643,-7.985,-11.176,-0.252,nornal
156690,0.8525,0.4011,-0.1741,-3.366,-6.977,-2.45,nornal
156710,0.8611,0.4077,-0.1897,1.511,-3.756,-4.29,nornal
156730,0.917,0.4104,-0.1704,7.656,-3.763,-7.534,nornal
156750,0.9802,0.4009,-0.2061,9.641,-1.863,-10.076,nornal
156770,0.9399,0.3997,-0.1758,7.45,0.115,-7.924,nornal
156790,0.9241,0.3811,-0.1799,7.038,3.389,-5.198,nornal
156810,0.9285,0.3584,-0.1997,8.618,2.954,-5.565,nornal
156830,0.9282,0.3469,-0.2192,9.053,1.244,-6.221,nornal
156850,0.9121,0.3499,-0.2256,9.076,0.023,-5.992,nornal
156870,0.9209,0.3398,-0.2485,6.405,0.023,-5.496,nornal
156890,0.9265,0.3093,-0.2705,4.229,0.153,-4.634,nornal
156910,0.9231,0.283,-0.2754,1.115,-0.435,-2.802,nornal
156930,0.929,0.2703,-0.2644,-3.557,-3.611,-0.45,nornal
156950,0.9351,0.2778,-0.2188,-10.023,-4.931,2.305,nornal
156970,0.928,0.2979,-0.2117,-18.901,-4.16,6.061,nornal
156990,0.9185,0.3054,-0.1948,-24.87,-3.145,10.29,nornal
157010,0.908,0.2939,-0.1992,-29.481,1.046,13.504,nornal
157030,0.907,0.2808,-0.2283,-33.092,2.504,16.237,nornal
157050,0.9585,0.2725,-0.2515,-32.809,0.298,15.763,nornal
157070,0.9971,0.2556,-0.1877,-32.527,0.344,13.122,nornal
157090,1.0066,0.281,-0.1636,-33.802,3.947,11.076,nornal
157110,1.0037,0.332,-0.1589,-34.534,2.626,9.336,nornal
157130,0.9695,0.3691,-0.1382,-34.107,1.634,7.069,nornal
157150,0.9338,0.4011,-0.1414,-33.115,2.496,5.481,nornal
157170,0.9204,0.408,-0.125,-30.489,4.183,4.656,nornal
157190,0.9175,0.3711,-0.1284,-27.496,6.718,2.794,nornal
157210,0.9111,0.3394,-0.115,-27.42,7.832,1.931,nornal
157230,0.916,0.3472,-0.0962,-29.076,9.947,0.061,nornal
157250,0.9529,0.3562,-0.0945,-27.649,11.802,-2.069,nornal
157270,0.9851,0.3594,-0.103,-24.344,10.618,-2.412,nornal
157290,0.9666,0.3567,-0.1113,-20.191,8.267,-1.527,nornal
157310,0.9641,0.3372,-0.1135,-16.977,7.504,-0.282,nornal
157330,0.9736,0.3218,-0.1172,-16.168,6.656,1.061,nornal
157350,0.9692,0.3167,-0.114,-17.313,6.26,2.031,nornal
157370,0.9639,0.3076,-0.1155,-18.519,6.389,2.008,nornal
157390,0.9595,0.2959,-0.1223,-20.099,7.687,1.954,nornal
157410,0.9727,0.2947,-0.125,-20.427,8.115,1.389,nornal
157430,0.9907,0.2937,-0.1169,-21.107,5.588,0.664,nornal
157450,0.9861,0.2947,-0.113,-20.832,5.099,-0.389,nornal
157470,0.979,0.3013,-0.104,-20.771,4.931,-0.42,nornal
157490,0.9788,0.2971,-0.1001,-20.763,4.221,-0.519,nornal
157510,0.969,0.2854,-0.0786,-21.542,5.832,-0.168,nornal
157530,0.9722,0.2817,-0.094,-22.435,5.962,0.489,nornal
157550,0.9739,0.2827,-0.1003,-24.733,4.397,0.809,nornal
157570,0.9692,0.2725,-0.062,-27.321,0.931,1.42,nornal
157590,0.9807,0.2681,-0.063,-30.366,-0.947,1.885,nornal
157610,0.9785,0.2651,-0.0601,-34.603,-2.542,2.076,nornal
157630,0.9736,0.2678,-0.0659,-34.748,-1.405,2.557,nornal
157650,0.9802,0.2737,-0.0703,-36.565,-1.809,3.046,nornal
157670,0.9771,0.2822,-0.0481,-38.107,-2.069,3.496,nornal
157690,0.9919,0.2976,-0.0452,-37.382,-1.924,2.824,nornal
157710,0.9778,0.3057,-0.0398,-37.794,-2.58,2.954,nornal
157730,0.9902,0.2966,-0.0554,-35.336,-1.008,3.656,nornal
157750,0.9905,0.2837,-0.0569,-33.718,-1.794,3.679,nornal
157770,0.9805,0.2751,-0.0715,-32.473,-2.137,3.832,nornal
157790,0.9751,0.2705,-0.094,-30.298,-0.481,3.954,nornal
157810,0.9685,0.2534,-0.0762,-30.863,-1.0,2.916,nornal
157830,0.9724,0.2471,-0.0645,-33.0,-1.191,1.42,nornal
157850,0.9788,0.2373,-0.0784,-32.008,-0.466,0.183,nornal
157870,0.9861,0.2444,-0.095,-30.588,0.015,-1.008,nornal
157890,0.9888,0.2266,-0.0776,-30.87,0.489,-2.206,nornal
157910,1.0027,0.2244,-0.0605,-33.534,0.183,-2.725,nornal
157930,1.0093,0.228,-0.0518,-31.55,-0.267,-1.695,nornal
157950,1.0229,0.2449,-0.0654,-26.16,0.763,0.344,nornal
157970,1.0154,0.2732,-0.0652,-19.702,2.45,1.802,nornal
157990,0.9934,0.2769,-0.0808,-17.573,3.069,3.977,nornal
158010,0.9922,0.2625,-0.0754,-14.481,2.16,4.985,nornal
158030,0.9836,0.2446,-0.0691,-11.221,-1.267,5.168,nornal
158050,0.98,0.2422,-0.0693,-10.282,-3.099,5.198,nornal
158070,0.9775,0.2471,-0.0454,-14.786,-6.733,4.031,nornal
158090,0.9873,0.2261,-0.0527,-19.802,-9.962,1.977,nornal
158110,0.9963,0.218,-0.0449,-19.763,-13.015,0.641,nornal
158130,0.9956,0.2263,-0.0569,-19.802,-15.832,-0.344,nornal
158150,0.9927,0.2229,-0.0271,-19.74,-15.55,-0.275,nornal
158170,1.0042,0.2063,-0.0278,-20.733,-13.45,0.153,nornal
158190,1.0125,0.2017,-0.019,-22.42,-12.58,0.748,nornal
158210,1.0076,0.2153,-0.0249,-21.634,-10.939,0.985,nornal
158230,0.9985,0.2236,-0.0396,-19.26,-10.611,0.824,nornal
158250,0.9851,0.2219,-0.0471,-16.634,-11.504,-0.252,nornal
158270,1.0022,0.2295,-0.0435,-14.565,-12.466,-2.641,nornal
158290,0.9941,0.2363,-0.0525,-13.893,-13.412,-4.504,nornal
158310,0.9922,0.2593,-0.0862,-14.947,-14.26,-5.519,nornal
158330,0.9846,0.2708,-0.0796,-15.313,-15.328,-6.542,nornal
158350,0.9871,0.2871,-0.0776,-13.122,-15.489,-6.771,nornal
158370,0.9697,0.2991,-0.0891,-8.557,-13.008,-3.542,nornal
158390,0.9722,0.2803,-0.1121,-4.557,-10.321,1.557,nornal
158410,0.9773,0.2424,-0.0869,-4.931,-5.992,5.916,nornal
158430,0.9702,0.2222,-0.0806,-9.031,-2.023,7.702,nornal
158450,0.9644,0.2214,-0.0913,-12.931,-1.702,7.313,nornal
158470,0.9604,0.2375,-0.1157,-14.702,-2.435,5.221,nornal
158490,0.9646,0.2566,-0.1328,-14.664,-2.069,2.206,nornal
158511,0.9744,0.2639,-0.1357,-13.939,-1.725,-0.771,nornal
158531,0.9741,0.2664,-0.1309,-13.534,-2.015,-1.656,nornal
158551,0.9661,0.2749,-0.1318,-14.191,-3.412,-0.824,nornal
158571,0.959,0.2722,-0.1228,-15.122,-3.863,0.924,nornal
158591,0.9548,0.27,-0.126,-16.908,-3.84,1.405,nornal
158611,0.9614,0.2678,-0.1218,-17.756,-3.336,2.611,nornal
158631,0.9727,0.2695,-0.1416,-17.45,-3.076,4.176,nornal
158651,0.9861,0.2803,-0.1443,-16.855,-4.969,5.252,nornal
158671,0.9905,0.2837,-0.1506,-16.962,-7.183,6.382,nornal
158691,0.9788,0.2725,-0.1426,-17.412,-8.71,6.351,nornal
158711,0.9761,0.2588,-0.1626,-17.962,-8.344,7.382,nornal
158731,0.9788,0.2524,-0.157,-20.084,-9.359,7.214,nornal
158751,0.9849,0.2615,-0.1746,-21.992,-10.359,6.802,nornal
158771,0.9829,0.2722,-0.1711,-22.573,-11.702,6.817,nornal
158791,0.9766,0.2883,-0.1775,-21.038,-11.008,6.84,nornal
158811,0.9624,0.2971,-0.1748,-18.595,-9.206,7.656,nornal
158831,0.9443,0.3003,-0.1831,-16.985,-6.756,9.015,nornal
158851,0.9429,0.3044,-0.1968,-16.359,-4.771,10.191,nornal
158871,0.9377,0.3103,-0.22,-15.565,-3.435,10.603,nornal
158891,0.9487,0.3125,-0.2407,-14.939,-4.107,9.87,nornal
158911,0.9629,0.3215,-0.2507,-15.893,-3.458,7.802,nornal
158931,1.0059,0.3193,-0.2195,-18.702,-7.611,3.573,nornal
158951,1.0383,0.3157,-0.2039,-17.802,-11.16,-0.29,nornal
158971,1.0176,0.3127,-0.2036,-17.359,-13.382,-2.359,nornal
158991,0.9905,0.2959,-0.2002,-19.313,-13.679,-3.244,nornal
159011,0.9868,0.2878,-0.2068,-21.008,-14.817,-3.313,nornal
159031,0.9795,0.2939,-0.209,-22.748,-18.87,-2.802,nornal
159051,0.9705,0.2854,-0.2202,-23.908,-21.0,-0.855,nornal
159071,0.9717,0.2693,-0.2224,-24.298,-21.321,2.26,nornal
159091,0.9648,0.26,-0.2031,-24.466,-19.336,5.427,nornal
159111,0.957,0.2578,-0.1855,-24.023,-17.076,6.542,nornal
159131,0.9321,0.2563,-0.1731,-22.794,-12.389,6.359,nornal
159151,0.9302,0.262,-0.2024,-20.511,-8.771,5.725,nornal
159171,0.927,0.2717,-0.2039,-17.954,-7.42,4.023,nornal
159191,0.9153,0.2812,-0.2024,-15.183,-5.321,1.908,nornal
159211,0.8975,0.2722,-0.2039,-11.489,-1.267,-0.168,nornal
159231,0.9126,0.2507,-0.2141,-8.008,3.87,-0.412,nornal
159251,0.9348,0.2344,-0.21,-6.237,6.336,0.656,nornal
159271,0.9448,0.2268,-0.1975,-5.29,9.962,0.145,nornal
159291,0.9517,0.23,-0.1995,-4.389,15.29,0.336,nornal
159311,0.9897,0.2322,-0.2129,-3.351,17.168,0.427,nornal
159331,1.0085,0.2397,-0.2156,-3.092,12.733,0.489,nornal
159351,0.9912,0.2397,-0.1978,-3.145,10.725,0.84,nornal
159371,0.9917,0.2354,-0.2458,-3.221,8.099,1.962,nornal
159391,1.0085,0.2556,-0.2595,-3.969,4.221,2.351,nornal
159411,1.0,0.2695,-0.2463,-5.947,-0.092,1.901,nornal
159431,0.988,0.2778,-0.228,-8.588,-0.687,0.901,nornal
159451,1.0098,0.2795,-0.2251,-9.977,-2.832,-0.542,nornal
159471,0.998,0.3101,-0.2029,-13.626,-4.603,-2.885,nornal
159491,0.9888,0.2983,-0.2034,-13.412,-7.916,-4.053,nornal
159511,0.9648,0.2783,-0.2061,-9.87,-7.198,-3.389,nornal
159531,0.928,0.2903,-0.1826,-10.412,-5.481,-1.084,nornal
159551,0.9243,0.2681,-0.2361,-9.687,-5.42,0.664,nornal
159571,0.929,0.269,-0.2476,-10.45,-7.55,3.282,nornal
159591,0.9148,0.2534,-0.2305,-11.321,-7.863,3.878,nornal
159611,0.9272,0.2473,-0.2275,-14.015,-6.473,3.939,nornal
159631,0.9634,0.2266,-0.2312,-12.931,-5.435,3.618,nornal
159651,0.998,0.2104,-0.2317,-12.565,-4.206,3.481,nornal
159671,0.991,0.2302,-0.239,-11.595,-2.832,3.771,nornal
159691,0.9824,0.2454,-0.2451,-9.695,-1.122,4.328,nornal
159711,0.9824,0.2627,-0.2471,-9.176,0.427,4.412,nornal
159731,0.9832,0.2681,-0.2644,-9.893,-0.565,4.198,nornal
159751,0.9695,0.2639,-0.2698,-10.901,-1.458,3.695,nornal
159771,0.9561,0.2603,-0.2561,-10.489,-1.55,3.198,nornal
159791,0.9397,0.2473,-0.2454,-12.328,0.718,3.008,nornal
159811,0.918,0.2339,-0.22,-16.84,5.214,4.115,nornal
159831,0.9592,0.2395,-0.2302,-18.504,5.954,3.137,nornal
159851,0.9729,0.2461,-0.157,-20.137,10.878,-1.275,nornal
159871,0.9763,0.2673,-0.2065,-17.542,16.763,-4.168,nornal
159891,0.991,0.2888,-0.2266,-14.42,18.13,-6.985,nornal
159911,0.9792,0.3074,-0.229,-12.107,18.16,-8.733,nornal
159931,0.9807,0.2991,-0.2273,-9.321,15.336,-8.565,nornal
159951,0.9795,0.2812,-0.207,-8.046,12.748,-8.191,nornal
159971,0.9751,0.2764,-0.1956,-9.84,9.595,-6.908,nornal
159991,0.9678,0.2739,-0.187,-12.038,8.534,-4.664,nornal
160011,0.9663,0.2502,-0.1689,-13.16,9.115,-2.771,nornal
160031,0.958,0.2407,-0.146,-12.916,9.611,-1.443,nornal
160051,0.9717,0.2332,-0.1406,-13.809,10.939,-0.832,nornal
160071,0.9763,0.2407,-0.1343,-14.954,10.168,-2.053,nornal
160091,0.9685,0.2629,-0.1416,-14.779,7.763,-4.321,nornal
160111,0.9607,0.2734,-0.1497,-13.947,6.221,-5.679,nornal
160131,0.9731,0.2847,-0.1353,-12.344,4.87,-6.153,nornal
160151,0.9673,0.2959,-0.1289,-11.473,4.939,-6.695,nornal
160171,0.9373,0.2856,-0.1272,-11.328,7.656,-5.481,nornal
160191,0.9155,0.2729,-0.1184,-11.74,11.74,-3.511,nornal
160211,0.9402,0.2563,-0.1072,-10.878,13.664,-3.534,nornal
160231,1.0127,0.2632,-0.1084,-9.29,11.916,-5.328,nornal
160251,1.0442,0.2744,-0.1165,-8.618,8.229,-6.42,nornal
160271,1.0149,0.2915,-0.1143,-9.198,5.366,-5.603,nornal
160291,0.9741,0.3035,-0.0977,-8.74,4.679,-3.893,nornal
160311,0.9702,0.3091,-0.1125,-7.664,4.351,-3.351,nornal
160331,0.9656,0.3179,-0.1072,-7.137,4.198,-3.992,nornal
160351,0.9722,0.322,-0.1206,-6.084,5.0,-3.802,nornal
160371,0.9861,0.3032,-0.1086,-3.916,6.282,-1.885,nornal
160391,0.9902,0.2786,-0.113,-1.374,6.344,-0.374,nornal
160411,0.9836,0.27,-0.1204,0.137,4.779,0.542,nornal
160431,0.9839,0.2554,-0.124,-0.305,2.71,1.344,nornal
160451,0.9785,0.2468,-0.1372,-3.153,0.656,1.351,nornal
160471,0.9739,0.249,-0.144,-7.137,1.053,1.595,nornal
160491,0.9734,0.2573,-0.1362,-10.931,2.069,1.412,nornal
160512,0.9763,0.2793,-0.1174,-11.985,2.359,0.351,nornal
160532,0.9739,0.2952,-0.1111,-11.221,1.817,-0.672,nornal
160552,0.9744,0.3137,-0.1052,-8.618,1.427,-1.542,nornal
160572,0.9749,0.3152,-0.1023,-5.0,-0.038,-1.061,nornal
160592,0.9758,0.3069,-0.1147,-2.122,-0.076,0.107,nornal
160612,0.9766,0.3042,-0.114,-0.16,0.718,1.496,nornal
160632,0.9758,0.2896,-0.1172,-0.061,1.466,2.557,nornal
160652,0.9702,0.2825,-0.1147,-0.649,2.229,3.015,nornal
160672,0.9717,0.2817,-0.1196,-1.42,2.069,2.901,nornal
160692,0.9702,0.281,-0.1182,-2.069,2.015,2.336,nornal
160712,0.9722,0.2798,-0.1143,-2.794,1.557,1.641,nornal
160732,0.9729,0.2925,-0.1184,-2.863,0.924,1.221,nornal
160752,0.9697,0.293,-0.1155,-2.901,0.878,0.718,nornal
160772,0.9727,0.2949,-0.1211,-2.229,0.977,0.718,nornal
160792,0.9692,0.2964,-0.1201,-1.046,1.672,1.298,nornal
160812,0.9712,0.2957,-0.1191,-0.008,2.031,1.656,nornal
160832,0.9768,0.2957,-0.1216,0.733,2.092,1.412,nornal
160852,0.9688,0.2922,-0.1179,1.588,1.565,1.679,nornal
160872,0.9744,0.292,-0.1238,2.023,1.588,1.611,nornal
160892,0.969,0.2903,-0.1187,1.901,1.008,1.695,nornal
160912,0.97,0.2834,-0.1243,1.947,1.298,1.702,nornal
160932,0.9719,0.2876,-0.1211,1.847,1.084,2.282,nornal
160952,0.9712,0.283,-0.1287,2.305,1.718,2.687,nornal
160972,0.9697,0.2795,-0.1279,3.015,2.099,3.145,nornal
160992,0.9736,0.2812,-0.127,4.053,2.115,3.42,nornal
161012,0.9739,0.2869,-0.1223,4.878,2.473,2.947,nornal
161032,0.9683,0.2791,-0.1377,6.237,2.405,2.13,nornal
161052,0.967,0.2778,-0.1589,7.031,3.939,2.298,nornal
161072,0.9707,0.2776,-0.1362,6.824,4.817,1.733,nornal
161092,0.9668,0.2671,-0.1375,5.901,3.634,1.489,nornal
161112,0.9697,0.269,-0.1475,5.954,5.412,1.458,nornal
161132,0.9741,0.2742,-0.1384,6.053,4.412,0.985,nornal
161152,0.9812,0.2666,-0.1516,6.992,4.221,1.718,nornal
161172,0.9702,0.262,-0.1162,4.878,2.908,1.298,nornal
161192,0.9797,0.2598,-0.147,3.122,2.664,0.855,nornal
161212,0.9739,0.2605,-0.1309,2.366,2.008,0.145,nornal
161232,0.9768,0.2639,-0.1528,1.427,1.901,-0.687,nornal
161252,0.9663,0.2729,-0.1362,0.099,1.947,-0.924,nornal
161272,0.9751,0.2754,-0.134,-0.084,2.229,-0.954,nornal
161292,0.9814,0.2786,-0.136,-0.443,1.137,-1.435,nornal
161312,0.9702,0.2795,-0.1348,0.412,1.618,-1.511,nornal
161332,0.9734,0.27,-0.1389,1.771,2.443,-0.962,nornal
161352,0.9761,0.2737,-0.1399,2.733,2.595,-0.344,nornal
161372,0.9758,0.2625,-0.1384,2.511,2.84,-0.153,nornal
161392,0.9778,0.2654,-0.1548,2.145,2.053,0.145,nornal
161412,0.9741,0.2539,-0.1543,1.084,1.702,0.42,nornal
161432,0.9763,0.2537,-0.1558,0.13,1.832,1.115,nornal
161452,0.9734,0.2544,-0.1511,-0.947,1.847,1.313,nornal
161472,0.979,0.2654,-0.1648,-2.374,1.954,0.786,nornal
161492,0.969,0.2632,-0.1504,-2.901,1.947,0.656,nornal
161512,0.9766,0.269,-0.1389,-1.214,3.26,0.26,nornal
161532,0.9761,0.2739,-0.1438,-0.084,3.198,-0.298,nornal
161552,0.9729,0.2754,-0.1514,0.435,3.672,-0.702,nornal
161572,0.9736,0.2747,-0.1367,1.313,3.847,-0.916,nornal
161592,0.9753,0.2766,-0.145,2.565,4.023,-1.069,nornal
161612,0.9729,0.2783,-0.1523,3.74,4.641,-1.031,nornal
161632,0.9751,0.2646,-0.1431,3.542,4.679,-0.733,nornal
161652,0.9802,0.262,-0.1433,2.595,4.305,-0.802,nornal
161672,0.9795,0.2632,-0.1396,2.061,3.885,-0.969,nornal
161692,0.9768,0.2644,-0.1489,2.183,4.252,-0.328,nornal
161712,0.9805,0.2612,-0.1545,2.321,4.0,0.282,nornal
161732,0.9814,0.2617,-0.1404,2.511,3.794,0.168,nornal
161752,0.9744,0.2588,-0.1484,3.084,3.382,0.092,nornal
161772,0.9731,0.2612,-0.1523,2.26,2.969,0.534,nornal
161792,0.9761,0.2664,-0.1416,1.053,2.298,0.405,nornal
161812,0.9766,0.2632,-0.1511,0.687,2.779,0.45,nornal
161832,0.9749,0.2568,-0.1519,0.832,3.435,0.42,nornal
161852,0.9739,0.2634,-0.1511,-0.221,3.802,0.466,nornal
161872,0.9705,0.2659,-0.1431,-0.931,3.573,0.115,nornal
161892,0.9741,0.2629,-0.1431,-1.053,3.382,-0.076,nornal
161912,0.978,0.2717,-0.1445,-1.198,3.962,-0.481,nornal
161932,0.9746,0.2776,-0.1382,-1.176,4.328,-0.733,nornal
161952,0.9714,0.2808,-0.1414,-0.351,4.58,-1.015,nornal
161972,0.9736,0.2788,-0.1453,0.328,4.443,-1.168,nornal
161992,0.9714,0.28,-0.1367,1.344,4.405,-1.229,nornal
162012,0.9788,0.2705,-0.1414,1.443,4.496,-1.038,nornal
162032,0.9756,0.2673,-0.1414,1.626,4.069,-0.695,nornal
162052,0.9758,0.2649,-0.1492,1.153,3.87,-0.786,nornal
162072,0.9756,0.2676,-0.1458,0.611,3.504,-0.26,nornal
162092,0.981,0.2683,-0.1443,-0.573,3.214,0.145,nornal
162112,0.978,0.2659,-0.1396,-1.122,3.305,0.145,nornal
162132,0.9778,0.2676,-0.1538,-1.534,2.237,0.824,nornal
162152,0.9709,0.272,-0.1375,-1.733,2.29,0.84,nornal
162172,0.9778,0.2717,-0.1467,-0.779,2.885,0.748,nornal
162192,0.9744,0.2654,-0.1526,-0.893,2.695,0.649,nornal
162212,0.9778,0.2625,-0.1492,-0.779,2.74,0.901,nornal
162232,0.9741,0.27,-0.1501,-1.733,1.786,0.802,nornal
162252,0.9736,0.2683,-0.1409,-1.802,2.466,0.641,nornal
162272,0.9751,0.2693,-0.1399,-1.26,2.656,0.954,nornal
162292,0.9753,0.2698,-0.1453,-0.656,2.779,1.092,nornal
162312,0.9766,0.269,-0.1443,-0.618,2.534,0.817,nornal
162332,0.9727,0.2715,-0.1375,-0.802,3.137,0.42,nornal
162352,0.9731,0.272,-0.1423,-0.511,3.611,0.031,nornal
162372,0.9768,0.2751,-0.1335,0.023,3.55,-0.069,nornal
162392,0.9756,0.2742,-0.1514,-0.374,3.153,-0.313,nornal
162412,0.9778,0.2703,-0.1418,-0.313,3.336,-0.153,nornal
162432,0.9783,0.2693,-0.1414,-0.336,3.26,-0.252,nornal
162452,0.9736,0.2654,-0.1382,-0.42,3.0,-0.252,nornal
162472,0.9739,0.2681,-0.1462,-0.626,3.046,-0.145,nornal
162492,0.9763,0.2637,-0.1345,-0.557,3.382,-0.252,nornal
162513,0.9746,0.2661,-0.1389,-0.809,3.702,-0.237,nornal
162533,0.9792,0.2673,-0.1418,-0.847,3.878,-0.237,nornal
162553,0.9756,0.2656,-0.1455,-1.069,3.855,-0.382,nornal
162573,0.9778,0.272,-0.147,-1.374,3.519,-0.344,nornal
162593,0.9717,0.2717,-0.1467,-1.237,3.626,-0.351,nornal
162613,0.9753,0.2705,-0.146,-1.198,3.298,-0.244,nornal
162633,0.9729,0.2703,-0.144,-0.725,3.519,-0.435,nornal
162653,0.9749,0.2742,-0.1519,-0.618,3.305,-0.198,nornal
162673,0.9768,0.2703,-0.1387,-0.489,3.626,-0.267,nornal
162693,0.9768,0.271,-0.1338,-0.427,2.786,-0.145,nornal
162713,0.9758,0.2727,-0.1458,-0.16,2.702,-0.038,nornal
162733,0.9739,0.2708,-0.1494,0.565,3.008,-0.061,nornal
162753,0.9739,0.271,-0.1492,1.008,3.702,-0.031,nornal
162773,0.9719,0.2681,-0.1458,0.511,3.55,-0.099,nornal
162793,0.9766,0.2629,-0.1418,0.053,3.664,-0.206,nornal
162813,0.9763,0.2681,-0.1438,0.344,3.824,-0.374,nornal
162833,0.9771,0.2712,-0.1355,0.664,3.817,-0.588,nornal
162853,0.9758,0.2732,-0.1416,0.55,3.855,-0.557,nornal
162873,0.9763,0.2637,-0.1416,0.863,3.954,-0.405,nornal
162893,0.9736,0.2644,-0.1355,0.504,3.962,-0.298,nornal
162913,0.9763,0.27,-0.1414,0.344,4.382,-0.527,nornal
162933,0.9761,0.2664,-0.1411,0.634,3.802,-0.214,nornal
162953,0.9768,0.2644,-0.1411,0.427,3.55,-0.374,nornal
162973,0.9761,0.2705,-0.1377,0.458,3.656,-0.382,nornal
162993,0.9753,0.2683,-0.1353,0.489,3.687,0.069,nornal
163013,0.9768,0.2666,-0.1506,0.687,3.267,0.076,nornal
163033,0.9751,0.2681,-0.1492,0.496,3.267,0.405,nornal
163053,0.9734,0.2664,-0.1411,0.618,3.634,0.26,nornal
163073,0.9731,0.2622,-0.1343,0.527,3.473,-0.008,nornal
163093,0.9771,0.2649,-0.1377,0.809,3.359,-0.183,nornal
163113,0.9741,0.2673,-0.1399,0.924,3.87,-0.252,nornal
163133,0.9768,0.2676,-0.1489,0.809,3.427,-0.42,nornal
163153,0.9724,0.2703,-0.1377,0.733,3.573,-0.42,nornal
163173,0.978,0.2693,-0.1406,0.977,3.481,-0.588,nornal
163193,0.9756,0.2666,-0.137,0.954,3.252,-0.313,nornal
163213,0.9751,0.2642,-0.136,0.832,3.466,-0.015,nornal
163233,0.9775,0.2693,-0.1338,0.817,3.382,0.0,nornal
163253,0.9766,0.272,-0.137,0.42,3.092,-0.053,nornal
163273,0.9746,0.2681,-0.1345,0.427,3.046,0.0,nornal
163293,0.9727,0.269,-0.1372,0.489,2.985,-0.214,nornal
163313,0.9744,0.2681,-0.1382,1.0,3.137,0.16,nornal
163333,0.9756,0.2668,-0.1433,1.527,3.176,0.198,nornal
163353,0.9778,0.2612,-0.1418,1.252,3.26,0.282,nornal
163373,0.9736,0.2588,-0.1431,0.618,3.321,-0.023,nornal
163393,0.9783,0.2598,-0.1357,0.046,3.275,0.145,nornal
163413,0.9761,0.2651,-0.1321,0.0,2.809,0.359,nornal
163433,0.9775,0.2656,-0.1294,-0.153,2.588,0.214,nornal
163453,0.9795,0.2659,-0.145,-0.298,2.42,0.214,nornal
163473,0.9756,0.2659,-0.1362,-0.573,1.908,0.244,nornal
163493,0.9756,0.2695,-0.1462,-0.328,2.061,0.45,nornal
163513,0.9753,0.2712,-0.1396,-0.733,2.382,0.756,nornal
163533,0.9756,0.2717,-0.1392,-0.412,2.534,1.023,nornal
163553,0.9751,0.2668,-0.1423,0.382,2.366,0.885,nornal
163573,0.9753,0.2678,-0.1443,1.275,2.863,0.863,nornal
163593,0.9761,0.2642,-0.1389,1.565,3.168,1.046,nornal
163613,0.97,0.2666,-0.1406,1.626,2.565,0.603,nornal
163633,0.9749,0.2649,-0.1418,1.725,2.145,0.412,nornal
163653,0.9771,0.2661,-0.1479,1.634,2.145,0.336,nornal
163673,0.9788,0.2644,-0.1458,1.763,2.534,0.015,nornal
163693,0.9763,0.2673,-0.1453,2.122,2.878,0.198,nornal
163713,0.9775,0.2622,-0.1438,1.87,2.977,0.145,nornal
163733,0.9749,0.2634,-0.1382,2.176,3.092,0.061,nornal
163753,0.9771,0.2607,-0.1465,1.748,2.817,-0.015,nornal
163773,0.9763,0.2571,-0.1362,1.374,2.763,0.115,nornal
163793,0.9761,0.2581,-0.1443,0.969,2.458,0.229,nornal
163813,0.9768,0.2556,-0.1458,0.71,3.092,0.061,nornal
163833,0.9729,0.2607,-0.1433,0.473,3.015,-0.092,nornal
163853,0.9734,0.2639,-0.1482,0.58,2.504,0.183,nornal
163873,0.9768,0.2664,-0.1514,0.206,2.779,0.26,nornal
163893,0.978,0.2617,-0.1445,0.176,2.534,0.0,nornal
163913,0.9766,0.2664,-0.144,0.664,2.817,-0.176,nornal
163933,0.9744,0.2661,-0.1465,1.183,3.389,0.115,nornal
163953,0.9736,0.2585,-0.1516,1.038,3.42,-0.107,nornal
163973,0.978,0.2588,-0.1509,0.13,3.221,-0.366,nornal
163993,0.9766,0.2576,-0.1438,0.023,3.435,-0.565,nornal
164013,0.9817,0.2566,-0.1436,-0.29,3.565,-0.473,nornal
164033,0.9756,0.2632,-0.1497,-0.366,3.229,-0.916,nornal
164053,0.9751,0.2622,-0.1501,-0.16,3.565,-0.809,nornal
164073,0.9758,0.2617,-0.1462,0.382,4.115,-0.855,nornal
164093,0.9722,0.2705,-0.144,0.573,3.885,-1.031,nornal
164113,0.9751,0.2656,-0.1472,0.71,3.939,-0.916,nornal
164133,0.9761,0.2661,-0.1509,0.534,3.504,-0.885,nornal
164153,0.9739,0.2642,-0.1423,0.221,3.443,-0.962,nornal
164173,0.9773,0.2617,-0.1448,0.053,3.29,-0.863,nornal
164193,0.9736,0.2632,-0.1438,0.206,3.237,-0.527,nornal
164213,0.9751,0.2605,-0.1511,0.008,3.145,-0.405,nornal
164233,0.9751,0.2637,-0.147,-0.237,2.84,-0.252,nornal
164253,0.9766,0.2642,-0.1462,-0.344,3.061,-0.313,nornal
164273,0.979,0.261,-0.1455,-0.496,3.26,-0.443,nornal
164293,0.9746,0.2654,-0.1416,-0.901,3.038,-0.71,nornal
164313,0.9736,0.2646,-0.1511,-0.855,3.336,-0.809,nornal
164333,0.9766,0.2712,-0.1521,-0.626,3.237,-0.893,nornal
164353,0.9739,0.2688,-0.1477,-0.298,3.473,-0.992,nornal
164373,0.9766,0.2678,-0.1482,0.328,3.382,-1.061,nornal
164393,0.9753,0.2673,-0.1387,0.389,3.015,-1.0,nornal
164413,0.9744,0.2659,-0.1438,0.389,3.397,-0.962,nornal
164433,0.981,0.2637,-0.1475,0.107,3.176,-0.939,nornal
164453,0.9763,0.2607,-0.1455,-0.282,3.374,-0.679,nornal
164473,0.9768,0.2581,-0.1375,-0.656,3.0,-0.725,nornal
164493,0.9783,0.2603,-0.1438,-0.931,2.534,-0.527,nornal
164514,0.9778,0.2588,-0.1492,-0.924,3.718,-0.557,nornal
164534,0.9792,0.2585,-0.1541,-1.458,3.435,-0.168,nornal
164554,0.9756,0.2649,-0.1416,-1.481,3.634,-0.573,nornal
164574,0.9736,0.2671,-0.1453,-1.405,3.794,-0.427,nornal
164594,0.9741,0.271,-0.146,-0.527,3.924,-0.305,nornal
164614,0.9775,0.2686,-0.1501,-0.305,3.947,-0.244,nornal
164634,0.9749,0.2659,-0.1445,0.084,3.443,-0.29,nornal
164654,0.9768,0.2668,-0.1497,-0.42,3.634,-0.595,nornal
164674,0.9758,0.2683,-0.145,-0.321,3.71,-0.802,nornal
164694,0.9746,0.2668,-0.1392,-0.153,3.992,-0.611,nornal
164714,0.9741,0.2734,-0.1396,-0.046,3.626,-0.817,nornal
164734,0.9785,0.2681,-0.144,0.427,3.389,-0.588,nornal
164754,0.9756,0.2642,-0.1387,0.412,4.015,-0.603,nornal
164774,0.9753,0.2654,-0.1396,0.084,4.221,-0.42,nornal
164794,0.9766,0.2705,-0.1472,-0.008,3.687,-0.137,nornal
164814,0.9795,0.2688,-0.1396,0.252,3.595,-0.473,nornal
164834,0.9749,0.2649,-0.147,0.168,3.641,-0.511,nornal
164854,0.9785,0.2659,-0.1382,0.137,3.595,-0.443,nornal
164874,0.9766,0.27,-0.1375,-0.061,3.542,-0.26,nornal
164894,0.9758,0.2646,-0.1487,0.069,3.718,-0.321,nornal
164914,0.978,0.2666,-0.1379,-0.221,3.374,-0.16,nornal
164934,0.9814,0.27,-0.1416,-0.046,3.061,-0.092,nornal
164954,0.9719,0.2644,-0.1433,-0.122,3.351,0.153,nornal
164974,0.9751,0.2705,-0.1404,0.092,3.458,0.206,nornal
164994,0.9788,0.2695,-0.135,0.115,3.374,0.176,nornal
165014,0.9749,0.2717,-0.1372,0.206,2.969,0.076,nornal
165034,0.9736,0.2693,-0.1401,0.16,3.176,0.183,nornal
165054,0.9761,0.27,-0.1355,0.328,2.977,0.145,nornal
165074,0.9783,0.262,-0.1411,0.092,3.389,-0.252,nornal
165094,0.9761,0.2686,-0.1377,0.58,3.603,-0.366,nornal
165114,0.978,0.2625,-0.1418,-0.099,3.603,-0.321,nornal
165134,0.9739,0.2671,-0.1455,-0.924,3.466,-0.771,nornal
165154,0.9741,0.2627,-0.1362,-1.298,3.443,-0.664,nornal
165174,0.9763,0.2673,-0.1433,-1.221,3.84,-0.672,nornal
165194,0.9756,0.2673,-0.1375,-0.916,3.198,-0.466,nornal
165214,0.9736,0.271,-0.1323,-0.603,3.153,-0.748,nornal
165234,0.9727,0.271,-0.1353,-0.244,3.779,-0.405,nornal
165254,0.9717,0.2749,-0.1443,-0.038,3.435,-0.466,nornal
165274,0.9773,0.2717,-0.137,0.458,3.466,-0.344,nornal
165294,0.9783,0.2705,-0.137,0.489,3.206,-0.244,nornal
165314,0.9727,0.271,-0.1365,0.656,3.435,-0.244,nornal
165334,0.978,0.2698,-0.136,0.252,3.099,-0.305,nornal
165354,0.9734,0.27,-0.1396,0.076,3.115,-0.344,nornal
165374,0.9773,0.2722,-0.1428,0.13,2.931,-0.313,nornal
165394,0.9761,0.271,-0.1418,0.115,3.382,-0.389,nornal
165414,0.9722,0.2722,-0.1389,-0.008,3.496,-0.664,nornal
165434,0.9756,0.2729,-0.134,0.153,3.275,-0.588,nornal
165454,0.9746,0.2725,-0.1375,0.053,3.046,-0.336,nornal
165474,0.9797,0.2693,-0.1416,-0.061,3.137,-0.42,nornal
165494,0.9771,0.2683,-0.1313,0.145,3.046,-0.618,nornal
165514,0.9751,0.2695,-0.1365,0.275,3.26,-0.053,nornal
165534,0.9768,0.2686,-0.1367,-0.023,3.053,-0.053,nornal
165554,0.9766,0.2683,-0.1406,-0.145,2.832,0.176,nornal
165574,0.9753,0.2688,-0.1411,0.229,3.145,0.115,nornal
165594,0.9751,0.2654,-0.1274,0.053,2.756,0.13,nornal
165614,0.9729,0.269,-0.137,0.183,2.679,0.473,nornal
165634,0.9749,0.2683,-0.1387,0.069,2.863,0.145,nornal
165654,0.9685,0.2678,-0.1392,-0.061,2.626,0.26,nornal
165674,0.978,0.2712,-0.1335,0.458,3.084,-0.069,nornal
165694,0.9773,0.2676,-0.137,0.405,2.687,0.0,nornal
165714,0.9768,0.2695,-0.1365,0.153,3.023,-0.076,nornal
165734,0.9753,0.2617,-0.1384,-0.168,3.611,0.008,nornal
165754,0.9722,0.2627,-0.1436,-0.809,3.275,-0.198,nornal
165774,0.9729,0.2642,-0.1409,-1.153,3.443,-0.573,nornal
165794,0.9741,0.2656,-0.1379,-0.656,3.122,-0.817,nornal
165814,0.9783,0.269,-0.1287,-1.031,3.015,-0.664,nornal
165834,0.9775,0.2686,-0.1331,-0.908,2.977,-0.595,nornal
165854,0.9756,0.2715,-0.1345,-0.557,3.053,-0.542,nornal
165874,0.9746,0.2727,-0.134,-0.275,3.084,-0.344,nornal
165894,0.9744,0.269,-0.1335,-0.198,2.687,-0.336,nornal
165914,0.9785,0.2668,-0.1294,0.092,2.84,-0.435,nornal
165934,0.9778,0.2671,-0.1411,0.206,2.847,-0.168,nornal
165954,0.9773,0.2639,-0.136,-0.084,2.672,-0.031,nornal
165974,0.9785,0.2683,-0.1355,-0.137,2.71,0.137,nornal
165994,0.9727,0.2668,-0.136,0.092,2.679,-0.038,nornal
166014,0.9719,0.2673,-0.1353,0.183,2.565,-0.16,nornal
166034,0.9768,0.2693,-0.1392,0.244,2.718,0.328,nornal
166054,0.9802,0.2671,-0.1338,0.031,2.504,0.466,nornal
166074,0.9736,0.2651,-0.1453,0.313,2.221,0.336,nornal
166094,0.9739,0.2661,-0.1401,-0.107,2.458,0.366,nornal
166114,0.9736,0.2671,-0.1431,0.16,2.58,0.649,nornal
166134,0.9751,0.2661,-0.135,0.046,2.779,0.679,nornal
166154,0.9753,0.2676,-0.1433,-0.145,2.824,0.725,nornal
166174,0.9756,0.2659,-0.1416,0.183,2.87,0.496,nornal
166194,0.9753,0.2678,-0.1462,0.153,2.313,0.244,nornal
166214,0.9783,0.2656,-0.1482,0.145,2.389,0.221,nornal
166234,0.9724,0.2727,-0.1338,0.595,2.74,0.046,nornal
166254,0.9719,0.2671,-0.1504,0.595,2.71,0.13,nornal
166274,0.9729,0.2708,-0.1389,0.588,2.641,0.084,nornal
166294,0.9749,0.2698,-0.1431,0.58,2.511,0.45,nornal
166314,0.9775,0.2715,-0.1433,0.191,2.496,0.275,nornal
166334,0.9736,0.2695,-0.1482,0.634,2.435,0.313,nornal
166354,0.9724,0.2676,-0.1462,1.237,2.947,0.305,nornal
166374,0.9707,0.2676,-0.1409,1.313,3.099,0.145,nornal
166394,0.9744,0.2644,-0.1421,1.176,3.031,0.023,nornal
166414,0.9795,0.2661,-0.1479,1.321,2.702,0.031,nornal
166434,0.9761,0.262,-0.1497,1.412,2.786,0.015,nornal
166454,0.9775,0.2649,-0.1436,1.198,2.611,0.26,nornal
166474,0.9746,0.2681,-0.1487,1.405,2.74,-0.023,nornal
166494,0.9749,0.2651,-0.147,1.107,2.702,0.023,nornal
166515,0.9734,0.2634,-0.146,1.229,2.733,-0.015,nornal
166535,0.9731,0.2625,-0.1448,1.206,3.0,-0.069,nornal
166555,0.9795,0.2637,-0.1467,1.214,2.962,-0.092,nornal
166575,0.9763,0.2593,-0.1438,0.817,3.405,0.0,nornal
166595,0.9727,0.259,-0.1465,0.74,3.527,-0.183,nornal
166615,0.9778,0.261,-0.1443,1.168,3.626,-0.282,nornal
166635,0.9773,0.2595,-0.1438,0.565,3.466,-0.832,nornal
166655,0.9792,0.2615,-0.1567,0.58,3.756,-1.13,nornal
166675,0.9783,0.2617,-0.1467,0.763,3.58,-1.26,nornal
166695,0.9739,0.2622,-0.1504,0.931,3.542,-1.099,nornal
166715,0.9734,0.2627,-0.147,0.397,3.366,-1.031,nornal
166735,0.9751,0.2661,-0.1477,0.786,3.893,-1.008,nornal
166755,0.9744,0.2642,-0.145,0.885,3.573,-1.351,nornal
166775,0.9761,0.2593,-0.1428,0.87,3.214,-1.008,nornal
166795,0.9753,0.2588,-0.1455,0.649,3.115,-0.756,nornal
166815,0.9758,0.2593,-0.1479,0.252,2.908,-0.87,nornal
166835,0.9775,0.2607,-0.1479,-0.29,2.695,-0.725,nornal
166855,0.9768,0.2612,-0.144,-0.115,2.679,0.107,nornal
166875,0.9734,0.2644,-0.1602,-0.42,3.092,0.076,nornal
166895,0.978,0.2654,-0.1475,-0.672,2.969,-0.107,nornal
166915,0.9756,0.2639,-0.1418,-0.237,3.244,0.351,nornal
166935,0.9758,0.2603,-0.1497,-0.092,2.695,0.076,nornal
166955,0.9756,0.262,-0.1428,-0.168,2.725,-0.031,nornal
166975,0.9746,0.2656,-0.1489,0.015,3.137,-0.031,nornal
166995,0.9753,0.2578,-0.1445,0.176,3.405,-0.168,nornal
167015,0.9785,0.2603,-0.1465,-0.519,3.55,-0.382,nornal
167035,0.9761,0.2612,-0.1443,-0.901,3.489,-0.137,nornal
167055,0.9771,0.2644,-0.1423,-0.962,3.832,-0.382,nornal
167075,0.9783,0.2639,-0.1428,-0.855,3.489,-0.168,nornal
167095,0.9756,0.2642,-0.1416,-1.137,3.13,-0.107,nornal
167115,0.9749,0.2668,-0.1387,-0.985,3.359,-0.198,nornal
167135,0.9739,0.2656,-0.1492,-0.557,3.275,-0.176,nornal
167155,0.9731,0.2646,-0.1458,-0.664,3.198,-0.435,nornal
167175,0.9731,0.2683,-0.1396,-0.84,3.809,-0.496,nornal
167195,0.9802,0.2666,-0.147,-0.588,3.344,-0.107,nornal
167215,0.9758,0.261,-0.1387,-0.45,3.076,0.252,nornal
167235,0.9749,0.262,-0.1384,-0.702,2.817,0.237,nornal
167255,0.9746,0.2681,-0.1453,-0.802,3.359,0.061,nornal
167275,0.9783,0.2617,-0.1509,-0.916,3.198,0.282,nornal
167295,0.9758,0.27,-0.1384,-0.901,2.58,0.038,nornal
167315,0.9739,0.2644,-0.1453,-0.74,2.634,0.046,nornal
167335,0.9783,0.2659,-0.1455,-0.382,2.931,0.267,nornal
167355,0.9783,0.2625,-0.145,-0.198,2.992,0.412,nornal
167375,0.9724,0.2605,-0.1372,-0.176,2.931,0.504,nornal
167395,0.9819,0.2671,-0.1399,-0.664,2.618,0.45,nornal
167415,0.978,0.2656,-0.1479,-0.611,2.786,0.443,nornal
167435,0.9758,0.2644,-0.1409,-0.672,2.656,-0.023,nornal
167455,0.9758,0.2627,-0.1404,-0.366,2.664,-0.038,nornal
167475,0.9717,0.2629,-0.1428,-0.221,2.962,-0.29,nornal
167495,0.9756,0.2607,-0.1418,-0.366,3.321,-0.366,nornal
167515,0.9761,0.2605,-0.1465,-0.092,3.481,-0.046,nornal
167535,0.9751,0.2646,-0.1475,-0.389,3.191,-0.015,nornal
167555,0.9773,0.2664,-0.1409,-0.725,3.221,-0.092,nornal
167575,0.9778,0.2642,-0.1475,-0.435,3.382,-0.153,nornal
167595,0.9761,0.2637,-0.1445,-0.55,3.168,-0.359,nornal
167615,0.9761,0.2659,-0.1489,0.122,2.855,-0.489,nornal
167635,0.9724,0.2629,-0.1433,-0.053,3.534,-0.504,nornal
167655,0.9749,0.262,-0.1433,-0.42,3.863,-0.672,nornal
167675,0.9746,0.2644,-0.1392,-0.527,3.832,-0.435,nornal
167695,0.98,0.2651,-0.1497,-0.565,3.756,-0.55,nornal
167715,0.9785,0.2607,-0.1406,-0.473,3.237,-0.366,nornal
167735,0.9771,0.2654,-0.1462,-0.878,3.481,-0.229,nornal
167755,0.9746,0.2651,-0.144,-0.885,3.679,-0.099,nornal
167775,0.9771,0.2661,-0.1406,-0.71,3.275,-0.137,nornal
167795,0.9749,0.2693,-0.1467,-0.756,2.962,-0.473,nornal
167815,0.9744,0.2681,-0.1436,-0.191,3.13,-0.336,nornal
167835,0.9768,0.2703,-0.1377,0.229,3.053,-0.191,nornal
167855,0.9758,0.2632,-0.1433,0.038,3.038,-0.168,nornal
167875,0.9763,0.2571,-0.1501,0.412,3.214,0.015,nornal
167895,0.978,0.261,-0.1511,0.321,3.084,-0.351,nornal
167915,0.9775,0.2625,-0.1436,0.153,2.863,-0.069,nornal
167935,0.9775,0.2615,-0.1414,-0.649,3.122,-0.489,nornal
167955,0.9758,0.2595,-0.1465,-0.611,3.046,-0.244,nornal
167975,0.9712,0.2683,-0.1475,-0.298,3.069,-0.397,nornal
167995,0.9758,0.2615,-0.1528,-0.26,2.939,-0.427,nornal
168015,0.9753,0.2642,-0.1506,-0.26,3.229,-0.405,nornal
168035,0.9758,0.2698,-0.1382,-0.611,3.237,-0.183,nornal
168055,0.981,0.2632,-0.1445,-0.595,3.282,-0.084,nornal
168075,0.9756,0.2683,-0.1411,-0.74,3.084,-0.115,nornal
168095,0.9805,0.2717,-0.1399,-0.382,2.969,-0.489,nornal
168115,0.9768,0.2654,-0.1504,0.023,3.115,-0.901,nornal
168135,0.9727,0.2698,-0.1384,0.145,3.26,-0.893,nornal
168155,0.9775,0.2705,-0.1338,0.344,3.542,-1.031,nornal
168175,0.9736,0.2708,-0.1443,0.542,3.458,-1.275,nornal
168195,0.9788,0.2708,-0.1355,0.725,3.374,-1.0,nornal
168215,0.978,0.2661,-0.1436,0.718,3.603,-0.74,nornal
168235,0.9736,0.26,-0.1328,1.115,3.031,-0.771,nornal
168255,0.978,0.2595,-0.1406,0.908,3.534,-0.809,nornal
168275,0.9771,0.2668,-0.1379,0.733,3.664,-1.137,nornal
168295,0.979,0.2588,-0.1433,0.695,4.023,-0.847,nornal
168315,0.9741,0.2561,-0.1465,0.885,3.786,-0.954,nornal
168335,0.9741,0.2583,-0.1499,0.183,3.695,-1.061,nornal
168355,0.9771,0.2651,-0.1436,-0.695,3.695,-1.183,nornal
168375,0.9741,0.2661,-0.1416,-0.504,3.656,-1.076,nornal
168395,0.9785,0.2683,-0.1423,-0.244,3.305,-0.87,nornal
168415,0.979,0.2686,-0.145,-0.038,2.916,-0.382,nornal
168435,0.9751,0.2673,-0.1453,-0.015,2.748,-0.137,nornal
168455,0.9758,0.2725,-0.1418,-0.153,3.061,0.015,nornal
168475,0.9788,0.2671,-0.144,0.252,2.382,0.183,nornal
168495,0.9763,0.2637,-0.1423,0.481,2.0,0.527,nornal
168516,0.9778,0.2639,-0.1392,0.313,2.336,0.832,nornal
168536,0.9751,0.2664,-0.145,0.168,2.557,0.893,nornal
168556,0.9749,0.2661,-0.1458,0.656,2.45,1.023,nornal
168576,0.9773,0.2664,-0.1475,0.779,2.206,1.206,nornal
168596,0.9744,0.2676,-0.146,0.924,2.046,1.061,nornal
168616,0.9758,0.2659,-0.1455,0.817,2.328,0.763,nornal
168636,0.9797,0.2705,-0.1448,0.916,2.382,1.023,nornal
168656,0.9761,0.2695,-0.1475,1.237,2.565,0.985,nornal
168676,0.9734,0.2698,-0.1489,1.763,2.992,0.595,nornal
168696,0.9758,0.269,-0.1431,1.748,2.916,0.496,nornal
168716,0.9734,0.2632,-0.1455,1.328,3.015,0.099,nornal
168736,0.9729,0.2642,-0.1416,1.298,2.885,-0.359,nornal
168756,0.9756,0.2615,-0.1487,0.863,3.321,-0.786,nornal
168776,0.9746,0.2627,-0.1453,0.603,3.504,-1.061,nornal
168796,0.9724,0.2593,-0.1453,0.458,3.954,-1.107,nornal
168816,0.9783,0.2646,-0.1428,0.008,4.107,-1.58,nornal
168836,0.9753,0.2656,-0.1423,0.16,4.145,-1.473,nornal
168856,0.9739,0.2629,-0.1401,0.038,4.084,-1.473,nornal
168876,0.9773,0.2646,-0.1411,-0.344,3.863,-1.397,nornal
168896,0.9768,0.269,-0.146,-0.511,3.603,-1.351,nornal
168916,0.9761,0.2688,-0.1482,-0.183,3.74,-1.298,nornal
168936,0.9736,0.2698,-0.1482,-0.023,3.466,-1.275,nornal
168956,0.9729,0.2683,-0.1423,0.183,3.687,-1.122,nornal
168976,0.9734,0.2637,-0.1504,0.298,3.718,-0.847,nornal
168996,0.9734,0.2605,-0.1423,-0.244,3.221,-0.496,nornal
169016,0.9773,0.2644,-0.1458,-0.763,2.771,-0.473,nornal
169036,0.9746,0.2605,-0.1567,-0.252,3.305,-0.435,nornal
169056,0.9788,0.2617,-0.1494,-0.336,3.13,-0.099,nornal
169076,0.9741,0.2661,-0.1399,-0.321,3.084,-0.382,nornal
169096,0.9758,0.2629,-0.147,-0.275,3.115,-0.275,nornal
169116,0.9756,0.2708,-0.1465,-0.496,3.374,-0.405,nornal
169136,0.9734,0.2683,-0.1528,-0.305,3.595,-0.321,nornal
169156,0.9749,0.2673,-0.1372,0.122,3.511,-0.282,nornal
169176,0.9778,0.2695,-0.1492,0.466,3.42,-0.527,nornal
169196,0.9739,0.2651,-0.1467,0.008,2.939,-0.397,nornal
169216,0.9749,0.2686,-0.1448,-0.092,3.618,-0.16,nornal
169236,0.9773,0.2656,-0.1428,-0.847,3.427,-0.191,nornal
169256,0.9775,0.2664,-0.1436,-0.702,3.328,-0.344,nornal
169276,0.9746,0.2681,-0.145,-0.634,3.031,-0.351,nornal
169296,0.9746,0.2688,-0.1409,-0.588,3.252,-0.214,nornal
169316,0.9741,0.2673,-0.1421,-0.748,3.298,-0.13,nornal
169336,0.9788,0.2703,-0.1406,-0.466,3.656,-0.244,nornal
169356,0.9756,0.2729,-0.135,-0.603,3.305,-0.237,nornal
169376,0.97,0.2722,-0.1365,-0.321,3.42,-0.366,nornal
169396,0.9734,0.2771,-0.1384,-0.107,3.58,-0.252,nornal
169416,0.9727,0.2732,-0.1313,-0.046,3.504,-0.42,nornal
169436,0.9753,0.2717,-0.1333,-0.023,3.565,-0.229,nornal
169456,0.9744,0.2751,-0.1433,-0.107,3.244,-0.214,nornal
169476,0.9714,0.2742,-0.1438,-0.069,3.351,-0.008,nornal
169496,0.9758,0.2646,-0.1426,0.214,3.008,0.115,nornal
169516,0.9783,0.2666,-0.136,-0.298,2.977,-0.542,nornal
169536,0.9724,0.2676,-0.1404,-0.794,2.931,-0.267,nornal
169556,0.9761,0.2729,-0.1384,-0.504,3.031,-0.26,nornal
169576,0.9734,0.2722,-0.1445,-0.321,3.069,-0.153,nornal
169596,0.9751,0.2649,-0.1448,0.252,3.466,-0.061,nornal
169616,0.9761,0.2605,-0.1433,-0.107,3.573,0.267,nornal
169636,0.9741,0.2683,-0.1414,-0.924,3.389,-0.069,nornal
169656,0.9741,0.2668,-0.1519,-0.901,2.695,0.336,nornal
169676,0.9775,0.262,-0.1445,-0.863,2.672,-0.008,nornal
169696,0.9739,0.2637,-0.1462,-0.786,2.947,-0.046,nornal
169716,0.9771,0.2651,-0.1406,-1.275,2.718,-0.107,nornal
169736,0.9758,0.2695,-0.1438,-1.267,3.244,-0.221,nornal
169756,0.9771,0.2673,-0.146,-1.076,3.29,-0.107,nornal
169776,0.9717,0.2695,-0.145,-0.458,3.427,0.076,nornal
169796,0.9727,0.2712,-0.1492,-0.237,3.221,-0.122,nornal
169816,0.9783,0.2695,-0.1455,0.061,3.435,-0.214,nornal
169836,0.9763,0.2661,-0.1455,-0.137,3.458,0.076,nornal
169856,0.9768,0.2673,-0.1396,0.092,2.947,0.16,nornal
169876,0.9729,0.2637,-0.1414,-0.015,3.252,-0.321,nornal
169896,0.9719,0.2646,-0.147,-0.023,3.069,-0.153,nornal
169916,0.979,0.2671,-0.1416,0.038,3.519,0.015,nornal
169936,0.9771,0.271,-0.1414,0.069,2.916,-0.168,nornal
169956,0.9741,0.2678,-0.1472,-0.107,3.244,-0.015,nornal
169976,0.9746,0.2708,-0.1375,0.489,3.275,0.244,nornal
169996,0.9775,0.2717,-0.1416,0.435,3.26,0.183,nornal
170016,0.9741,0.2712,-0.1396,0.328,3.053,0.115,nornal
170036,0.9736,0.27,-0.1484,0.252,3.336,0.008,nornal
170056,0.9734,0.2698,-0.1399,0.473,3.053,-0.176,nornal
170076,0.9758,0.2695,-0.1426,0.641,3.389,-0.176,nornal
170096,0.9746,0.2673,-0.1467,1.038,3.229,-0.359,nornal
170116,0.9734,0.2639,-0.1453,0.969,3.275,-0.237,nornal
170136,0.9783,0.2664,-0.1401,0.748,3.359,-0.519,nornal
170156,0.9763,0.27,-0.1409,0.557,3.092,-0.435,nornal
170176,0.9768,0.2644,-0.1375,0.718,3.542,0.122,nornal
170196,0.9736,0.2666,-0.1409,0.328,3.229,-0.252,nornal
170216,0.9731,0.2649,-0.1445,0.313,3.26,-0.122,nornal
170236,0.9746,0.2639,-0.1458,0.466,3.84,-0.29,nornal
170256,0.9783,0.2625,-0.1428,0.511,3.649,-0.527,nornal
170276,0.9807,0.2629,-0.1404,0.053,3.489,-0.42,nornal
170296,0.9766,0.2637,-0.1411,-0.389,3.359,-0.603,nornal
170316,0.9785,0.262,-0.1438,-0.389,3.038,-0.649,nornal
170336,0.98,0.2676,-0.1428,-0.641,3.183,-0.542,nornal
170356,0.9761,0.2681,-0.1396,-0.618,3.061,-0.481,nornal
170376,0.9756,0.2668,-0.1409,-0.695,3.55,-0.221,nornal
170396,0.9717,0.2678,-0.1445,-0.511,2.763,-0.344,nornal
170416,0.9788,0.2654,-0.1396,0.008,2.733,-0.298,nornal
170436,0.9758,0.2671,-0.1396,0.176,2.695,0.046,nornal
170456,0.9758,0.2698,-0.1448,0.107,2.504,-0.061,nornal
170476,0.9814,0.2703,-0.1465,-0.145,2.504,0.221,nornal
170496,0.9814,0.2666,-0.135,-0.252,2.771,0.214,nornal
170517,0.9778,0.2646,-0.136,0.046,2.672,0.305,nornal
170537,0.9717,0.2686,-0.1348,0.061,3.015,0.145,nornal
170557,0.9736,0.272,-0.1431,0.145,2.42,0.145,nornal
170577,0.9795,0.2734,-0.1431,0.679,2.649,0.16,nornal
170597,0.9766,0.271,-0.1433,0.794,2.817,0.595,nornal
170617,0.9739,0.2668,-0.1399,0.824,2.626,0.389,nornal
170637,0.9724,0.2683,-0.1414,0.74,2.992,0.214,nornal
170657,0.9763,0.2668,-0.1418,0.534,3.13,0.183,nornal
170677,0.9739,0.2676,-0.1436,0.557,3.008,-0.221,nornal
170697,0.9766,0.2639,-0.1431,0.656,2.916,-0.397,nornal
170717,0.9717,0.2664,-0.1455,0.595,2.611,-0.573,nornal
170737,0.978,0.2678,-0.1433,0.458,3.069,-0.374,nornal
170757,0.9758,0.2603,-0.1414,0.122,2.618,-0.221,nornal
170777,0.9749,0.2688,-0.1423,-0.099,3.107,-0.229,nornal
170797,0.9741,0.2683,-0.1438,-0.115,2.733,-0.031,nornal
170817,0.9805,0.2617,-0.1436,-0.214,2.985,-0.069,nornal
170837,0.9761,0.2686,-0.1418,-0.443,2.802,0.008,nornal
170857,0.9751,0.2671,-0.1421,-0.198,2.985,0.099,nornal
170877,0.9744,0.2656,-0.1494,0.107,3.137,0.023,nornal
170897,0.9739,0.26,-0.1492,-0.015,3.26,-0.519,nornal
170917,0.9756,0.2654,-0.1448,-0.214,3.137,-0.298,nornal
170937,0.9783,0.2654,-0.1436,-0.206,3.145,-0.504,nornal
170957,0.9802,0.2671,-0.1431,0.084,3.038,-0.198,nornal
170977,0.9795,0.2678,-0.1438,0.336,2.634,-0.115,nornal
170997,0.9751,0.2681,-0.1426,-0.084,2.824,0.031,nornal
171017,0.9717,0.2639,-0.1504,0.076,3.206,-0.168,nornal
171037,0.9724,0.2632,-0.1423,-0.122,3.42,0.076,nornal
171057,0.9773,0.2622,-0.1438,-0.092,2.809,-0.489,nornal
171077,0.9753,0.2644,-0.1475,0.092,2.962,-0.466,nornal
171097,0.9744,0.2673,-0.1467,0.16,2.641,-0.031,nornal
171117,0.9722,0.2632,-0.1509,0.252,2.992,-0.183,nornal
171137,0.9751,0.2629,-0.1472,0.115,2.611,-0.244,nornal
171157,0.9751,0.2634,-0.1477,-0.084,2.733,0.099,nornal
171177,0.9792,0.2649,-0.1543,-0.046,2.924,-0.038,nornal
171197,0.978,0.2629,-0.1401,-0.183,3.115,0.031,nornal
171217,0.9773,0.2625,-0.1526,0.145,3.13,0.008,nornal
171237,0.9756,0.2654,-0.1475,0.252,3.214,0.13,nornal
171257,0.9768,0.2668,-0.1533,0.511,3.466,0.282,nornal
171277,0.9712,0.2654,-0.1475,0.191,3.145,-0.351,nornal
171297,0.9751,0.2654,-0.1445,0.374,3.397,-0.458,nornal
171317,0.9749,0.2642,-0.1506,0.153,3.305,-0.45,nornal
171337,0.9744,0.2673,-0.1431,0.107,3.015,-0.573,nornal
171357,0.9797,0.2646,-0.1487,-0.038,3.321,-0.55,nornal
171377,0.9773,0.2681,-0.1377,0.153,3.527,-0.26,nornal
171397,0.9744,0.2673,-0.1389,0.107,3.489,0.023,nornal
171417,0.9758,0.2625,-0.1396,0.145,3.313,0.176,nornal
171437,0.9751,0.2607,-0.1404,0.313,3.252,0.092,nornal
171457,0.9734,0.2681,-0.145,-0.023,2.656,-0.115,nornal
171477,0.9744,0.2656,-0.1458,0.557,3.115,-0.115,nornal
171497,0.9758,0.26,-0.1465,0.802,3.618,-0.359,nornal
171517,0.9802,0.2664,-0.146,0.023,3.336,0.145,nornal
171537,0.9744,0.2625,-0.1467,-0.206,3.122,-0.015,nornal
171557,0.9773,0.2629,-0.1433,-0.076,3.229,0.305,nornal
171577,0.9773,0.2688,-0.1433,-0.412,3.092,0.031,nornal
171597,0.9766,0.2656,-0.1458,-0.061,3.145,0.458,nornal
171617,0.9744,0.2649,-0.158,0.038,3.069,0.244,nornal
171637,0.9734,0.2627,-0.1421,-0.084,2.687,0.053,nornal
171657,0.9761,0.2654,-0.1521,-0.16,2.588,-0.618,nornal
171677,0.9727,0.2661,-0.1492,0.061,3.0,-0.374,nornal
171697,0.9795,0.2629,-0.1445,-0.099,3.023,-0.015,nornal
171717,0.9771,0.2583,-0.1448,-0.29,3.42,0.0,nornal
171737,0.978,0.262,-0.1467,-0.313,3.244,0.168,nornal
171757,0.9763,0.2639,-0.1504,-0.664,3.092,0.183,nornal
171777,0.9771,0.2695,-0.1453,-0.504,3.061,0.29,nornal
171797,0.9727,0.2688,-0.1514,-0.13,3.298,0.168,nornal
171817,0.9766,0.2695,-0.1472,-0.061,3.244,-0.015,nornal
171837,0.9697,0.2673,-0.1487,0.107,2.992,-0.206,nornal
171857,0.9746,0.2668,-0.1465,0.313,3.061,0.069,nornal
171877,0.9783,0.2705,-0.1409,0.305,2.901,0.16,nornal
171897,0.9812,0.2639,-0.1436,0.939,3.061,-0.122,nornal
171917,0.98,0.2625,-0.1521,0.809,3.122,-0.137,nornal
171937,0.9739,0.2612,-0.1418,0.649,3.336,-0.282,nornal
171957,0.9746,0.2651,-0.1484,0.901,3.26,-0.458,nornal
171977,0.9746,0.2661,-0.1462,0.817,3.725,-0.687,nornal
171997,0.9763,0.2646,-0.1433,0.611,3.855,-0.366,nornal
172017,0.9795,0.2634,-0.1482,0.344,3.336,-0.656,nornal
172037,0.9792,0.262,-0.1406,0.321,2.962,-0.794,nornal
172057,0.9736,0.2593,-0.1453,0.015,3.099,-0.687,nornal
172077,0.9739,0.2644,-0.1497,0.183,3.084,-0.595,nornal
172097,0.9761,0.2622,-0.1479,0.176,3.366,-0.489,nornal
172117,0.9771,0.2607,-0.1433,-0.153,3.198,-0.527,nornal
172137,0.9783,0.2607,-0.1416,-1.244,3.389,-0.206,nornal
172157,0.9788,0.2632,-0.1536,-1.359,3.031,-0.267,nornal
172177,0.9751,0.2703,-0.1548,-0.962,2.84,-0.313,nornal
172197,0.9792,0.2717,-0.1597,-1.244,2.649,-0.55,nornal
172217,0.9722,0.2649,-0.156,-1.458,2.725,-0.298,nornal
172237,0.9734,0.2588,-0.155,-2.115,2.45,-0.473,nornal
172257,0.9763,0.2559,-0.1545,-3.061,2.427,-0.221,nornal
172277,0.978,0.2571,-0.1438,-3.954,2.504,-0.13,nornal
172297,0.9773,0.2666,-0.1499,-4.351,2.504,0.183,nornal
172317,0.9731,0.2634,-0.1492,-5.824,3.023,0.198,nornal
172337,0.9739,0.262,-0.1445,-7.076,2.573,0.351,nornal
172357,0.9746,0.2673,-0.1531,-8.397,2.244,0.382,nornal
172377,0.969,0.2734,-0.1494,-9.046,2.443,-0.252,nornal
172397,0.9675,0.2703,-0.1396,-9.977,2.763,-0.695,nornal
172417,0.9697,0.2661,-0.1401,-10.824,3.626,-0.962,nornal
172437,0.9697,0.2688,-0.1392,-11.191,3.321,-0.771,nornal
172457,0.9727,0.2754,-0.1382,-11.16,3.221,-0.305,nornal
172477,0.9702,0.2783,-0.1423,-12.061,3.008,-0.145,nornal
172497,0.9719,0.2717,-0.1431,-13.069,2.809,0.58,nornal
172518,0.979,0.2683,-0.1431,-13.809,2.084,1.42,nornal
172538,0.978,0.2727,-0.1367,-13.794,1.29,1.756,nornal
172558,0.9785,0.2747,-0.1418,-13.328,0.733,1.931,nornal
172578,0.9741,0.2739,-0.1443,-13.481,0.427,2.031,nornal
172598,0.9709,0.2739,-0.1511,-14.069,0.573,2.336,nornal
172618,0.9766,0.2703,-0.1509,-15.176,0.298,2.603,nornal
172638,0.9822,0.2673,-0.1428,-16.092,-0.962,2.504,nornal
172658,0.9756,0.2681,-0.1414,-17.252,-1.763,2.511,nornal
172678,0.9749,0.2686,-0.134,-17.702,-2.389,3.191,nornal
172698,0.9771,0.2759,-0.1155,-17.573,-2.16,3.779,nornal
172718,0.9773,0.2712,-0.1157,-19.198,-0.74,3.924,nornal
172738,0.9731,0.2651,-0.1023,-21.779,-0.145,3.855,nornal
172758,0.9749,0.262,-0.1145,-24.641,0.092,2.947,nornal
172778,0.968,0.2737,-0.1072,-26.588,-0.435,1.588,nornal
172798,0.9617,0.2739,-0.0981,-26.702,3.206,0.237,nornal
172818,0.9604,0.2739,-0.0725,-26.878,6.015,-1.603,nornal
172838,0.9739,0.2722,-0.0986,-28.802,4.427,-2.824,nornal
172858,0.9675,0.2639,-0.0867,-30.855,4.023,-2.962,nornal
172878,0.958,0.26,-0.0723,-33.641,5.412,-2.565,nornal
172898,0.9775,0.2512,-0.0793,-39.069,4.863,-2.55,nornal
172918,0.9521,0.2432,-0.0457,-49.641,4.252,-3.519,nornal
172938,0.9541,0.2471,-0.0481,-65.45,1.611,-5.176,nornal
172958,0.9631,0.2229,-0.0378,-74.695,5.931,-7.565,nornal
172978,0.9851,0.2578,-0.0583,-74.435,11.847,-9.885,nornal
172998,0.967,0.2778,-0.0256,-74.069,10.511,-11.992,nornal
173018,1.0007,0.2717,-0.0969,-59.779,11.206,-11.206,nornal
173038,1.0186,0.2866,-0.1067,-48.779,6.901,-8.626,nornal
173058,1.0225,0.2561,-0.093,-45.466,3.985,-4.565,nornal
173078,1.0186,0.2126,-0.0439,-47.58,4.008,0.397,nornal
173098,1.0205,0.2012,-0.0127,-53.695,2.977,3.809,nornal
173118,1.0037,0.2087,0.0073,-60.725,0.985,5.534,nornal
173138,1.0066,0.2524,0.0005,-63.595,-1.145,5.298,nornal
173158,0.9919,0.2825,-0.002,-62.733,-5.214,3.359,nornal
173178,0.9861,0.2922,-0.0217,-55.969,-5.962,1.023,nornal
173198,0.9944,0.292,-0.0273,-50.397,-9.16,-1.84,nornal
173218,0.9841,0.2756,-0.0442,-44.489,-13.069,-3.42,nornal
173238,0.9827,0.2515,-0.0542,-40.603,-17.267,-4.374,nornal
173258,0.9753,0.2341,-0.0413,-43.969,-20.565,-5.756,nornal
173278,0.99,0.2095,-0.0525,-49.29,-22.092,-7.038,nornal
173298,0.9949,0.1917,-0.0176,-55.618,-24.977,-7.214,nornal
173318,0.9988,0.196,0.0015,-61.557,-24.931,-7.473,nornal
173338,1.0083,0.207,0.0203,-65.939,-25.214,-7.664,nornal
173358,1.01,0.2192,0.0393,-67.649,-25.412,-7.191,nornal
173378,0.9956,0.2268,0.0728,-66.473,-24.779,-6.931,nornal
173398,0.9932,0.2451,0.0576,-61.397,-25.244,-7.229,nornal
173418,0.9763,0.2571,0.0859,-58.71,-24.885,-6.618,nornal
173438,0.9812,0.2649,0.0747,-57.511,-23.405,-5.489,nornal
173458,0.9956,0.2646,0.0801,-55.969,-23.74,-4.122,nornal
173478,0.9827,0.2698,0.064,-52.176,-22.962,-3.832,nornal
173498,0.9812,0.2698,0.031,-47.504,-22.641,-6.16,nornal
173518,0.9722,0.2634,0.0181,-42.718,-23.847,-8.008,nornal
173538,0.9773,0.2656,0.0063,-39.305,-25.565,-9.557,nornal
173558,0.9688,0.2881,-0.0212,-36.008,-26.26,-9.427,nornal
173578,0.9705,0.3081,-0.054,-30.916,-27.168,-8.374,nornal
173598,0.9663,0.311,-0.0698,-24.527,-25.16,-6.733,nornal
173618,0.9556,0.3123,-0.0674,-20.504,-18.695,-2.779,nornal
173638,0.9502,0.3105,-0.0647,-17.939,-11.511,2.511,nornal
173658,0.9756,0.2625,-0.0305,-16.145,-3.832,7.229,nornal
173678,0.9724,0.2158,-0.0095,-20.458,2.809,10.298,nornal
173698,0.9497,0.2119,-0.0317,-28.084,4.0,10.069,nornal
173718,0.9233,0.231,-0.0398,-32.939,2.198,6.672,nornal
173738,0.9146,0.2444,-0.052,-35.382,2.191,0.786,nornal
173758,0.9248,0.2595,-0.0566,-37.557,5.962,-4.992,nornal
173778,0.9531,0.27,-0.0735,-39.702,7.176,-7.137,nornal
173798,0.9836,0.2817,-0.0977,-42.618,2.977,-6.947,nornal
173818,0.9795,0.3062,-0.0996,-44.244,-2.344,-6.038,nornal
173838,0.9819,0.3054,-0.114,-46.008,-5.244,-4.901,nornal
173858,0.9812,0.2908,-0.0916,-47.45,-5.344,-3.198,nornal
173878,0.9873,0.28,-0.0701,-50.947,-6.099,-1.015,nornal
173898,0.988,0.2969,-0.0764,-57.969,-10.198,1.153,nornal
173918,1.0359,0.3223,-0.1509,-64.58,-20.504,2.481,nornal
173938,1.0674,0.2932,-0.1511,-69.344,-33.267,1.603,nornal
173958,1.0098,0.2615,-0.1448,-76.122,-38.084,3.954,nornal
173978,0.978,0.2461,-0.1711,-86.84,-40.252,6.977,nornal
173998,1.0247,0.2781,-0.1936,-97.084,-46.84,8.832,nornal
174018,1.0598,0.3193,-0.1326,-104.397,-57.756,7.305,nornal
174038,1.0657,0.3606,-0.0979,-108.0,-64.282,5.374,nornal
174058,1.0168,0.3635,-0.1172,-103.992,-63.153,5.718,nornal
174078,0.9746,0.3665,-0.1565,-93.649,-59.252,9.0,nornal
174098,0.9358,0.3779,-0.1768,-85.191,-57.26,13.42,nornal
174118,0.906,0.3462,-0.1902,-80.527,-53.695,16.679,nornal
174138,0.9541,0.281,-0.2073,-72.74,-46.901,19.069,nornal
174158,0.978,0.2405,-0.2004,-66.924,-46.084,19.046,nornal
174178,0.946,0.2388,-0.1553,-67.084,-44.71,18.344,nornal
174198,0.9229,0.2422,-0.1628,-68.634,-40.176,17.863,nornal
174218,0.9075,0.252,-0.1824,-70.252,-35.046,16.328,nornal
174238,0.9148,0.2676,-0.2017,-66.168,-30.863,13.794,nornal
174258,0.929,0.2737,-0.2324,-58.13,-27.122,10.153,nornal
174278,0.9258,0.2598,-0.2224,-52.748,-25.588,8.214,nornal
174298,0.9207,0.2615,-0.2117,-51.137,-22.893,7.687,nornal
174318,0.9138,0.2434,-0.2332,-50.985,-21.466,6.802,nornal
174338,0.9163,0.2222,-0.2583,-48.962,-18.198,6.786,nornal
174358,0.9077,0.2224,-0.2637,-48.489,-14.153,5.443,nornal
174378,0.906,0.2219,-0.2727,-47.824,-11.053,3.13,nornal
174398,0.9153,0.2158,-0.291,-45.282,-7.069,1.534,nornal
174418,0.937,0.2236,-0.3093,-42.786,-4.206,-0.038,nornal
174438,0.9595,0.2239,-0.3374,-40.771,-2.794,-0.908,nornal
174458,0.9653,0.2363,-0.3193,-40.824,-1.168,-1.328,nornal
174478,0.9915,0.2454,-0.3228,-41.359,1.267,-0.977,nornal
174498,1.0117,0.2297,-0.3176,-43.618,-0.611,-0.244,nornal
174519,1.011,0.2378,-0.2576,-48.092,-1.366,-0.733,nornal
174539,0.9832,0.2839,-0.2456,-53.45,-3.771,-0.588,nornal
174559,0.9822,0.3376,-0.311,-48.656,-4.679,-1.26,nornal
174579,0.9045,0.3225,-0.3503,-39.519,-2.26,0.45,nornal
174599,1.074,0.4714,-0.3457,-35.229,-9.237,-2.473,nornal
174619,1.1511,0.3115,-0.2671,-30.252,-14.786,-13.42,nornal
174639,1.0505,0.5249,-0.1736,-20.802,-10.893,-10.069,nornal
174659,1.0422,0.5803,-0.2461,-7.84,-13.763,-8.374,nornal
174679,0.9248,0.4919,-0.1426,5.176,-5.969,-3.359,nornal
174699,0.8494,0.4622,-0.1052,15.107,11.718,4.405,nornal
174719,0.8442,0.3804,-0.0879,18.42,19.389,10.924,nornal
174739,0.906,0.2859,-0.0549,17.55,20.611,13.649,nornal
174759,0.9583,0.2131,0.0063,7.618,11.099,8.832,nornal
174779,0.9543,0.2151,0.0527,-6.374,6.885,-0.817,nornal
174799,0.9417,0.2783,-0.0088,-19.962,4.412,-9.565,nornal
174819,0.8953,0.3315,-0.0405,-23.611,7.282,-11.244,nornal
174839,0.8904,0.3882,-0.0508,-19.779,11.588,-9.366,nornal
174859,0.9351,0.3767,-0.0769,-9.863,15.008,-5.183,nornal
174879,0.9663,0.3438,-0.0571,-4.718,18.244,-1.473,nornal
174899,0.9846,0.3115,-0.042,-2.519,19.237,0.71,nornal
174919,0.9836,0.2908,-0.0483,0.221,20.038,1.427,nornal
174939,0.9504,0.2671,-0.0398,-2.534,20.122,3.084,nornal
174959,0.95,0.2402,-0.0603,-4.924,22.252,1.779,nornal
174979,0.9612,0.2417,-0.0854,-8.45,21.198,-0.969,nornal
174999,0.9712,0.2542,-0.1021,-11.611,16.405,-2.985,nornal
175019,0.9744,0.2639,-0.1162,-12.664,12.076,-3.221,nornal
175039,0.9771,0.2725,-0.1238,-12.664,9.427,-2.901,nornal
175059,0.959,0.2749,-0.1252,-13.321,8.374,-3.237,nornal
175079,0.9587,0.2546,-0.1194,-14.359,7.542,-4.176,nornal
175099,0.9695,0.2556,-0.1104,-13.992,7.687,-5.511,nornal
175119,0.9492,0.2715,-0.1213,-14.397,7.122,-5.626,nornal
175139,0.9458,0.2659,-0.127,-13.084,7.069,-5.321,nornal
175159,0.9485,0.2646,-0.1125,-9.527,6.718,-6.603,nornal
175179,0.9424,0.2534,-0.1006,-6.153,5.542,-8.443,nornal
175199,0.9585,0.2444,-0.0781,-3.55,4.695,-10.366,nornal
175219,0.9727,0.2346,-0.0754,-3.885,3.672,-10.496,nornal
175239,0.9805,0.252,-0.0752,-4.031,5.305,-7.588,nornal
175259,0.9829,0.2378,-0.0798,-4.679,7.58,-3.565,nornal
175279,1.0049,0.2317,-0.0564,-7.863,9.55,-0.802,nornal
175299,0.9971,0.2227,-0.0618,-11.229,10.198,0.725,nornal
175319,0.9927,0.2246,-0.073,-10.74,12.107,3.122,nornal
175339,1.0186,0.207,-0.0989,-6.908,12.137,3.641,nornal
175359,1.0728,0.1484,-0.084,-3.947,8.26,2.191,nornal
175379,1.0918,0.1174,0.0239,-5.733,6.16,0.893,nornal
175399,1.1392,0.158,-0.0371,-15.832,3.847,1.389,nornal
175419,1.1011,0.1387,-0.0188,-27.931,3.679,10.466,nornal
175439,1.1416,0.1714,-0.0354,-39.145,2.412,19.87,nornal
175459,1.1587,0.2126,-0.0195,-47.695,-6.023,27.313,nornal
175479,1.0886,0.2505,-0.0242,-54.046,-16.366,33.496,nornal
175499,1.0203,0.3191,-0.0435,-59.504,-25.191,36.87,nornal
175519,0.95,0.3816,-0.0386,-57.008,-33.931,35.214,nornal
175539,0.8794,0.4282,-0.0898,-47.992,-37.473,30.58,nornal
175559,0.8879,0.4141,-0.1333,-45.664,-45.214,25.069,nornal
175579,0.9099,0.3162,-0.094,-50.84,-46.672,20.336,nornal
175599,0.9553,0.2595,-0.053,-64.985,-45.115,18.45,nornal
175619,1.0347,0.2751,-0.1196,-77.084,-40.687,20.641,nornal
175639,1.1172,0.3398,-0.104,-81.634,-38.664,23.489,nornal
175659,1.1365,0.374,-0.1379,-67.511,-41.458,25.725,nornal
175679,1.0645,0.3523,-0.1262,-51.031,-45.504,29.977,nornal
175719,0.9443,0.2532,-0.135,-34.611,-39.954,35.244,nornal
175739,0.9062,0.261,-0.115,-41.313,-34.748,32.87,nornal
175759,0.897,0.1997,-0.1538,-43.145,-37.298,27.695,nornal
175779,0.8586,0.1741,-0.1848,-48.183,-37.992,20.496,nornal
175799,0.8447,0.1628,-0.1973,-47.26,-35.069,12.038,nornal
175819,0.8381,0.1797,-0.22,-44.389,-28.832,3.87,nornal
175839,0.8289,0.1785,-0.2051,-40.809,-24.58,-0.969,nornal
175859,0.824,0.198,-0.2048,-31.427,-12.84,-1.595,nornal
175879,0.8491,0.1743,-0.2173,-15.977,0.718,-3.107,nornal
175899,0.9065,0.1448,-0.269,-5.664,7.511,-5.916,nornal
175919,0.9587,0.1077,-0.2825,-0.183,8.214,-6.939,nornal
175939,0.9941,0.1111,-0.3157,5.008,6.489,-7.885,nornal
175959,1.0149,0.1133,-0.3408,8.008,6.031,-9.0,nornal
175979,1.0354,0.1179,-0.3948,8.099,6.802,-9.603,nornal
175999,1.0376,0.1667,-0.3635,2.069,7.489,-11.809,nornal
176019,1.0547,0.2104,-0.3784,-2.008,9.168,-15.366,nornal
176039,1.0527,0.2393,-0.3506,-10.733,3.832,-21.328,nornal
176059,1.0183,0.2725,-0.3389,-16.237,-0.985,-24.802,nornal
176079,0.9824,0.2998,-0.377,-12.496,-3.008,-24.435,nornal
176099,0.9175,0.3574,-0.4072,-5.481,-3.115,-20.366,nornal
176119,0.7925,0.3513,-0.4124,3.779,12.16,-14.809,nornal
176139,0.8364,0.3059,-0.4626,12.511,27.901,-7.115,nornal
176159,1.2795,0.4036,-0.2458,6.008,3.55,-27.725,nornal
176199,1.084,0.7571,-0.2559,27.42,3.244,-23.153,nornal
176219,0.9651,0.6267,-0.1267,53.099,-0.58,-16.206,nornal
176239,0.9644,0.429,-0.0854,63.298,17.664,-5.878,nornal
176259,0.9536,0.3184,-0.0427,61.985,15.16,-3.466,nornal
176279,0.9602,0.2415,-0.05,55.099,14.122,-6.603,nornal
176299,0.9417,0.2188,-0.0701,48.206,16.817,-10.206,nornal
176319,0.927,0.2273,-0.0942,36.763,19.458,-7.397,nornal
176339,0.8848,0.2966,-0.0891,31.26,26.969,-2.939,nornal
176359,0.8723,0.3525,-0.0549,35.145,42.389,-0.977,nornal
176379,0.8655,0.3831,-0.0613,47.412,52.939,-1.298,nornal
176399,0.8457,0.3782,-0.0464,62.252,54.947,-2.832,nornal
176419,0.8379,0.3423,-0.0361,74.313,55.122,-9.023,nornal
176439,0.8647,0.3096,-0.0476,80.0,54.809,-16.046,nornal
176479,0.9497,0.2478,-0.1042,86.763,50.313,-24.107,nornal
176560,0.9871,0.2144,-0.0984,54.511,37.84,-12.84,nornal
176580,0.9819,0.2393,-0.1084,50.847,35.626,-11.473,nornal
176600,0.9663,0.2468,-0.135,49.71,32.672,-9.046,nornal
176620,0.9438,0.2268,-0.1545,50.55,29.84,-7.053,nornal
176640,0.9714,0.2161,-0.165,50.313,22.397,-6.878,nornal
176660,1.0024,0.1973,-0.1526,49.725,11.916,-8.267,nornal
176680,0.9753,0.1594,-0.1106,51.42,10.053,-9.183,nornal
176700,1.0151,0.1511,-0.1128,48.351,14.137,-11.695,nornal
176720,1.0525,0.166,-0.136,43.641,16.229,-13.13,nornal
176740,1.0796,0.2192,-0.178,40.756,16.542,-13.321,nornal
176760,1.053,0.2102,-0.179,40.115,18.084,-15.031,nornal
176780,1.0217,0.1636,-0.1797,35.84,22.802,-16.282,nornal
176800,1.0051,0.1201,-0.1943,25.405,26.809,-15.84,nornal
176820,0.9775,0.1079,-0.1558,18.038,33.198,-11.725,nornal
176840,1.2014,0.2534,-0.2444,9.237,33.573,-8.443,nornal
176860,1.1602,0.2329,-0.0591,1.008,23.695,4.198,nornal
176900,1.2756,0.3245,0.0349,-12.336,17.893,18.145,nornal
176920,1.1536,0.3628,0.054,-15.191,10.359,26.145,nornal
176940,0.9583,0.4575,0.0356,-13.504,-3.198,34.069,nornal
176960,0.7769,0.5076,-0.0232,-1.748,-7.321,36.649,nornal
176980,0.7258,0.5503,-0.0991,10.687,-20.298,31.046,nornal
177000,0.7944,0.45,-0.0588,16.176,-23.809,18.198,nornal
177020,0.8333,0.3381,-0.0371,11.198,-15.267,4.359,nornal
177040,0.9561,0.2551,-0.0645,2.466,-8.985,-4.756,nornal
177060,1.0955,0.2795,-0.105,-1.443,-9.267,-7.87,nornal
177080,1.0862,0.3491,-0.0647,-5.382,-21.183,-1.427,nornal
177100,0.9788,0.3521,-0.0881,-7.122,-24.733,8.405,nornal
177120,0.9473,0.2969,-0.1482,-5.16,-28.511,16.0,nornal
177140,0.8982,0.2617,-0.1541,-8.412,-29.389,18.809,nornal
177160,0.8838,0.2683,-0.1289,-10.038,-31.031,19.038,nornal
177180,0.8403,0.2864,-0.1582,-11.053,-27.71,16.237,nornal
177200,0.8477,0.2935,-0.2034,-9.351,-22.611,10.786,nornal
177220,0.8552,0.2617,-0.188,-9.527,-18.809,3.649,nornal
177240,0.8538,0.2185,-0.1902,-7.153,-12.573,-2.076,nornal
177260,0.8623,0.2292,-0.2395,-2.275,-6.053,-6.695,nornal
177280,0.8552,0.2288,-0.262,1.298,1.45,-8.206,nornal
177300,0.8555,0.2129,-0.2678,1.893,12.87,-6.435,nornal
177320,0.8948,0.2109,-0.2949,-0.58,18.496,-3.824,nornal
177340,0.957,0.1938,-0.3103,-3.45,12.908,-5.832,nornal
177360,1.02,0.1807,-0.2988,-5.305,9.397,-7.832,nornal
177380,1.0364,0.1997,-0.2627,-14.916,5.359,-7.573,nornal
177400,1.0354,0.2175,-0.2527,-24.832,3.389,-2.427,nornal
177420,1.0483,0.2588,-0.1892,-28.496,-1.198,-0.756,nornal
177440,1.0071,0.2107,-0.2366,-23.962,2.427,-3.053,nornal
177460,0.9646,0.114,-0.3843,-19.008,9.084,0.618,nornal
177480,1.4424,0.5159,-0.2031,-20.55,-21.779,-9.832,nornal
177500,1.4524,0.3357,-0.2883,-23.244,-15.969,-21.84,nornal
177520,1.4031,0.6624,-0.0249,-28.29,-31.511,-33.496,nornal
177540,0.9744,0.5896,-0.0051,-21.748,-27.076,-29.656,nornal
177560,0.7705,0.5586,-0.0676,-9.595,-10.107,-9.595,nornal
177580,0.7488,0.4346,-0.073,-7.939,-3.427,2.748,nornal
177600,0.7527,0.3149,-0.0686,-16.198,-2.748,5.092,nornal
177620,0.7952,0.2786,-0.0374,-26.168,-7.969,-1.786,nornal
177640,0.8362,0.2896,-0.053,-30.664,-8.779,-13.275,nornal
177660,0.8662,0.3601,-0.0603,-28.824,-7.115,-19.855,nornal
177680,0.9229,0.4519,-0.0942,-17.992,-6.954,-17.42,nornal
177700,0.9568,0.436,-0.0764,-5.939,-2.588,-8.924,nornal
177720,0.9719,0.3198,-0.062,-3.939,10.053,1.229,nornal
177740,1.0112,0.2749,-0.0798,-8.359,16.168,5.962,nornal
177760,0.9482,0.2861,-0.0652,-15.305,15.557,6.237,nornal
177780,0.9387,0.2756,-0.095,-20.748,15.382,8.664,nornal
177800,0.9409,0.2441,-0.1064,-23.466,12.626,8.16,nornal
177820,0.926,0.2415,-0.1082,-26.084,8.092,4.924,nornal
177840,0.9358,0.2407,-0.1199,-28.191,4.084,0.405,nornal
177860,0.9546,0.2485,-0.1128,-32.389,-0.214,-2.443,nornal
177880,0.9521,0.2537,-0.1111,-35.802,-3.115,-3.267,nornal
177900,0.946,0.2617,-0.1292,-37.389,-2.504,-3.145,nornal
177920,0.947,0.2649,-0.1406,-38.321,0.794,-3.099,nornal
177940,0.9727,0.2581,-0.157,-38.061,0.336,-2.595,nornal
177960,0.957,0.2524,-0.1255,-38.481,-2.344,-2.115,nornal
177980,0.9495,0.2686,-0.1072,-37.626,-2.702,-1.374,nornal
178000,0.9529,0.2615,-0.0896,-34.214,-1.542,-1.542,nornal
178020,0.9692,0.2349,-0.072,-28.748,-0.809,-0.878,nornal
178040,0.9841,0.2271,-0.0632,-24.206,0.595,-0.893,nornal
178060,0.9998,0.249,-0.0632,-22.359,0.489,-0.573,nornal
178080,0.9854,0.2512,-0.0903,-24.282,0.336,0.519,nornal
178100,0.9546,0.2402,-0.0972,-27.916,1.542,2.618,nornal
178120,0.9475,0.2417,-0.1101,-32.008,2.389,3.641,nornal
178140,0.9456,0.2292,-0.1091,-33.924,1.824,5.046,nornal
178160,1.0002,0.2446,-0.0293,-32.641,3.412,5.107,nornal
178180,1.115,0.2686,-0.0308,-31.069,1.282,6.015,nornal
178200,1.1262,0.2566,0.0044,-35.656,-0.16,14.649,nornal
178220,1.1807,0.2825,-0.0024,-40.145,-2.985,21.855,nornal
178240,1.1663,0.259,0.0447,-45.137,-10.282,25.687,nornal
178260,1.084,0.2712,-0.0168,-52.588,-21.26,30.237,nornal
178280,0.9768,0.2988,-0.0427,-56.061,-33.389,32.046,nornal
178300,0.8665,0.3218,-0.0378,-56.008,-39.023,30.618,nornal
178320,0.8076,0.2908,-0.0552,-53.466,-37.916,28.634,nornal
178340,0.8328,0.2722,-0.0596,-55.992,-34.618,25.695,nornal
178360,0.9309,0.2463,-0.0581,-67.458,-36.366,19.183,nornal
178380,1.0276,0.2573,-0.0364,-79.244,-34.916,14.802,nornal
178400,1.0706,0.3118,-0.0261,-82.321,-33.183,14.015,nornal
178420,1.0979,0.3262,-0.0623,-78.023,-32.534,14.511,nornal
178440,1.1155,0.3201,-0.0913,-72.947,-32.939,17.328,nornal
178460,1.1021,0.3201,-0.1133,-73.649,-32.84,21.023,nornal
178480,1.0315,0.3064,-0.1279,-78.847,-32.321,23.328,nornal
178500,0.9802,0.2883,-0.1399,-85.901,-31.519,21.824,nornal
178521,0.9429,0.2483,-0.1172,-92.588,-33.519,16.176,nornal
178541,0.907,0.2156,-0.1206,-97.313,-33.725,10.069,nornal
178561,0.9177,0.208,-0.1187,-102.641,-33.55,4.58,nornal
178581,0.9346,0.2148,-0.0906,-106.008,-34.336,0.977,nornal
178601,0.9583,0.2114,-0.0879,-106.183,-35.13,-0.26,nornal
178621,0.9678,0.2117,-0.0989,-104.71,-34.817,1.954,nornal
178641,0.957,0.2183,-0.1187,-103.954,-28.695,7.298,nornal
178661,0.9512,0.2131,-0.1323,-106.122,-24.802,11.145,nornal
178681,0.9492,0.2104,-0.1614,-107.137,-25.305,10.504,nornal
178721,0.968,0.2661,-0.1067,-113.969,-18.664,3.489,nornal
178741,1.0286,0.2146,-0.3169,-120.176,-22.214,2.557,nornal
178761,1.0134,0.2273,-0.2495,-107.733,-27.542,6.504,nornal
178781,1.0237,0.2144,-0.1929,-99.031,-34.649,9.542,nornal
178801,1.0093,0.2126,-0.1719,-95.84,-33.771,10.282,nornal
178821,0.9983,0.2102,-0.1777,-96.038,-31.137,10.092,nornal
178841,0.9854,0.1931,-0.1958,-97.336,-26.893,9.489,nornal
178861,0.9309,0.1431,-0.1741,-98.389,-20.962,11.504,nornal
178881,0.9009,0.1113,-0.1519,-100.267,-12.473,14.405,nornal
178901,0.9553,0.1692,-0.1934,-102.71,-10.504,14.252,nornal
178921,1.106,0.2876,-0.1548,-102.061,-17.588,6.29,nornal
178941,1.1826,0.3567,-0.0657,-104.046,-22.313,-7.115,nornal
178961,1.0488,0.3562,-0.0234,-102.145,-28.321,-8.557,nornal
178981,0.9487,0.3083,-0.0408,-102.931,-34.557,-2.573,nornal
179081,0.9446,0.2537,0.0498,-146.916,-32.794,-0.916,nornal
179101,0.9807,0.2734,0.0288,-150.183,-33.435,1.519,nornal
179121,0.9883,0.3049,0.0771,-152.489,-34.298,3.061,nornal
179141,0.9807,0.322,0.1013,-147.366,-29.046,3.656,nornal
179341,0.9773,0.3296,0.0161,-121.443,-23.916,2.397,nornal
179361,0.9766,0.3269,0.0193,-119.588,-26.26,3.084,nornal
179381,0.9739,0.3264,0.0354,-115.878,-27.679,2.511,nornal
179401,0.9548,0.3232,0.0247,-110.168,-28.29,2.069,nornal
179421,0.9685,0.313,0.0049,-106.382,-27.718,1.183,nornal
179441,0.9712,0.291,0.0251,-99.267,-29.023,0.595,nornal
179461,0.9827,0.2678,0.0447,-94.695,-27.237,0.015,nornal
179481,0.9985,0.2822,0.0747,-94.71,-24.779,0.473,nornal
179501,0.9971,0.29,0.0315,-92.061,-26.351,1.626,nornal
179521,0.9866,0.3115,0.0359,-85.336,-25.863,2.763,nornal
179541,0.9788,0.3276,0.0276,-77.099,-24.557,3.015,nornal
179561,0.9824,0.3245,0.0081,-67.618,-23.809,2.603,nornal
179581,0.9749,0.3335,0.009,-56.878,-23.954,0.863,nornal
179601,0.9653,0.3428,0.0071,-47.878,-25.031,-1.931,nornal
179621,0.9529,0.3376,-0.0195,-39.458,-25.0,-2.748,nornal
179641,0.9607,0.3213,0.0181,-28.145,-21.336,-3.244,nornal
179661,0.9915,0.3359,-0.0203,-24.046,-18.855,-2.053,nornal
179681,0.9858,0.2778,-0.0449,-26.702,-16.58,4.244,nornal
179701,0.9988,0.2358,-0.0234,-34.176,-13.969,8.244,nornal
179721,1.0205,0.2224,-0.0112,-42.634,-16.45,6.405,nornal
179741,1.0261,0.208,-0.0388,-47.649,-22.328,2.779,nornal
179761,1.0801,0.2153,-0.0391,-49.985,-26.641,-3.0,nornal
179781,1.0903,0.2175,-0.0278,-53.183,-28.008,-8.725,nornal
179801,1.0339,0.2473,-0.0574,-58.229,-26.092,-8.382,nornal
179821,0.988,0.3101,-0.0781,-60.084,-28.473,-5.069,nornal
179841,0.9521,0.356,-0.0911,-57.412,-34.16,-0.542,nornal
179861,0.8867,0.365,-0.0913,-52.405,-35.954,3.527,nornal
179881,0.8589,0.3582,-0.083,-47.168,-33.702,6.962,nornal
179901,0.854,0.3552,-0.0676,-43.641,-30.031,9.145,nornal
179921,0.8706,0.3594,-0.0796,-43.13,-26.267,10.061,nornal
179941,0.9077,0.3721,-0.0864,-44.656,-25.58,7.656,nornal
179961,0.9541,0.3665,-0.1091,-40.611,-25.725,4.26,nornal
179981,0.9819,0.3643,-0.1589,-37.038,-28.275,2.427,nornal
180001,1.0061,0.3728,-0.1843,-37.847,-31.847,2.916,nornal
180021,1.0271,0.3872,-0.1899,-41.557,-37.405,4.939,nornal
180041,1.0083,0.3613,-0.1931,-44.565,-42.931,9.977,nornal
180061,0.968,0.3369,-0.1958,-46.664,-40.405,16.901,nornal
180081,0.9543,0.3018,-0.2122,-46.878,-34.817,21.244,nornal
180101,0.9353,0.2913,-0.2065,-48.099,-32.321,20.718,nornal
180121,0.9082,0.3032,-0.1997,-49.641,-29.885,17.718,nornal
180141,0.8953,0.3169,-0.1917,-49.626,-27.511,13.878,nornal
180161,0.8958,0.3191,-0.2046,-48.435,-24.298,10.183,nornal
180181,0.9141,0.3132,-0.2122,-44.504,-22.924,7.008,nornal
180201,0.9111,0.3018,-0.2202,-41.374,-22.267,5.481,nornal
180221,0.907,0.2935,-0.1985,-40.565,-18.137,5.87,nornal
180241,0.908,0.2874,-0.217,-39.824,-12.427,6.603,nornal
180261,0.9236,0.2742,-0.2471,-37.176,-6.824,8.015,nornal
180281,0.9319,0.252,-0.2683,-35.099,-3.298,7.969,nornal
180301,0.9468,0.2346,-0.2671,-32.397,-0.252,5.527,nornal
180321,0.9458,0.2124,-0.2424,-31.405,4.038,3.389,nornal
180341,0.9473,0.2124,-0.2427,-33.221,8.122,-0.191,nornal
180361,0.9512,0.2043,-0.2532,-34.382,9.061,-4.725,nornal
180381,0.9536,0.2222,-0.2654,-35.298,8.183,-8.344,nornal
180401,0.9592,0.2324,-0.2759,-36.16,6.344,-10.359,nornal
180421,0.9597,0.2544,-0.2925,-35.649,5.954,-10.198,nornal
180441,0.9797,0.2686,-0.28,-34.023,4.534,-8.511,nornal
180461,0.9746,0.2349,-0.2639,-30.45,2.336,-4.473,nornal
180481,0.9565,0.2549,-0.2266,-25.13,6.008,-1.115,nornal
180501,0.9653,0.2405,-0.2195,-20.466,9.656,2.344,nornal
180522,1.0303,0.2908,-0.3025,-15.359,6.145,3.206,nornal
180542,1.2722,0.3635,-0.2412,-11.229,-12.641,-6.687,nornal
180562,1.1062,0.4426,-0.252,-4.527,-18.687,-6.656,nornal
180582,0.9565,0.4622,-0.1968,-2.382,-19.84,-3.87,nornal
180602,0.8899,0.408,-0.1772,2.099,-18.924,-0.817,nornal
180622,0.9248,0.3813,-0.1294,4.443,-18.702,-0.55,nornal
180642,0.9402,0.3845,-0.1541,-0.336,-14.832,-3.084,nornal
180662,0.8682,0.3616,-0.1831,-5.969,-2.443,0.802,nornal
180682,0.8533,0.3345,-0.1946,-12.656,10.046,5.824,nornal
180702,0.9045,0.3362,-0.1042,-18.145,10.58,6.534,nornal
180722,0.9587,0.3723,-0.0764,-20.275,6.038,4.473,nornal
180742,0.9495,0.4102,-0.0085,-16.954,0.198,0.824,nornal
180762,0.9207,0.4089,-0.0527,-8.16,5.641,-1.336,nornal
180782,0.9287,0.3892,-0.0754,-1.214,9.771,-1.557,nornal
180802,0.9263,0.3933,-0.1091,3.382,13.168,0.023,nornal
180822,0.9214,0.3782,-0.1189,6.611,15.305,2.672,nornal
180842,0.9431,0.3669,-0.0989,9.702,16.496,4.137,nornal
180862,0.9485,0.3547,-0.0957,13.267,18.847,3.626,nornal
180882,0.9612,0.3452,-0.1011,17.229,20.183,4.183,nornal
180902,0.9504,0.313,-0.1001,18.221,19.863,5.031,nornal
180922,0.9539,0.2812,-0.1245,17.321,21.855,4.099,nornal
180942,0.9705,0.2686,-0.1377,15.458,22.748,1.198,nornal
180962,0.9797,0.2556,-0.1541,13.046,20.038,-1.634,nornal
180982,0.9768,0.2332,-0.1567,10.794,14.878,-3.733,nornal
181002,0.9675,0.2312,-0.1677,9.504,10.42,-4.87,nornal
181022,0.9556,0.2395,-0.1711,7.954,8.718,-6.641,nornal
181042,0.9631,0.2483,-0.1685,5.0,6.992,-7.397,nornal
181062,0.9915,0.2537,-0.1855,3.565,5.748,-7.0,nornal
181082,0.999,0.2463,-0.1914,5.794,4.084,-5.0,nornal
181102,0.9836,0.2319,-0.2056,9.168,3.71,-2.641,nornal
181122,0.9768,0.1926,-0.1951,13.55,6.221,-0.962,nornal
181142,0.981,0.1592,-0.1934,14.542,7.603,1.008,nornal
181162,0.9819,0.1472,-0.1802,15.221,11.504,3.42,nornal
181182,0.9551,0.2234,-0.1111,14.649,16.305,8.16,nornal
181202,0.9209,0.363,-0.1643,8.412,21.176,16.153,nornal
181222,0.8418,0.2627,-0.1262,4.573,25.435,26.863,nornal
181242,0.9045,0.2639,-0.0923,-1.885,27.672,33.534,nornal
181262,0.9663,0.303,-0.0774,-4.748,19.893,34.344,nornal
181282,1.0659,0.3342,-0.0295,-4.885,8.458,30.847,nornal
181302,1.2346,0.3738,-0.0078,-1.489,-6.893,18.351,nornal
181322,1.2043,0.3962,-0.031,3.137,-16.115,6.992,nornal
181342,1.0515,0.417,-0.0854,5.916,-10.878,8.374,nornal
181362,0.9827,0.4194,-0.1069,6.733,-7.458,15.137,nornal
181382,0.9314,0.3767,-0.1492,7.42,-12.969,23.809,nornal
181402,0.8882,0.3191,-0.1477,6.748,-19.542,28.481,nornal
181422,0.9282,0.3235,-0.1799,5.344,-20.29,27.427,nornal
181442,0.937,0.3606,-0.1213,3.969,-21.916,18.855,nornal
181462,0.9685,0.3799,-0.1514,5.13,-21.817,8.74,nornal
181482,1.0198,0.3647,-0.1804,13.069,-19.748,1.954,nornal
181502,0.981,0.3665,-0.1848,17.756,-16.519,-0.885,nornal
181522,0.9331,0.3176,-0.2021,27.908,-10.718,0.099,nornal
181542,0.918,0.2842,-0.2166,33.649,-6.962,0.328,nornal
181562,0.9202,0.2502,-0.1936,34.588,-5.099,0.053,nornal
181582,0.9243,0.231,-0.1914,32.557,-1.153,-0.015,nornal
181602,0.9138,0.2332,-0.1946,30.191,1.916,-2.198,nornal
181622,0.9084,0.2458,-0.2004,30.595,7.305,-5.931,nornal
181642,0.9104,0.2429,-0.2278,33.802,10.718,-10.496,nornal
181662,0.9194,0.2214,-0.2419,37.618,13.031,-14.565,nornal
181682,0.9365,0.2075,-0.2583,40.519,14.672,-16.069,nornal
181702,0.9592,0.2073,-0.2688,39.603,14.71,-14.885,nornal
181722,0.9668,0.2014,-0.2693,37.702,16.84,-12.221,nornal
181742,0.9802,0.1833,-0.2695,36.092,20.573,-9.198,nornal
181762,0.98,0.167,-0.283,33.511,24.313,-8.153,nornal
181782,0.9766,0.1565,-0.2458,28.771,25.359,-9.985,nornal
181802,0.9727,0.1445,-0.2258,24.519,27.763,-13.466,nornal
181822,0.988,0.1626,-0.2439,21.863,26.756,-17.664,nornal
181842,0.9895,0.1934,-0.2834,17.466,24.099,-20.916,nornal
181862,0.9717,0.2185,-0.2949,12.634,18.298,-21.534,nornal
181882,0.9739,0.2141,-0.302,9.198,12.771,-20.809,nornal
181902,0.9839,0.2014,-0.3113,7.733,11.275,-19.641,nornal
181922,0.9988,0.2056,-0.311,7.489,10.557,-17.618,nornal
181942,1.1238,0.2842,-0.3257,6.893,1.969,-19.802,nornal
181962,1.1345,0.2593,-0.3027,8.13,-5.626,-21.618,nornal
181982,0.967,0.335,-0.3198,6.786,-3.969,-15.779,nornal
182002,1.0103,0.3413,-0.2708,10.221,-11.046,-17.519,nornal
182022,1.0225,0.3337,-0.2527,17.794,-12.168,-18.794,nornal
182042,0.9751,0.385,-0.2441,25.496,-12.824,-15.779,nornal
182062,0.9065,0.3699,-0.2351,28.458,-10.817,-12.031,nornal
182082,0.8599,0.3345,-0.2063,31.611,-5.519,-8.954,nornal
182102,0.8372,0.3298,-0.1895,26.473,-1.794,-10.198,nornal
182122,0.8501,0.3914,-0.1973,20.374,3.053,-13.733,nornal
182142,0.8733,0.4165,-0.1958,19.313,8.183,-13.702,nornal
182162,0.897,0.4229,-0.1541,24.366,16.679,-9.931,nornal
182182,0.9092,0.4155,-0.1243,25.802,23.0,-6.107,nornal
182202,0.9084,0.384,-0.1021,27.74,25.718,-2.031,nornal
182222,0.9302,0.374,-0.0693,32.542,28.458,-0.557,nornal
182242,0.9644,0.3481,-0.0906,35.496,23.45,-1.198,nornal
182262,0.9768,0.3042,-0.0637,39.427,18.992,-4.221,nornal
182282,0.9756,0.2878,-0.1025,39.962,17.053,-7.45,nornal
182302,0.9644,0.2834,-0.1086,37.244,16.458,-9.718,nornal
182322,0.9651,0.2925,-0.126,33.534,16.282,-9.374,nornal
182342,0.968,0.2991,-0.1536,31.046,17.229,-7.168,nornal
182362,0.9702,0.312,-0.1504,29.168,22.053,-3.435,nornal
182382,0.957,0.3118,-0.1204,28.45,26.511,-0.275,nornal
182402,0.9836,0.3015,-0.1201,29.023,30.374,1.183,nornal
182422,0.9727,0.2983,-0.1304,30.191,30.45,-0.031,nornal
182442,0.9417,0.2805,-0.1484,31.359,30.863,-1.351,nornal
182462,0.9451,0.2578,-0.1648,30.046,27.756,-4.29,nornal
182482,0.9602,0.2476,-0.1653,25.969,23.382,-7.786,nornal
182502,0.9731,0.2432,-0.1719,22.511,18.573,-9.916,nornal
182523,0.9705,0.2539,-0.1809,19.992,14.725,-9.931,nornal
182543,0.9692,0.259,-0.1997,20.641,14.267,-9.405,nornal
182563,0.9758,0.2385,-0.2166,20.0,15.122,-7.74,nornal
182583,0.9807,0.2139,-0.2126,18.137,14.321,-5.313,nornal
182603,0.9861,0.209,-0.2324,18.107,12.237,-2.916,nornal
182623,0.9736,0.1809,-0.2583,20.802,9.954,-0.214,nornal
182643,0.9719,0.1455,-0.2563,22.137,11.0,1.634,nornal
182663,0.9763,0.1235,-0.2329,19.794,12.908,3.802,nornal
182683,0.9807,0.1326,-0.1948,14.206,16.954,6.847,nornal
182703,0.9592,0.1716,-0.1707,5.977,23.603,10.26,nornal
182723,0.9172,0.2383,-0.1584,0.244,32.183,15.649,nornal
182743,0.9033,0.2998,-0.1638,0.924,37.435,19.802,nornal
182763,0.9316,0.2769,-0.1255,5.962,38.031,24.321,nornal
182783,1.0374,0.2676,-0.1028,9.176,27.313,24.214,nornal
182803,1.1812,0.29,-0.0925,8.481,8.74,18.405,nornal
182823,1.2942,0.293,-0.022,0.534,-10.71,6.397,nornal
182843,1.198,0.3381,-0.0198,-10.336,-16.611,1.504,nornal
182863,1.0803,0.4016,-0.0833,-15.145,-13.427,4.45,nornal
182883,1.0122,0.4045,-0.0801,-14.107,-14.405,7.504,nornal
182903,0.9309,0.3845,-0.0989,-15.031,-23.527,9.954,nornal
182923,0.8525,0.3582,-0.1323,-18.412,-36.145,14.092,nornal
182943,0.8,0.3279,-0.1963,-20.656,-41.84,18.435,nornal
182963,0.8186,0.3306,-0.1826,-23.206,-38.298,13.237,nornal
182983,0.9165,0.3225,-0.1541,-24.305,-29.626,2.42,nornal
183003,1.0347,0.2922,-0.1909,-20.748,-25.939,-8.282,nornal
183023,1.0535,0.2817,-0.2166,-13.008,-24.527,-10.031,nornal
183043,1.0073,0.2971,-0.2258,-8.718,-23.786,-3.901,nornal
183063,0.9724,0.2632,-0.2388,-4.076,-20.939,3.573,nornal
183083,0.9336,0.2251,-0.2539,-2.115,-14.863,10.244,nornal
183103,0.9026,0.2007,-0.2827,-2.305,-11.206,12.725,nornal
183123,0.884,0.1763,-0.2825,-3.489,-7.481,10.802,nornal
183143,0.8574,0.1599,-0.2891,-5.519,-1.771,4.71,nornal
183163,0.8411,0.1311,-0.2874,-9.626,3.244,-4.344,nornal
183183,0.8479,0.1118,-0.3113,-13.176,9.046,-12.145,nornal
183203,0.863,0.0955,-0.332,-15.038,11.985,-17.55,nornal
183223,0.9028,0.103,-0.3372,-16.382,10.939,-19.748,nornal
183243,0.9976,0.1514,-0.3071,-20.069,11.252,-20.733,nornal
183263,1.0415,0.2173,-0.301,-21.763,4.359,-20.55,nornal
183283,1.0208,0.2561,-0.313,-20.542,1.496,-12.565,nornal
183303,0.999,0.2666,-0.2812,-10.275,3.443,-1.924,nornal
183323,0.9285,0.2195,-0.2974,-4.809,11.305,5.954,nornal
183343,0.9268,0.2292,-0.3999,3.191,12.046,11.939,nornal
183363,1.3296,0.2751,-0.2566,-1.13,-23.45,-7.954,nornal
183383,1.3682,0.5505,-0.2856,-8.489,-36.71,-25.061,nornal
183403,1.0686,0.5427,-0.1709,-5.0,-34.344,-27.649,nornal
183423,0.7803,0.4297,-0.2256,-3.916,-14.855,-12.954,nornal
183443,0.7532,0.3328,-0.2148,-2.786,-1.015,4.977,nornal
183463,0.7681,0.3215,-0.0857,-5.611,8.435,12.168,nornal
183483,0.8711,0.3484,-0.0215,-12.122,19.229,9.626,nornal
183503,0.937,0.3958,-0.0549,-14.137,14.038,1.328,nornal
183523,0.9399,0.448,-0.1128,-1.405,7.817,-4.695,nornal
183543,0.9106,0.4307,-0.1006,18.115,4.679,-8.58,nornal
183563,0.9463,0.376,-0.1262,25.183,8.359,-7.435,nornal
183583,0.9392,0.3269,-0.1343,23.313,11.885,-5.206,nornal
183603,0.917,0.2996,-0.1448,14.489,17.008,-2.176,nornal
183623,0.9307,0.3062,-0.1345,10.634,22.687,1.351,nornal
183643,0.9592,0.3049,-0.1333,10.687,22.855,1.466,nornal
183663,0.9558,0.3228,-0.1382,10.863,19.878,2.847,nornal
183683,0.9333,0.3108,-0.1445,10.908,20.29,5.023,nornal
183703,0.9641,0.2917,-0.1753,10.008,21.824,4.626,nornal
183723,0.9905,0.2856,-0.1958,9.038,16.947,0.71,nornal
183743,0.9746,0.2842,-0.2095,7.244,11.992,-2.649,nornal
183763,0.9346,0.2913,-0.1787,6.366,10.511,-2.939,nornal
183783,0.9341,0.2925,-0.2002,6.29,9.725,-3.588,nornal
183803,0.9387,0.3096,-0.2107,7.855,8.756,-4.244,nornal
183823,0.9443,0.3293,-0.2188,11.489,10.092,-2.947,nornal
183843,0.9492,0.3093,-0.1843,13.824,12.107,-1.45,nornal
183863,0.9595,0.2764,-0.1689,14.809,13.427,-1.008,nornal
183883,0.9338,0.2522,-0.1719,14.985,12.496,-3.412,nornal
183903,0.9314,0.2458,-0.1868,14.672,12.656,-6.229,nornal
183923,0.9465,0.2432,-0.1772,14.809,12.878,-9.298,nornal
183943,0.9622,0.2517,-0.1646,15.237,12.13,-10.412,nornal
183963,0.9795,0.2449,-0.1704,16.603,13.565,-9.794,nornal
183983,0.9734,0.2434,-0.1409,18.939,18.519,-7.832,nornal
184003,0.9788,0.2568,-0.1357,18.344,21.618,-6.489,nornal
184023,0.9656,0.2649,-0.1338,20.443,22.176,-4.237,nornal
184043,0.9563,0.2637,-0.1353,24.733,22.618,-2.458,nornal
184063,0.97,0.2354,-0.1494,29.397,23.954,-1.229,nornal
184083,0.9683,0.2092,-0.1025,31.489,22.878,0.855,nornal
184103,0.9692,0.2222,-0.0793,31.931,24.443,3.756,nornal
184123,0.9656,0.1887,-0.1021,25.618,24.107,9.084,nornal
184143,1.0215,0.1863,-0.106,18.443,22.763,12.053,nornal
184163,1.1089,0.2161,-0.1003,15.985,18.771,7.26,nornal
184183,1.1206,0.2542,-0.1184,16.069,14.55,1.023,nornal
184203,1.0825,0.2688,-0.1414,15.565,10.71,-2.137,nornal
184223,1.0652,0.2795,-0.1675,9.489,5.359,-3.061,nornal
184243,1.0396,0.2881,-0.1548,0.069,2.878,-1.435,nornal
184263,1.0308,0.3481,-0.1382,-9.145,0.687,1.344,nornal
184283,1.0168,0.3877,-0.1218,-12.954,-2.008,7.168,nornal
184303,0.9714,0.3921,-0.1194,-13.542,-4.756,12.29,nornal
184323,0.9312,0.3813,-0.1121,-12.496,-7.206,15.176,nornal
184343,0.8726,0.3447,-0.1182,-7.076,-10.634,16.321,nornal
184363,0.8318,0.3245,-0.1501,-1.649,-14.084,15.42,nornal
184383,0.8604,0.2747,-0.1477,-1.595,-15.756,9.649,nornal
184403,0.9399,0.2241,-0.1694,-8.885,-18.26,1.427,nornal
184423,1.0178,0.1995,-0.1904,-22.092,-18.962,-5.122,nornal
184443,1.0872,0.2319,-0.1995,-29.084,-21.496,-5.992,nornal
184463,1.0869,0.3147,-0.2063,-33.031,-26.397,-1.382,nornal
184483,1.0125,0.3457,-0.2166,-36.275,-27.321,6.855,nornal
184503,0.949,0.3521,-0.2253,-33.573,-25.511,15.756,nornal
184524,0.9138,0.3525,-0.2456,-29.298,-19.29,20.42,nornal
184544,0.915,0.3542,-0.2361,-23.847,-13.962,19.046,nornal
184564,0.918,0.363,-0.2466,-18.427,-10.588,15.206,nornal
184584,0.9255,0.3423,-0.2043,-15.046,-9.153,9.023,nornal
184604,0.9338,0.2939,-0.1812,-15.275,-8.496,4.305,nornal
184624,0.937,0.2478,-0.2087,-15.725,-7.84,1.45,nornal
184644,0.9229,0.2275,-0.2163,-17.496,-8.076,1.191,nornal
184664,0.9172,0.2449,-0.2463,-19.298,-7.214,1.954,nornal
184684,0.9087,0.2542,-0.2383,-21.679,-5.824,1.885,nornal
184704,0.9319,0.2532,-0.2449,-20.427,-2.977,1.695,nornal
184724,0.9417,0.2561,-0.27,-17.115,-0.695,1.779,nornal
184744,0.9333,0.2449,-0.2712,-13.282,-0.13,0.916,nornal
184764,0.9265,0.2219,-0.259,-12.061,1.992,0.176,nornal
184784,0.9282,0.2197,-0.2798,-10.779,2.786,0.191,nornal
184804,0.9324,0.2393,-0.2732,-10.366,2.321,-2.0,nornal
184824,0.9473,0.2354,-0.2915,-9.076,5.26,-6.046,nornal
184844,0.9529,0.239,-0.2983,-7.786,7.534,-9.366,nornal
184864,0.9626,0.2546,-0.2905,-7.924,9.382,-11.618,nornal
184884,0.9744,0.252,-0.2913,-8.985,9.107,-11.885,nornal
184904,0.9792,0.2427,-0.2947,-9.885,7.931,-10.824,nornal
184924,0.9866,0.2173,-0.3025,-9.496,4.42,-7.702,nornal
184944,0.9714,0.1758,-0.3599,-6.145,3.26,0.359,nornal
184964,1.033,0.2446,-0.3533,-3.947,3.84,4.099,nornal
184984,1.2817,0.2144,-0.2852,-5.992,-14.817,-9.221,nornal
185004,1.094,0.3647,-0.2854,-0.718,-9.496,-4.656,nornal
185024,1.1279,0.4753,-0.3228,3.351,-11.634,-5.511,nornal
185044,0.9705,0.4707,-0.2661,14.191,-11.672,-3.183,nornal
185064,0.8069,0.429,-0.2156,22.748,2.229,1.725,nornal
185084,0.7937,0.3547,-0.2083,35.496,18.679,8.107,nornal
185104,0.8215,0.3274,-0.1743,36.542,20.985,9.153,nornal
185124,0.8772,0.2681,-0.1094,27.756,13.473,2.542,nornal
185144,0.9541,0.2581,-0.0479,16.275,5.374,-11.374,nornal
185164,1.0305,0.3264,-0.0662,9.366,-1.458,-26.634,nornal
185184,1.0181,0.3816,-0.0886,9.931,-4.405,-30.435,nornal
185204,0.9451,0.3962,-0.1799,12.29,-0.405,-21.542,nornal
185224,0.9141,0.384,-0.1917,12.176,10.221,-8.809,nornal
185244,0.9075,0.3938,-0.1675,11.458,17.489,1.87,nornal
185264,0.908,0.3848,-0.1228,13.397,24.489,7.595,nornal
185284,0.9302,0.3906,-0.1421,21.366,26.817,10.641,nornal
185304,0.9021,0.3674,-0.1479,29.634,29.061,9.0,nornal
185324,0.9189,0.3088,-0.1716,34.573,29.122,5.405,nornal
185344,0.9377,0.2512,-0.198,35.115,25.313,-0.023,nornal
185364,0.9404,0.2358,-0.2036,31.55,22.611,-3.191,nornal
185384,0.9412,0.2617,-0.2231,27.954,20.435,-2.573,nornal
185404,0.9417,0.2634,-0.2202,22.435,17.26,0.87,nornal
185424,0.9663,0.2297,-0.196,17.855,18.099,2.321,nornal
185444,0.9795,0.2361,-0.165,13.786,14.115,0.443,nornal
185464,0.9802,0.2515,-0.1851,10.786,15.374,-0.71,nornal
185484,0.9678,0.2537,-0.1746,11.069,17.0,0.267,nornal
185504,0.9553,0.229,-0.1741,13.0,17.626,0.13,nornal
185524,0.9446,0.2153,-0.155,12.603,15.176,-1.26,nornal
185544,0.9446,0.21,-0.1404,13.038,12.588,-4.763,nornal
185564,0.9495,0.2209,-0.1511,15.313,10.916,-6.824,nornal
185584,0.9519,0.2422,-0.1511,20.008,11.015,-7.595,nornal
185604,0.9719,0.248,-0.1514,25.87,12.641,-7.42,nornal
185624,0.9941,0.2239,-0.1338,30.351,13.061,-5.16,nornal
185644,0.9922,0.22,-0.1201,31.267,13.336,-1.412,nornal
185664,0.9839,0.2268,-0.1323,31.908,15.099,2.191,nornal
185684,0.9673,0.208,-0.1409,32.229,19.756,5.473,nornal
185704,0.9536,0.165,-0.1521,29.84,23.618,7.847,nornal
185724,0.9438,0.1296,-0.1394,27.244,27.542,8.252,nornal
185744,1.0046,0.1917,-0.1665,23.504,28.076,6.382,nornal
185764,1.0391,0.1497,-0.1128,13.122,23.534,5.603,nornal
185784,1.1077,0.1606,-0.1504,1.718,22.382,7.16,nornal
185804,1.1487,0.2041,-0.0886,-6.855,19.817,5.656,nornal
185824,1.1694,0.2771,-0.0916,-13.031,16.183,5.641,nornal
185844,1.1362,0.3391,-0.0837,-16.137,7.756,5.321,nornal
185864,1.0669,0.3269,-0.1021,-14.58,3.237,5.26,nornal
185884,1.0349,0.311,-0.1282,-19.359,-2.901,5.092,nornal
185904,0.999,0.3054,-0.136,-25.939,-7.176,5.382,nornal
185924,0.9446,0.3057,-0.124,-29.595,-16.221,5.901,nornal
185944,0.8784,0.2529,-0.1016,-31.214,-24.756,6.771,nornal
185964,0.8413,0.2395,-0.1057,-34.763,-28.198,6.611,nornal
185984,0.8696,0.2876,-0.1267,-39.573,-28.45,4.649,nornal
186004,0.9641,0.3132,-0.1538,-42.466,-26.511,1.275,nornal
186024,1.0566,0.2991,-0.147,-41.0,-22.122,-1.58,nornal
186044,1.1125,0.3032,-0.1621,-38.229,-19.847,-0.305,nornal
186064,1.0854,0.3181,-0.1851,-39.183,-24.107,4.45,nornal
186084,1.0244,0.3118,-0.1941,-41.0,-23.206,8.832,nornal
186104,0.9673,0.2891,-0.1714,-47.13,-24.947,9.855,nornal
186124,0.9072,0.2493,-0.1582,-49.725,-28.328,9.466,nornal
186144,0.8772,0.2517,-0.1689,-47.305,-28.695,6.901,nornal
186164,0.863,0.2561,-0.1746,-44.053,-26.267,4.267,nornal
186184,0.8782,0.259,-0.1785,-41.458,-22.916,3.0,nornal
186204,0.9148,0.2681,-0.1843,-38.656,-21.344,1.267,nornal
186224,0.9268,0.2637,-0.2012,-36.359,-17.733,1.252,nornal
186244,0.9419,0.2551,-0.209,-36.687,-14.725,2.382,nornal
186264,0.9451,0.2395,-0.1899,-37.939,-13.618,1.939,nornal
186284,0.9622,0.228,-0.1919,-38.489,-9.008,2.519,nornal
186304,0.9773,0.2358,-0.2041,-40.908,-6.931,2.718,nornal
186324,0.9712,0.2427,-0.2048,-44.901,-6.137,3.359,nornal
186344,0.949,0.2275,-0.2314,-46.626,-5.863,3.626,nornal
186364,0.9358,0.2056,-0.2502,-49.305,-6.656,3.695,nornal
186384,0.9348,0.2029,-0.2734,-50.664,-8.366,2.924,nornal
186404,0.9526,0.2131,-0.2908,-52.733,-11.84,2.244,nornal
186424,0.9846,0.2192,-0.2874,-52.885,-13.397,2.809,nornal
186444,1.0137,0.2104,-0.2793,-55.275,-15.374,4.359,nornal
186464,1.0137,0.2097,-0.2549,-56.702,-16.374,6.985,nornal
186484,1.0171,0.2097,-0.2527,-59.481,-15.443,8.901,nornal
186504,1.021,0.2148,-0.2549,-62.473,-17.863,11.137,nornal
186525,1.0256,0.2319,-0.2517,-66.26,-20.832,13.267,nornal
186545,1.0039,0.2253,-0.2715,-68.076,-22.405,16.656,nornal
186565,0.96,0.1895,-0.2705,-66.618,-20.382,20.107,nornal
186585,0.9583,0.1875,-0.2856,-66.573,-17.237,20.031,nornal
186605,1.0562,0.2393,-0.2778,-71.656,-20.672,13.939,nornal
186625,1.1069,0.3203,-0.1602,-73.534,-16.817,0.916,nornal
186645,1.0469,0.3503,-0.0786,-70.664,-19.084,-7.504,nornal
186665,0.9131,0.3521,-0.1199,-70.672,-20.122,-6.748,nornal
186685,0.8784,0.3086,-0.1121,-74.168,-22.046,-1.863,nornal
186705,0.8928,0.3005,-0.1313,-82.458,-17.931,1.008,nornal
186725,0.9136,0.2798,-0.1243,-91.076,-17.244,0.305,nornal
186745,0.9275,0.26,-0.1387,-98.145,-16.748,-0.824,nornal
186765,0.9482,0.2778,-0.1211,-103.206,-19.809,-2.534,nornal
186785,0.9597,0.3049,-0.0957,-102.695,-15.061,-3.198,nornal
186805,0.949,0.3315,-0.0518,-99.29,-11.313,-1.16,nornal
186825,0.9692,0.3474,-0.051,-94.053,-8.611,1.359,nornal
186845,0.9751,0.3389,-0.1003,-91.023,-9.58,4.122,nornal
186865,0.9492,0.3184,-0.1235,-90.038,-12.687,7.168,nornal
186885,0.9285,0.3091,-0.1238,-88.847,-14.282,10.924,nornal
186905,0.9399,0.3052,-0.0933,-88.55,-13.412,12.13,nornal
186925,0.9622,0.302,-0.0759,-88.153,-13.069,12.023,nornal
186945,0.9585,0.3057,-0.0337,-89.885,-13.679,10.702,nornal
186965,0.9619,0.3071,-0.0151,-91.092,-11.664,10.298,nornal
186985,0.9685,0.3264,-0.0361,-90.985,-11.191,10.519,nornal
187005,0.9553,0.3281,-0.0215,-93.679,-14.443,9.237,nornal
187025,0.9641,0.2996,-0.0283,-89.756,-11.069,8.626,nornal
187045,0.9678,0.29,-0.0366,-90.573,-12.618,8.008,nornal
187065,0.9731,0.2842,-0.022,-90.534,-14.962,6.824,nornal
187085,0.9841,0.3076,-0.0242,-89.145,-17.061,5.29,nornal
187105,0.9692,0.3262,-0.0146,-88.198,-19.473,4.168,nornal
187125,0.9724,0.3364,-0.0129,-84.397,-18.237,4.26,nornal
187145,0.9834,0.3306,-0.0198,-81.45,-17.687,4.557,nornal
187165,0.9875,0.3196,0.0076,-77.718,-16.45,6.603,nornal
187185,0.9993,0.3154,0.0002,-75.328,-14.527,8.137,nornal
187205,0.9907,0.3154,-0.0168,-73.74,-13.672,8.916,nornal
187225,0.9756,0.3079,-0.0127,-72.008,-12.374,9.176,nornal
187245,0.9802,0.2937,-0.0156,-69.244,-12.031,8.061,nornal
187265,0.9888,0.2981,-0.0232,-67.0,-12.16,5.382,nornal
187285,0.9783,0.3093,-0.0374,-66.786,-15.55,3.069,nornal
187305,0.9722,0.3125,-0.0457,-63.824,-17.26,2.405,nornal
187325,0.9714,0.3262,-0.0444,-61.45,-18.656,1.756,nornal
187345,0.9714,0.344,-0.0481,-57.672,-19.695,1.099,nornal
187365,0.9658,0.3567,-0.0723,-53.16,-20.634,1.679,nornal
187385,0.9673,0.3577,-0.1172,-48.931,-24.229,2.229,nornal
187405,0.9509,0.3555,-0.1338,-44.863,-27.901,1.779,nornal
187425,0.8774,0.3403,-0.0474,-46.618,-29.496,1.885,nornal
187445,0.8848,0.3582,-0.0657,-53.336,-24.786,6.458,nornal
187465,0.9216,0.3184,-0.1094,-53.473,-25.214,13.237,nornal
187485,0.9524,0.2422,-0.0967,-52.534,-26.466,24.061,nornal
187505,1.0408,0.1833,-0.0457,-49.672,-20.069,28.641,nornal
187525,1.0955,0.1687,-0.063,-48.145,-19.779,25.771,nornal
187545,1.0884,0.2122,-0.1313,-47.977,-21.588,22.435,nornal
187565,1.0544,0.2751,-0.1772,-42.885,-17.855,17.626,nornal
187585,1.0378,0.2869,-0.1963,-34.954,-7.374,13.298,nornal
187605,1.0422,0.2598,-0.2109,-36.382,-5.466,10.107,nornal
187625,1.022,0.2466,-0.2227,-37.611,-14.992,8.008,nornal
187645,0.9875,0.2468,-0.198,-36.969,-24.298,4.992,nornal
187665,0.9446,0.2314,-0.1694,-36.916,-27.481,1.725,nornal
187685,0.929,0.2363,-0.1582,-36.863,-21.229,-0.29,nornal
187705,0.9495,0.2646,-0.1665,-34.718,-16.16,-2.611,nornal
187725,0.9604,0.3025,-0.1709,-28.664,-12.511,-3.511,nornal
187745,0.9753,0.3474,-0.1658,-24.214,-12.901,-1.863,nornal
187765,0.9817,0.3643,-0.1855,-17.87,-17.733,1.832,nornal
187785,0.9783,0.3657,-0.1895,-11.42,-21.267,4.74,nornal
187805,0.9744,0.3416,-0.2073,-5.046,-21.321,5.878,nornal
187825,0.9597,0.3196,-0.2019,1.771,-21.115,5.847,nornal
187845,0.9421,0.2886,-0.1978,6.313,-17.382,6.504,nornal
187865,0.9338,0.2664,-0.2141,6.115,-14.206,7.908,nornal
187885,0.9209,0.2534,-0.229,7.71,-12.931,7.969,nornal
187905,0.9319,0.2458,-0.2722,6.473,-13.374,7.527,nornal
187925,0.9224,0.2231,-0.2493,5.206,-12.115,5.13,nornal
187945,0.9236,0.2117,-0.2717,3.618,-7.611,3.947,nornal
187965,0.9468,0.2283,-0.3098,0.29,-7.756,2.771,nornal
187985,0.9736,0.2471,-0.2744,-4.252,-8.863,1.16,nornal
188005,0.9524,0.238,-0.2688,-5.573,-4.962,1.359,nornal
188025,0.9526,0.2595,-0.2957,-5.405,-1.382,1.855,nornal
188045,0.9539,0.2666,-0.2896,-4.771,-1.344,0.489,nornal
188065,0.9377,0.2598,-0.2917,-4.282,-1.031,-1.153,nornal
188085,0.937,0.2363,-0.3022,-1.252,0.565,-0.55,nornal
188105,0.9282,0.2402,-0.2834,0.618,3.389,0.489,nornal
188125,0.9424,0.252,-0.304,0.832,2.908,-0.099,nornal
188145,0.9504,0.2385,-0.3059,0.481,0.084,-0.626,nornal
188165,0.9294,0.2205,-0.2786,2.084,4.565,-0.687,nornal
188185,0.9326,0.2283,-0.2781,0.87,5.718,-0.695,nornal
188205,0.9382,0.248,-0.2727,-1.176,5.313,-0.58,nornal
188225,0.939,0.26,-0.2476,-3.519,7.069,-1.321,nornal
188245,0.9204,0.2607,-0.2314,-4.214,11.176,-1.542,nornal
188265,0.9163,0.2664,-0.2441,-2.649,16.038,-1.137,nornal
188285,0.9363,0.2776,-0.2837,2.168,19.466,0.198,nornal
188305,0.9807,0.2856,-0.3232,8.237,18.931,-0.351,nornal
188325,1.0269,0.2866,-0.3228,13.0,17.122,-1.603,nornal
188345,1.0408,0.2634,-0.324,12.305,12.405,-1.053,nornal
188365,1.0005,0.2202,-0.2849,6.756,10.122,0.664,nornal
188385,0.9771,0.1838,-0.2651,1.466,10.74,3.008,nornal
188405,0.9978,0.1833,-0.2703,-4.076,7.336,4.122,nornal
188425,0.9685,0.2065,-0.2727,-9.634,2.832,3.588,nornal
188445,0.9624,0.2212,-0.2749,-13.534,3.45,2.893,nornal
188465,0.9775,0.2188,-0.2725,-15.664,3.405,1.924,nornal
188485,0.9719,0.2158,-0.252,-18.076,1.985,0.893,nornal
188505,0.9692,0.2136,-0.2537,-23.084,2.122,-0.282,nornal
188526,0.9756,0.2297,-0.2063,-28.519,2.405,-1.473,nornal
188546,0.9805,0.2527,-0.1975,-31.45,4.832,-2.237,nornal
188566,0.978,0.2803,-0.1853,-31.046,6.038,-3.511,nornal
188586,0.9683,0.2874,-0.1924,-29.076,6.015,-5.496,nornal
188606,0.9661,0.2844,-0.2012,-26.069,4.931,-6.351,nornal
188626,0.9529,0.2786,-0.1997,-24.344,4.321,-5.786,nornal
188646,0.9512,0.2759,-0.1992,-23.168,5.061,-5.122,nornal
188666,0.9578,0.2678,-0.1985,-23.107,6.58,-4.87,nornal
188686,0.969,0.2612,-0.1863,-24.344,6.924,-5.084,nornal
188706,0.9746,0.262,-0.1694,-25.092,6.198,-6.084,nornal
188726,0.9744,0.2625,-0.1519,-26.359,5.55,-6.939,nornal
188746,0.97,0.269,-0.1519,-27.763,6.504,-7.588,nornal
188766,0.9709,0.2764,-0.1609,-28.305,6.015,-7.389,nornal
188786,0.9707,0.282,-0.1504,-28.099,4.229,-7.344,nornal
188806,0.9653,0.2861,-0.1516,-27.45,2.695,-6.824,nornal
188826,0.9553,0.2993,-0.1553,-25.466,1.695,-6.237,nornal
188846,0.947,0.3027,-0.1628,-23.305,2.023,-5.496,nornal
188866,0.9441,0.303,-0.155,-22.817,3.74,-4.656,nornal
188886,0.9534,0.3069,-0.1548,-23.038,5.725,-4.0,nornal
188906,0.9587,0.3208,-0.1289,-22.786,6.542,-4.763,nornal
188926,0.9675,0.3398,-0.1228,-20.771,5.435,-5.664,nornal
188946,0.967,0.3459,-0.1287,-18.382,5.473,-5.794,nornal
188966,0.9546,0.3286,-0.1252,-15.595,7.107,-4.183,nornal
188986,0.9622,0.3132,-0.1067,-12.611,6.595,-2.099,nornal
189006,0.9692,0.28,-0.1313,-12.099,4.756,-0.252,nornal
189026,0.9668,0.2576,-0.1421,-13.534,3.321,1.305,nornal
189046,0.9739,0.2488,-0.1565,-18.084,4.298,2.122,nornal
189066,0.9646,0.2654,-0.1438,-22.672,7.198,3.389,nornal
189086,0.979,0.2788,-0.1067,-28.344,0.687,3.191,nornal
189106,0.9739,0.2822,-0.095,-31.344,-4.046,3.061,nornal
189126,0.9624,0.3022,-0.1023,-36.267,-6.489,2.229,nornal
189146,0.9482,0.2988,-0.0569,-34.641,-3.885,1.847,nornal
189166,0.9729,0.3127,-0.0842,-31.374,-2.626,1.053,nornal
189186,0.9648,0.3254,-0.0857,-28.359,-3.023,2.023,nornal
189206,0.9497,0.325,-0.0496,-29.137,-2.443,3.038,nornal
189226,0.9753,0.3064,-0.061,-28.298,1.901,3.389,nornal
189246,0.9934,0.3015,-0.104,-24.252,3.527,4.458,nornal
189266,0.9644,0.2803,-0.0911,-22.679,3.038,5.252,nornal
189286,0.9797,0.2593,-0.0896,-24.481,3.618,5.588,nornal
189306,1.0037,0.2556,-0.0935,-28.511,1.748,5.107,nornal
189326,0.9861,0.2705,-0.0854,-30.809,-0.252,4.458,nornal
189346,0.9849,0.2703,-0.0896,-29.931,-1.641,3.763,nornal
189366,0.9944,0.2864,-0.0947,-25.847,-1.756,2.802,nornal
189386,0.9954,0.2961,-0.0969,-20.237,-1.748,3.038,nornal
189406,0.9878,0.3013,-0.0959,-12.756,-0.115,3.55,nornal
189426,0.9937,0.304,-0.0962,-5.275,0.802,3.634,nornal
189446,0.9746,0.2749,-0.0825,1.687,0.939,3.351,nornal
189466,0.9839,0.2622,-0.0903,7.099,-0.275,2.771,nornal
189486,0.9963,0.2527,-0.0923,9.718,-2.206,1.527,nornal
189506,0.9819,0.2434,-0.0469,8.061,-2.618,-0.275,nornal
189526,0.9988,0.2271,-0.0649,4.092,-2.931,-3.695,nornal
189546,1.0081,0.2268,-0.0471,-0.992,-4.389,-6.695,nornal
189566,0.9854,0.2737,-0.0576,-7.031,-8.084,-8.023,nornal
189586,0.9778,0.3289,-0.0769,-9.046,-9.511,-7.718,nornal
189606,0.9724,0.3521,-0.0955,-2.443,-9.557,-5.924,nornal
189626,0.9578,0.363,-0.1208,7.702,-7.855,-2.985,nornal
189646,0.9475,0.3364,-0.0815,15.198,-3.0,0.115,nornal
189666,0.9626,0.3284,-0.0916,19.069,1.221,1.809,nornal
189686,0.9526,0.3115,-0.0896,22.038,2.092,2.634,nornal
189706,0.9578,0.3042,-0.1079,25.023,2.374,0.725,nornal
189726,0.959,0.2944,-0.1265,27.191,1.939,-1.099,nornal
189746,0.9683,0.2764,-0.1399,26.191,1.634,-2.282,nornal
189766,0.9724,0.2776,-0.1587,21.656,0.962,-2.336,nornal
189786,0.969,0.2859,-0.1543,16.351,0.931,-1.237,nornal
189806,0.9512,0.3018,-0.177,11.87,1.42,0.427,nornal
189826,0.9502,0.313,-0.1685,10.466,3.374,1.282,nornal
189846,0.9595,0.3127,-0.1516,10.962,4.794,2.115,nornal
189866,0.9519,0.3096,-0.1531,10.908,7.389,2.702,nornal
189886,0.9583,0.3086,-0.1531,10.084,7.824,3.496,nornal
189906,0.9602,0.3093,-0.1548,8.817,6.168,3.153,nornal
189926,0.9578,0.3032,-0.1721,7.733,3.092,2.328,nornal
189946,0.9573,0.3069,-0.1709,6.557,2.267,1.527,nornal
189966,0.9661,0.3032,-0.1814,6.939,2.366,2.076,nornal
189986,0.9622,0.2969,-0.1807,6.092,2.794,2.634,nornal
190006,0.9639,0.2964,-0.1846,4.702,2.779,3.519,nornal
190026,0.9575,0.2979,-0.196,2.336,2.221,3.893,nornal
190046,0.9519,0.2976,-0.1877,0.29,1.824,3.527,nornal
190066,0.9548,0.2915,-0.1914,-1.374,0.939,3.336,nornal
190086,0.9592,0.2874,-0.1904,-2.145,0.695,2.649,nornal
190106,0.9619,0.2847,-0.1858,-2.985,1.229,2.237,nornal
190126,0.9604,0.2861,-0.179,-4.725,1.756,2.252,nornal
190146,0.96,0.2957,-0.1809,-5.595,2.336,1.931,nornal
190166,0.9568,0.2974,-0.1807,-6.366,1.573,1.771,nornal
190186,0.9551,0.2988,-0.1716,-6.481,1.267,1.695,nornal
190206,0.9541,0.2998,-0.1699,-6.679,0.931,1.244,nornal
190226,0.9568,0.2971,-0.1836,-6.718,1.771,0.916,nornal
190246,0.9634,0.293,-0.1702,-6.015,3.321,0.015,nornal
190266,0.957,0.2908,-0.1633,-5.321,5.725,-0.489,nornal
190286,0.9595,0.2837,-0.1719,-6.435,8.427,-1.565,nornal
190306,0.9614,0.2812,-0.1741,-6.809,9.763,-2.504,nornal
190326,0.9717,0.2859,-0.1785,-5.756,9.702,-4.092,nornal
190346,0.9741,0.2888,-0.1794,-4.389,9.427,-5.679,nornal
190366,0.9595,0.2925,-0.1709,-3.656,9.168,-5.748,nornal
190386,0.9575,0.2915,-0.166,-3.969,9.794,-4.061,nornal
190406,0.9604,0.2898,-0.1597,-5.275,9.29,-3.137,nornal
190426,0.9568,0.2881,-0.1409,-7.756,9.038,-2.359,nornal
190446,0.9622,0.3025,-0.1284,-10.176,8.412,-2.756,nornal
190466,0.9653,0.3108,-0.1196,-10.656,6.779,-3.931,nornal
190486,0.9863,0.3279,-0.1228,-8.718,4.725,-4.908,nornal
190506,0.9998,0.3271,-0.1277,-6.107,2.473,-4.313,nornal
190527,0.99,0.3127,-0.1338,-4.13,-0.008,-1.939,nornal
190547,0.9817,0.3003,-0.1521,-4.252,-0.733,1.038,nornal
190567,0.9783,0.2805,-0.1682,-5.756,-0.84,4.076,nornal
190587,0.9695,0.271,-0.1672,-8.618,-0.885,6.0,nornal
190607,0.9626,0.2705,-0.1631,-11.252,-1.183,5.779,nornal
190647,0.9592,0.2771,-0.156,-14.0,-0.794,3.015,nornal
190667,0.9614,0.2834,-0.1536,-14.061,-1.168,2.092,nornal
190687,0.9673,0.2922,-0.1445,-13.221,-1.145,1.29,nornal
190707,0.9656,0.2939,-0.1484,-11.916,-0.076,1.168,nornal
190727,0.9663,0.3096,-0.146,-11.252,1.344,0.908,nornal
190747,0.9597,0.3071,-0.1399,-9.595,3.046,0.733,nornal
190767,0.9597,0.3047,-0.1394,-8.565,4.16,0.13,nornal
190787,0.9629,0.3057,-0.127,-7.282,4.656,-0.916,nornal
190807,0.9658,0.3108,-0.1177,-6.397,3.992,-2.237,nornal
190827,0.9636,0.3145,-0.1152,-5.573,3.481,-2.42,nornal
190847,0.9685,0.3176,-0.1201,-4.046,3.511,-2.771,nornal
190867,0.9648,0.3164,-0.1196,-1.985,3.229,-2.099,nornal
190887,0.9766,0.3125,-0.1282,-0.076,2.969,-1.198,nornal
190907,0.9731,0.3059,-0.1252,1.206,1.863,0.252,nornal
190927,0.9761,0.3022,-0.1353,1.389,1.366,1.298,nornal
190947,0.9722,0.2861,-0.1399,0.939,1.611,2.076,nornal
190967,0.9717,0.2798,-0.1443,-0.198,1.313,2.87,nornal
190987,0.9753,0.2793,-0.1418,-1.214,0.267,2.618,nornal
191007,0.969,0.2769,-0.1436,-1.55,-0.046,2.519,nornal
191027,0.9663,0.2793,-0.1348,-1.931,0.969,2.443,nornal
191047,0.9675,0.2793,-0.1521,-2.489,1.282,2.466,nornal
191067,0.9641,0.2822,-0.1421,-1.916,1.969,2.13,nornal
191087,0.967,0.2896,-0.1426,-1.336,2.443,1.893,nornal
191107,0.9651,0.2825,-0.1365,-0.626,3.672,1.229,nornal
191127,0.9675,0.2896,-0.1328,-0.282,4.267,0.397,nornal
191147,0.9639,0.2864,-0.1284,0.214,4.611,-0.351,nornal
191167,0.9688,0.29,-0.1382,0.893,4.519,-0.557,nornal
191187,0.9666,0.2976,-0.1367,1.374,4.618,-1.13,nornal
191207,0.9658,0.2971,-0.1343,1.473,5.26,-1.305,nornal
191227,0.9666,0.2957,-0.1279,2.351,5.023,-1.214,nornal
191247,0.9668,0.2942,-0.1353,2.756,5.534,-1.511,nornal
191267,0.9683,0.2983,-0.135,3.206,5.595,-2.084,nornal
191287,0.9751,0.2979,-0.1414,3.977,4.771,-1.679,nornal
191307,0.9761,0.2944,-0.1328,3.962,4.405,-1.527,nornal
191327,0.9751,0.2839,-0.1328,3.534,3.237,-0.756,nornal
191347,0.9707,0.2769,-0.1375,3.336,3.099,-0.527,nornal
191367,0.9756,0.2759,-0.1514,2.702,2.809,0.031,nornal
191387,0.9758,0.2754,-0.1406,1.725,2.374,0.122,nornal
191407,0.9763,0.2766,-0.147,0.702,2.466,0.634,nornal
191427,0.9763,0.2795,-0.1545,-0.282,2.237,0.702,nornal
191447,0.9695,0.2803,-0.1421,-0.954,2.443,0.664,nornal
191467,0.9668,0.2834,-0.1438,-1.176,2.855,0.397,nornal
191487,0.9678,0.2832,-0.1313,-1.069,3.031,0.275,nornal
191507,0.9668,0.2942,-0.134,-0.725,3.267,-0.176,nornal
191527,0.9673,0.2961,-0.1345,0.168,3.611,-0.649,nornal
191547,0.9688,0.2871,-0.1421,1.382,4.359,-1.252,nornal
191567,0.97,0.2871,-0.1379,1.244,4.443,-1.13,nornal
191587,0.9707,0.2834,-0.1411,0.672,4.29,-1.206,nornal
191607,0.9697,0.2776,-0.1377,0.282,3.794,-1.023,nornal
191627,0.9739,0.2825,-0.1304,-0.061,3.908,-0.786,nornal
191647,0.9731,0.2803,-0.1338,0.076,3.634,-0.55,nornal
191667,0.9727,0.2815,-0.144,-0.321,3.496,-0.29,nornal
191687,0.9744,0.2871,-0.1455,-0.313,3.313,-0.466,nornal
191707,0.9668,0.2869,-0.1379,-0.679,3.595,-0.565,nornal
191727,0.9673,0.2864,-0.1414,0.023,3.359,-0.58,nornal
191747,0.9722,0.2847,-0.1396,-0.084,3.275,-1.046,nornal
191767,0.9741,0.2876,-0.1387,0.344,3.252,-0.771,nornal
191787,0.9727,0.2893,-0.1392,0.878,3.321,-0.718,nornal
191807,0.9717,0.2861,-0.136,0.374,2.931,-0.443,nornal
191827,0.9702,0.2876,-0.1348,0.565,2.679,-0.267,nornal
191847,0.9751,0.2903,-0.1394,0.137,1.893,0.244,nornal
191867,0.9722,0.2859,-0.1379,-0.046,1.504,0.618,nornal
191887,0.97,0.2859,-0.1387,0.313,1.305,0.74,nornal
191907,0.9727,0.2854,-0.135,0.634,1.244,1.099,nornal
191927,0.9714,0.2808,-0.144,0.557,1.305,1.595,nornal
191947,0.9695,0.2825,-0.1482,0.473,1.504,1.305,nornal
191967,0.9734,0.2866,-0.1406,0.359,1.504,1.702,nornal
191987,0.969,0.2832,-0.1382,0.427,1.718,1.679,nornal
192007,0.9739,0.2812,-0.136,0.313,1.977,1.695,nornal
192027,0.9744,0.282,-0.1428,0.504,1.969,1.366,nornal
192047,0.9685,0.283,-0.1516,0.55,2.305,0.763,nornal
192067,0.9666,0.2825,-0.1389,0.168,2.908,0.504,nornal
192087,0.9685,0.281,-0.1411,0.237,3.023,0.519,nornal
192107,0.9692,0.281,-0.1401,-0.107,3.229,0.168,nornal
192127,0.9683,0.2844,-0.1418,-0.198,3.244,-0.107,nornal
192147,0.9675,0.2834,-0.1316,-0.756,3.252,-0.595,nornal
192167,0.9651,0.2812,-0.137,-0.458,3.802,-0.985,nornal
192187,0.9692,0.29,-0.1301,-0.672,4.038,-1.137,nornal
192207,0.9722,0.2869,-0.1296,-0.504,4.198,-1.237,nornal
192227,0.9692,0.2859,-0.1465,0.153,4.427,-1.573,nornal
192247,0.9761,0.2871,-0.1443,0.198,4.168,-1.252,nornal
192267,0.9683,0.2864,-0.135,-0.344,3.786,-0.863,nornal
192287,0.9739,0.2876,-0.1338,-0.939,3.71,-1.191,nornal
192307,0.9719,0.2915,-0.1382,-0.496,3.084,-1.015,nornal
192327,0.9731,0.2898,-0.1296,-0.374,3.076,-0.794,nornal
192347,0.9705,0.29,-0.1355,-0.229,2.901,-0.458,nornal
192367,0.9656,0.2905,-0.1426,0.244,2.344,0.397,nornal
192387,0.969,0.2935,-0.144,0.305,2.466,0.275,nornal
192407,0.968,0.2861,-0.1394,0.038,1.863,0.252,nornal
192427,0.9712,0.2878,-0.1401,0.344,2.099,0.107,nornal
192447,0.9717,0.2866,-0.1453,0.656,2.176,0.008,nornal
192467,0.969,0.2842,-0.145,0.885,2.237,0.069,nornal
192487,0.9717,0.2839,-0.1411,0.855,2.29,-0.053,nornal
192507,0.9695,0.283,-0.147,0.443,2.656,0.099,nornal
192528,0.9746,0.2817,-0.1448,-0.191,2.962,0.214,nornal
192548,0.9761,0.2852,-0.1416,0.176,3.107,0.031,nornal
192568,0.9734,0.2825,-0.1428,-0.031,2.786,-0.015,nornal
192588,0.9697,0.281,-0.145,0.13,2.779,-0.168,nornal
192608,0.9692,0.2844,-0.1392,0.168,2.985,0.076,nornal
192628,0.9714,0.2871,-0.1406,0.336,2.847,0.305,nornal
192648,0.9722,0.2844,-0.1465,0.16,2.901,-0.206,nornal
192668,0.9709,0.2827,-0.1394,0.565,2.504,0.26,nornal
192688,0.9753,0.2883,-0.145,0.725,2.71,0.275,nornal
192708,0.9746,0.2881,-0.1465,0.473,2.71,0.084,nornal
192728,0.97,0.2913,-0.146,0.153,2.832,0.252,nornal
192748,0.9685,0.2849,-0.1448,-0.137,3.061,0.221,nornal
192768,0.9675,0.2847,-0.1455,-0.313,3.137,0.137,nornal
192788,0.9736,0.2844,-0.1367,-0.344,2.756,-0.031,nornal
192808,0.9707,0.2844,-0.1443,-0.275,2.794,0.023,nornal
192828,0.9675,0.2861,-0.1353,-0.038,2.863,0.229,nornal
192848,0.97,0.2876,-0.1345,-0.069,3.023,0.061,nornal
192868,0.9688,0.2854,-0.1382,0.359,3.45,0.084,nornal
192888,0.9702,0.2849,-0.1504,0.58,3.817,-0.092,nornal
192908,0.9683,0.2825,-0.1423,0.191,3.84,-0.405,nornal
192928,0.9688,0.282,-0.1416,-0.328,3.985,-0.458,nornal
192948,0.9685,0.2822,-0.1409,-0.031,4.26,-0.481,nornal
192968,0.9697,0.2834,-0.1426,-0.183,4.26,-0.885,nornal
192988,0.9724,0.283,-0.1421,-0.58,4.176,-0.71,nornal
193008,0.9746,0.2859,-0.1423,-0.672,4.191,-1.137,nornal
193028,0.9695,0.2849,-0.145,-0.863,4.206,-1.221,nornal
193048,0.9675,0.2847,-0.1414,-0.824,4.328,-1.26,nornal
193068,0.9668,0.2874,-0.1445,-0.504,4.321,-1.603,nornal
193088,0.9707,0.2896,-0.1389,-0.336,4.481,-1.649,nornal
193108,0.9734,0.2881,-0.1353,-0.229,4.092,-1.237,nornal
193128,0.9749,0.2878,-0.1323,-0.427,4.031,-1.176,nornal
193148,0.969,0.2847,-0.1409,-0.397,3.481,-0.74,nornal
193168,0.9731,0.2856,-0.1392,-0.771,3.26,-0.519,nornal
193188,0.9729,0.2869,-0.1375,-0.672,2.725,-0.198,nornal
193208,0.9707,0.291,-0.1392,-0.359,2.893,0.0,nornal
193228,0.9678,0.2874,-0.1379,-0.26,2.71,0.145,nornal
193248,0.9695,0.2881,-0.1406,0.0,2.504,0.13,nornal
193268,0.9692,0.2837,-0.1428,0.656,2.664,0.191,nornal
193288,0.9656,0.2881,-0.1433,0.55,2.809,0.183,nornal
193308,0.97,0.2876,-0.1392,1.008,3.015,0.29,nornal
193328,0.9702,0.2856,-0.1411,0.809,3.29,-0.046,nornal
193348,0.9663,0.2859,-0.1392,1.221,3.168,-0.015,nornal
193368,0.9705,0.2871,-0.136,1.076,3.267,-0.198,nornal
193388,0.9712,0.2849,-0.145,0.947,3.496,-0.168,nornal
193408,0.9707,0.281,-0.1492,0.786,3.664,-0.695,nornal
193428,0.97,0.2822,-0.135,0.328,3.725,-0.427,nornal
193448,0.9709,0.2876,-0.1443,0.061,3.305,-0.443,nornal
193468,0.9756,0.2817,-0.1433,0.053,3.542,-0.351,nornal
193488,0.9695,0.2854,-0.1399,-0.107,3.015,-0.519,nornal
193508,0.9634,0.2839,-0.1411,0.153,2.992,-0.534,nornal
193528,0.9731,0.2844,-0.1392,0.321,3.176,-0.489,nornal
193548,0.9722,0.2825,-0.145,0.275,3.42,-0.42,nornal
193568,0.9673,0.283,-0.1394,-0.176,3.244,-0.42,nornal
193588,0.97,0.2854,-0.1409,-0.588,3.084,-0.267,nornal
193608,0.9734,0.2849,-0.1479,-0.443,3.26,-0.221,nornal
193628,0.9729,0.2869,-0.1379,0.076,3.031,-0.313,nornal
193648,0.9695,0.2893,-0.1357,-0.16,2.687,-0.122,nornal
193668,0.9714,0.283,-0.1438,0.237,2.954,-0.16,nornal
193688,0.9688,0.2859,-0.1409,0.466,3.282,-0.29,nornal
193708,0.9717,0.2847,-0.1311,0.672,3.015,-0.008,nornal
193728,0.9685,0.2832,-0.1433,0.847,3.015,-0.168,nornal
193748,0.9736,0.2817,-0.1443,0.916,3.298,-0.137,nornal
193768,0.968,0.2817,-0.1384,0.779,3.656,-0.443,nornal
193788,0.9695,0.2808,-0.1416,0.55,3.687,-0.412,nornal
193808,0.9673,0.2847,-0.1357,0.191,3.611,-0.313,nornal
193828,0.97,0.2832,-0.1382,0.206,3.519,-0.687,nornal
193848,0.9724,0.2827,-0.1519,0.313,3.397,-0.656,nornal
193868,0.9663,0.2881,-0.1453,-0.076,3.29,-0.298,nornal
193888,0.9705,0.2815,-0.1379,-0.115,3.374,-0.496,nornal
193908,0.9661,0.2876,-0.1411,-0.061,3.344,-0.58,nornal
193928,0.9719,0.2842,-0.1409,0.092,3.214,-0.191,nornal
193948,0.9734,0.2849,-0.1394,-0.267,3.321,-0.588,nornal
193968,0.9695,0.2842,-0.1387,-0.351,3.305,-0.519,nornal
193988,0.9707,0.2869,-0.1382,-0.244,3.069,-0.389,nornal
194008,0.9731,0.2913,-0.1421,-0.038,3.16,-0.435,nornal
194028,0.9712,0.2869,-0.1394,0.321,3.29,-0.366,nornal
194048,0.9724,0.2844,-0.1343,0.244,3.344,-0.626,nornal
194068,0.9719,0.2856,-0.1367,-0.443,3.168,-0.29,nornal
194088,0.968,0.2869,-0.1279,0.321,3.519,-0.412,nornal
194108,0.9692,0.2842,-0.137,-0.031,3.374,-0.504,nornal
194128,0.9717,0.2822,-0.1318,0.221,3.321,-0.756,nornal
194148,0.9678,0.2876,-0.1328,0.038,2.962,-0.588,nornal
194168,0.9712,0.2878,-0.1365,0.16,2.901,-0.282,nornal
194188,0.9692,0.2903,-0.1348,0.168,2.885,-0.519,nornal
194208,0.9712,0.2842,-0.1414,0.557,2.901,-0.534,nornal
194228,0.9731,0.2874,-0.1382,0.817,3.206,-0.305,nornal
194248,0.9653,0.2844,-0.1396,0.206,3.237,-0.58,nornal
194268,0.9673,0.2815,-0.136,-0.504,3.053,-0.145,nornal
194288,0.9741,0.2854,-0.1426,-0.519,2.832,0.229,nornal
194308,0.9727,0.2825,-0.1416,-0.305,2.924,-0.031,nornal
194328,0.9709,0.2896,-0.1321,-0.687,3.008,-0.237,nornal
194348,0.9727,0.2878,-0.1348,-0.565,2.908,0.221,nornal
194368,0.969,0.2847,-0.134,-0.321,3.076,-0.076,nornal
194388,0.9668,0.2856,-0.1443,-0.214,3.069,-0.084,nornal
194408,0.9663,0.2913,-0.1389,-0.092,2.939,-0.115,nornal
194428,0.967,0.2864,-0.1309,0.084,3.107,-0.45,nornal
194448,0.9719,0.2896,-0.1421,0.084,2.809,-0.183,nornal
194468,0.9719,0.2844,-0.1382,-0.26,3.069,-0.26,nornal
194488,0.968,0.2866,-0.134,-0.107,2.992,-0.061,nornal
194508,0.9702,0.2878,-0.1428,-0.221,3.237,0.26,nornal
194529,0.968,0.2844,-0.1375,-0.206,3.282,0.115,nornal
194549,0.9685,0.2883,-0.1331,-0.168,3.015,0.107,nornal
194569,0.9697,0.2854,-0.1438,-0.427,3.015,-0.061,nornal
194589,0.97,0.2881,-0.1365,-0.191,2.74,0.031,nornal
194609,0.9709,0.2876,-0.1404,-0.382,2.718,0.069,nornal
194629,0.9722,0.2876,-0.1375,-0.359,2.687,0.26,nornal
194649,0.9695,0.2856,-0.1328,-0.229,2.954,0.267,nornal
194669,0.9695,0.2859,-0.1418,-0.16,2.939,0.107,nornal
194689,0.9731,0.2898,-0.1411,-0.282,2.664,0.221,nornal
194709,0.97,0.2883,-0.1357,-0.069,2.687,0.107,nornal
194729,0.9707,0.2856,-0.1355,-0.557,2.885,0.565,nornal
194749,0.9692,0.2866,-0.1316,-0.45,3.076,0.321,nornal
194769,0.9692,0.2837,-0.1362,-0.145,3.023,0.344,nornal
194789,0.9714,0.2869,-0.1357,-0.351,2.611,0.328,nornal
194809,0.9666,0.2856,-0.137,-0.298,2.847,0.183,nornal
194829,0.9697,0.2888,-0.1399,-0.496,2.618,0.008,nornal
194849,0.9731,0.291,-0.1318,-0.412,2.733,0.191,nornal
194869,0.9668,0.2893,-0.1282,-0.359,2.832,0.328,nornal
194889,0.9714,0.2896,-0.137,-0.153,3.053,-0.137,nornal
194909,0.9653,0.2861,-0.1472,0.305,3.328,-0.382,nornal
194929,0.9731,0.2856,-0.1382,0.191,3.405,-0.511,nornal
194949,0.9663,0.2847,-0.137,-0.328,3.122,-0.511,nornal
194969,0.9741,0.2881,-0.137,-0.183,3.145,-0.496,nornal
194989,0.969,0.2856,-0.1404,0.076,3.015,-0.298,nornal
195009,0.9695,0.2837,-0.1343,0.076,3.26,-0.282,nornal
195029,0.97,0.2844,-0.1438,-0.099,2.84,-0.382,nornal
195049,0.9695,0.2852,-0.1399,-0.038,2.817,-0.176,nornal
195069,0.9712,0.2847,-0.1406,0.023,2.573,0.183,nornal
195089,0.9751,0.2881,-0.136,-0.099,2.733,0.382,nornal
195109,0.9719,0.2886,-0.1387,0.344,2.534,0.42,nornal
195129,0.9734,0.2866,-0.1418,0.641,2.412,0.336,nornal
195149,0.9697,0.2834,-0.1438,0.718,2.282,0.443,nornal
195169,0.9702,0.2856,-0.1416,0.626,2.481,0.519,nornal
195189,0.9673,0.2888,-0.1431,0.42,2.817,0.588,nornal
195209,0.9692,0.2856,-0.1411,0.038,2.855,0.382,nornal
195229,0.9731,0.2832,-0.1501,0.557,2.794,0.504,nornal
195249,0.9731,0.2839,-0.1436,0.55,2.489,0.275,nornal
195269,0.9724,0.2822,-0.1431,0.275,2.321,0.053,nornal
195289,0.9717,0.2832,-0.1453,0.618,2.878,0.206,nornal
195309,0.9717,0.283,-0.1465,0.16,2.878,0.359,nornal
195329,0.9712,0.2849,-0.1455,0.198,3.069,-0.191,nornal
195349,0.9702,0.2817,-0.1433,0.221,2.855,0.053,nornal
195369,0.9727,0.2825,-0.1484,0.099,2.985,0.244,nornal
195389,0.9697,0.282,-0.1484,0.412,2.824,-0.023,nornal
195409,0.9668,0.2825,-0.1428,0.748,3.267,-0.084,nornal
195429,0.9707,0.2822,-0.1436,0.885,3.252,-0.168,nornal
195449,0.9731,0.2827,-0.1494,0.977,3.397,-0.351,nornal
195469,0.9709,0.2808,-0.1421,0.588,3.267,-0.191,nornal
195489,0.9717,0.2729,-0.147,0.305,3.267,-0.122,nornal
195509,0.9712,0.2786,-0.147,0.031,3.351,-0.305,nornal
195529,0.9702,0.2795,-0.1409,0.26,3.656,-0.374,nornal
195549,0.97,0.28,-0.1475,0.099,3.802,-0.534,nornal
195569,0.9702,0.2795,-0.1428,-0.038,4.45,-0.656,nornal
195589,0.969,0.282,-0.146,0.122,4.588,-1.015,nornal
195609,0.9734,0.28,-0.1438,-0.069,4.519,-1.282,nornal
195629,0.9673,0.2834,-0.1382,0.321,4.145,-1.229,nornal
195649,0.9729,0.2834,-0.1475,0.427,3.809,-1.076,nornal
195669,0.9741,0.2827,-0.1462,0.832,3.092,-1.107,nornal
195689,0.9739,0.2812,-0.1458,0.519,3.046,-0.298,nornal
195709,0.9727,0.2817,-0.1343,0.557,3.168,0.069,nornal
195729,0.9734,0.282,-0.146,0.489,2.931,0.206,nornal
195749,0.9697,0.283,-0.1409,0.099,2.542,0.565,nornal
195769,0.9746,0.2795,-0.1418,-0.176,2.641,0.733,nornal
195789,0.9719,0.281,-0.1421,-0.069,2.626,0.603,nornal
195809,0.9709,0.2832,-0.1445,-0.069,2.954,0.557,nornal
195829,0.9695,0.2788,-0.1475,-0.031,3.107,0.397,nornal
195849,0.969,0.2808,-0.1399,0.191,2.954,0.267,nornal
195869,0.9695,0.2791,-0.135,0.359,3.336,0.053,nornal
195889,0.9712,0.2815,-0.144,0.336,3.29,-0.16,nornal
195909,0.9734,0.28,-0.1396,0.45,3.198,0.008,nornal
195929,0.9685,0.2803,-0.1418,0.702,3.336,-0.458,nornal
195949,0.9741,0.2791,-0.1384,0.344,3.481,-0.328,nornal
195969,0.9683,0.2786,-0.1499,0.229,3.542,-0.13,nornal
195989,0.9731,0.2771,-0.1404,-0.069,3.412,-0.42,nornal
196009,0.9744,0.2761,-0.1423,-0.29,3.847,-0.466,nornal
196029,0.9753,0.2793,-0.1392,-0.076,3.916,-0.412,nornal
196049,0.9722,0.2761,-0.1404,-0.527,4.29,-0.397,nornal
196069,0.9766,0.2791,-0.1394,-0.794,4.031,-0.641,nornal
196089,0.9722,0.2817,-0.1416,-0.687,4.29,-0.802,nornal
196109,0.97,0.2859,-0.145,-0.573,4.122,-0.947,nornal
196129,0.9695,0.2795,-0.144,-0.183,4.069,-0.985,nornal
196149,0.9673,0.2817,-0.1401,-0.305,4.008,-0.878,nornal
196169,0.9749,0.282,-0.1472,-0.649,4.603,-0.969,nornal
196189,0.9734,0.2881,-0.135,-0.611,4.489,-1.229,nornal
196209,0.9714,0.2878,-0.1299,-0.267,4.626,-1.061,nornal
196229,0.9712,0.2856,-0.1338,-0.122,4.237,-1.038,nornal
196249,0.9749,0.2866,-0.1426,0.908,3.679,-1.176,nornal
196269,0.9697,0.2812,-0.1326,0.443,4.069,-0.779,nornal
196289,0.9729,0.2822,-0.1472,0.206,3.656,-0.473,nornal
196309,0.9722,0.281,-0.1335,-0.214,3.176,-0.168,nornal
196329,0.9744,0.2781,-0.1365,-0.252,3.107,0.084,nornal
196349,0.9727,0.2839,-0.1458,-0.58,2.832,0.29,nornal
196369,0.9736,0.2793,-0.1377,-0.718,2.382,0.458,nornal
196389,0.9712,0.2808,-0.1428,-0.679,2.557,0.802,nornal
196409,0.9756,0.2859,-0.1411,-0.672,2.611,0.412,nornal
196429,0.9702,0.2856,-0.144,-0.397,2.221,0.366,nornal
196449,0.9702,0.2861,-0.1387,0.183,2.267,0.351,nornal
196469,0.9702,0.2871,-0.1309,0.137,2.656,0.42,nornal
196489,0.9719,0.2859,-0.1311,0.382,2.893,0.282,nornal
196509,0.9709,0.2825,-0.1362,0.328,3.168,0.298,nornal
196530,0.9697,0.2852,-0.136,0.618,3.466,0.298,nornal
196550,0.968,0.282,-0.1382,0.748,3.718,0.206,nornal
196570,0.9717,0.2856,-0.1406,0.687,3.45,-0.344,nornal
196590,0.9736,0.2815,-0.1382,0.832,3.046,-0.504,nornal
196610,0.9717,0.2866,-0.144,0.595,3.198,-0.298,nornal
196630,0.967,0.2776,-0.134,0.237,3.275,-0.672,nornal
196650,0.9673,0.2869,-0.1394,0.145,3.076,-0.641,nornal
196670,0.9697,0.2812,-0.1365,-0.046,3.641,-0.336,nornal
196690,0.9724,0.2839,-0.1389,-0.542,3.45,-0.321,nornal
196710,0.9744,0.281,-0.1409,0.053,3.763,-0.16,nornal
196730,0.9709,0.2842,-0.1384,-0.611,3.473,-0.298,nornal
196750,0.9707,0.2856,-0.1401,-0.519,3.359,-0.695,nornal
196770,0.9719,0.2815,-0.1353,0.099,3.443,-0.931,nornal
196790,0.9749,0.2837,-0.1343,-0.137,3.282,-1.015,nornal
196810,0.9751,0.2878,-0.1289,-0.099,3.137,-1.015,nornal
196830,0.9727,0.2822,-0.1377,0.046,3.313,-0.679,nornal
196850,0.9722,0.2886,-0.1399,-0.084,3.626,-0.656,nornal
196870,0.9744,0.2817,-0.1345,0.237,3.206,-0.603,nornal
196890,0.97,0.2808,-0.1401,0.145,3.16,-0.427,nornal
196910,0.9722,0.2832,-0.1353,0.427,2.878,-0.71,nornal
196930,0.9722,0.281,-0.1372,0.237,2.931,-0.878,nornal
196950,0.9722,0.2822,-0.134,0.664,3.183,-0.763,nornal
196970,0.9724,0.2788,-0.1379,0.847,3.221,-0.725,nornal
196990,0.9722,0.2812,-0.1338,-0.145,3.221,-0.351,nornal
197010,0.9734,0.28,-0.1375,-0.16,3.084,-0.153,nornal
197030,0.9749,0.2815,-0.144,-0.672,2.702,0.405,nornal
197050,0.9717,0.2776,-0.1387,-0.511,2.229,0.053,nornal
197070,0.9761,0.2803,-0.1343,-0.695,2.405,0.069,nornal
197090,0.9707,0.282,-0.1443,-0.771,2.382,0.473,nornal
197110,0.9685,0.2854,-0.145,-0.588,2.412,0.405,nornal
197130,0.9714,0.2869,-0.1401,-0.481,2.672,0.527,nornal
197150,0.9722,0.2817,-0.1416,-0.397,2.519,0.534,nornal
197170,0.9734,0.2849,-0.1357,-0.115,2.702,0.908,nornal
197190,0.9697,0.2827,-0.1284,-0.29,2.595,0.74,nornal
197210,0.9724,0.2817,-0.1392,-0.382,2.412,0.985,nornal
197230,0.9729,0.2849,-0.1357,-0.382,2.427,0.649,nornal
197250,0.9673,0.2852,-0.1299,-0.366,2.443,0.954,nornal
197270,0.9697,0.2849,-0.1438,-0.42,2.672,0.817,nornal
197290,0.9697,0.2839,-0.1431,-0.153,2.679,0.511,nornal
197310,0.9705,0.2847,-0.1375,-0.076,2.931,0.611,nornal
197330,0.97,0.2834,-0.1428,0.214,2.969,0.42,nornal
197350,0.9707,0.2825,-0.1387,0.069,3.137,0.092,nornal
197370,0.9697,0.2832,-0.1389,-0.206,3.191,-0.244,nornal
197390,0.9697,0.2852,-0.135,-0.328,3.267,-0.023,nornal
197410,0.9705,0.2854,-0.1292,-0.176,3.221,-0.092,nornal
197430,0.9717,0.2827,-0.1421,-0.229,3.595,-0.275,nornal
197450,0.9729,0.2876,-0.1387,-0.084,3.221,-0.183,nornal
197470,0.9705,0.2854,-0.1409,0.038,3.313,-0.573,nornal
197490,0.9722,0.2834,-0.137,-0.305,3.359,-0.344,nornal
197510,0.9729,0.2795,-0.1357,-0.214,3.405,-0.557,nornal
197530,0.9692,0.28,-0.1379,-0.076,3.908,-0.565,nornal
197550,0.9751,0.2781,-0.1367,-0.122,3.695,-0.511,nornal
197570,0.9749,0.2842,-0.1367,-0.382,3.153,-0.908,nornal
197590,0.9707,0.2842,-0.1372,-0.115,3.122,-0.779,nornal
197610,0.9724,0.2849,-0.1399,0.107,3.366,-1.321,nornal
197630,0.9673,0.2876,-0.1333,0.679,3.412,-0.817,nornal
197650,0.9705,0.2839,-0.1353,1.252,3.511,-0.771,nornal
197670,0.9729,0.2788,-0.137,1.252,3.504,-0.252,nornal
197690,0.9702,0.2759,-0.1392,1.031,3.16,-0.252,nornal
197710,0.9746,0.2822,-0.1375,0.71,2.603,0.038,nornal
197730,0.9746,0.2808,-0.1426,0.557,2.58,-0.046,nornal
197750,0.9746,0.2856,-0.1389,0.511,2.397,0.321,nornal
197770,0.9739,0.2769,-0.1406,0.397,2.389,0.718,nornal
197790,0.968,0.281,-0.1431,0.389,2.542,0.458,nornal
197810,0.9719,0.2803,-0.1401,0.45,2.656,0.198,nornal
197830,0.9692,0.2834,-0.144,0.809,2.427,0.191,nornal
197850,0.9697,0.2817,-0.1387,1.137,2.992,0.244,nornal
197870,0.9712,0.2788,-0.1377,1.145,3.176,-0.008,nornal
197890,0.9729,0.2827,-0.1394,1.489,2.947,0.015,nornal
197910,0.9751,0.2778,-0.1365,1.366,3.076,0.008,nornal
197930,0.969,0.2842,-0.1453,0.962,2.687,-0.267,nornal
197950,0.9749,0.2798,-0.1431,0.939,2.763,0.0,nornal
197970,0.9724,0.2761,-0.1416,1.069,2.435,0.221,nornal
197990,0.9751,0.2791,-0.1462,0.779,2.389,0.267,nornal
198010,0.9714,0.2825,-0.1428,0.427,2.672,0.061,nornal
198030,0.9758,0.2788,-0.1411,0.099,2.496,0.481,nornal
198050,0.9744,0.2764,-0.1467,-0.053,2.397,0.29,nornal
198070,0.9702,0.2783,-0.1455,0.137,2.435,0.573,nornal
198090,0.9712,0.2749,-0.1448,-0.336,2.527,0.489,nornal
198110,0.9692,0.2781,-0.1428,-0.031,2.763,0.397,nornal
198130,0.9705,0.2791,-0.1399,0.023,3.031,0.053,nornal
198150,0.9702,0.2793,-0.1472,0.221,3.107,-0.076,nornal
198170,0.9707,0.2803,-0.146,0.382,3.115,-0.366,nornal
198190,0.9714,0.2808,-0.1482,0.473,3.198,-0.244,nornal
198210,0.9727,0.2781,-0.1414,0.687,3.351,-0.252,nornal
198230,0.9724,0.283,-0.1494,0.527,3.435,-0.618,nornal
198250,0.9734,0.2769,-0.144,0.481,3.527,-0.374,nornal
198270,0.9709,0.2756,-0.1504,0.557,3.405,-0.382,nornal
198290,0.9705,0.2786,-0.1482,0.229,3.29,-0.115,nornal
198310,0.9724,0.2778,-0.1421,0.336,3.45,-0.405,nornal
198330,0.9744,0.2786,-0.1475,0.061,3.771,-0.58,nornal
198350,0.9729,0.2798,-0.1453,0.389,3.748,-0.557,nornal
198370,0.9712,0.2778,-0.1455,-0.26,3.641,-0.718,nornal
198390,0.9729,0.28,-0.1462,-0.015,3.282,-0.756,nornal
198410,0.97,0.2783,-0.145,-0.351,3.58,-0.359,nornal
198430,0.9724,0.28,-0.1411,-0.359,3.252,-0.481,nornal
198450,0.9729,0.2805,-0.1406,-0.466,2.748,-0.176,nornal
198470,0.9727,0.2842,-0.1367,0.084,2.87,-0.534,nornal
198490,0.9705,0.2861,-0.1494,0.511,2.29,-0.107,nornal
198510,0.9734,0.2893,-0.1326,0.885,2.511,0.053,nornal
198531,0.9666,0.2896,-0.1377,1.145,3.275,0.198,nornal
198551,0.9651,0.2922,-0.1355,2.168,4.405,0.26,nornal
198571,0.9641,0.2825,-0.1392,2.702,5.191,-0.015,nornal
198591,0.968,0.2812,-0.1362,3.229,5.359,-0.061,nornal
198611,0.9727,0.2793,-0.1343,3.275,4.878,-0.84,nornal
198631,0.9736,0.27,-0.1404,3.069,4.473,-1.679,nornal
198651,0.9763,0.2668,-0.147,2.679,3.901,-1.908,nornal
198671,0.97,0.2617,-0.145,1.687,4.511,-1.885,nornal
198691,0.9744,0.2615,-0.1467,0.718,4.939,-2.221,nornal
198711,0.9707,0.2581,-0.1533,0.176,5.076,-2.252,nornal
198731,0.9756,0.2593,-0.144,-0.779,4.878,-2.626,nornal
198751,0.9761,0.2661,-0.1501,-1.275,5.267,-2.29,nornal
198771,0.9741,0.2639,-0.1414,-2.267,4.779,-2.26,nornal
198791,0.9814,0.2686,-0.1462,-2.885,4.771,-2.115,nornal
198811,0.9736,0.2744,-0.1492,-3.458,4.244,-1.969,nornal
198831,0.9802,0.2793,-0.1428,-3.511,3.672,-1.412,nornal
198851,0.9734,0.2856,-0.1365,-4.26,3.718,-1.397,nornal
198871,0.9695,0.2898,-0.1348,-3.603,3.168,-1.443,nornal
198891,0.9702,0.293,-0.1318,-3.359,3.221,-1.252,nornal
198911,0.9773,0.2935,-0.1313,-2.672,2.718,-0.786,nornal
198931,0.9761,0.2952,-0.1292,-1.878,2.336,-0.252,nornal
198951,0.9702,0.293,-0.1362,-1.084,1.855,-0.336,nornal
198971,0.9722,0.292,-0.1304,-0.695,1.611,0.305,nornal
198991,0.9709,0.2927,-0.1365,-0.527,1.84,0.473,nornal
199011,0.9714,0.2871,-0.1394,0.023,2.733,1.053,nornal
199031,0.9753,0.2856,-0.1287,0.122,2.153,1.153,nornal
199051,0.9709,0.2886,-0.1265,0.145,1.649,0.817,nornal
199071,0.9705,0.2903,-0.137,0.366,1.481,0.908,nornal
199091,0.9697,0.2888,-0.1382,0.656,1.534,0.878,nornal
199111,0.9714,0.2893,-0.1316,1.13,1.42,1.359,nornal
199131,0.9683,0.2883,-0.1357,1.076,1.55,1.458,nornal
199151,0.9666,0.2891,-0.1433,1.229,2.092,1.779,nornal
199171,0.9683,0.2949,-0.1396,1.611,2.504,1.527,nornal
199191,0.9653,0.292,-0.1372,2.076,2.359,0.901,nornal
199211,0.9634,0.283,-0.1421,2.328,2.496,0.473,nornal
199231,0.9702,0.2827,-0.1487,2.672,2.099,0.092,nornal
199251,0.9739,0.2815,-0.1453,2.252,2.985,-0.45,nornal
199271,0.9697,0.281,-0.1438,1.924,2.954,-0.359,nornal
199291,0.9692,0.28,-0.146,1.947,3.55,-0.458,nornal
199311,0.9724,0.2739,-0.1438,1.817,3.496,-0.435,nornal
199331,0.9717,0.2776,-0.147,1.221,3.679,-0.458,nornal
199351,0.969,0.2786,-0.1379,0.55,3.847,-0.832,nornal
199371,0.9712,0.2773,-0.1416,0.038,3.962,-0.58,nornal
199391,0.9722,0.283,-0.1428,0.092,4.206,-0.878,nornal
199411,0.9685,0.2795,-0.1389,-0.191,4.359,-0.634,nornal
199431,0.9724,0.2817,-0.1475,-0.214,4.229,-0.786,nornal
199451,0.967,0.2825,-0.1406,-0.641,4.626,-0.847,nornal
199471,0.9753,0.2791,-0.1418,-0.58,4.443,-1.168,nornal
199491,0.9688,0.2827,-0.1372,-0.534,4.412,-1.267,nornal
199511,0.9697,0.2844,-0.1423,-0.588,5.023,-1.824,nornal
199531,0.9663,0.2896,-0.1379,-0.229,5.573,-1.427,nornal
199551,0.9712,0.2883,-0.1377,-0.29,5.214,-1.641,nornal
199571,0.9722,0.2927,-0.1409,0.176,5.107,-1.794,nornal
199591,0.9714,0.2925,-0.1353,0.031,4.626,-2.336,nornal
199611,0.9727,0.2886,-0.1301,0.626,4.641,-2.061,nornal
199631,0.9753,0.2903,-0.1401,0.588,4.794,-1.634,nornal
199651,0.97,0.2886,-0.1301,0.84,3.168,-1.427,nornal
199671,0.9709,0.2927,-0.1362,1.305,3.527,-1.183,nornal
199691,0.9709,0.2827,-0.1409,1.092,3.252,-0.702,nornal
199711,0.9702,0.2825,-0.1396,1.053,2.924,-0.198,nornal
199731,0.9729,0.2803,-0.1489,0.168,1.802,-0.008,nornal
199751,0.9746,0.2791,-0.1401,0.198,1.58,-0.137,nornal
199771,0.9758,0.283,-0.1443,-0.168,1.412,-0.237,nornal
199791,0.9712,0.2881,-0.1372,-0.366,1.443,0.565,nornal
199811,0.9736,0.2878,-0.1401,-0.198,1.321,1.031,nornal
199831,0.9702,0.29,-0.1389,-0.053,1.649,1.168,nornal
199851,0.9727,0.2915,-0.1367,0.435,1.519,0.969,nornal
199871,0.9709,0.2832,-0.145,0.847,1.397,0.954,nornal
199891,0.9705,0.2852,-0.145,0.687,1.641,0.763,nornal
199911,0.9746,0.28,-0.1472,0.611,1.771,0.702,nornal
199931,0.9678,0.283,-0.1392,0.74,1.954,0.969,nornal
199951,0.9697,0.2876,-0.1445,0.718,2.588,1.038,nornal
199971,0.97,0.2854,-0.1416,0.687,2.496,0.992,nornal
199991,0.9673,0.283,-0.1445,0.924,2.0,1.115,nornal
200011,0.967,0.2783,-0.144,0.542,2.16,0.412,nornal
200031,0.9697,0.2834,-0.1477,0.13,2.824,0.244,nornal
200051,0.9661,0.2849,-0.1392,0.458,2.71,-0.153,nornal
200071,0.9705,0.2812,-0.1462,0.29,3.145,-0.221,nornal
200091,0.9688,0.2883,-0.1379,0.267,3.107,-0.321,nornal
200111,0.9729,0.2812,-0.1514,0.42,3.214,-0.389,nornal
200131,0.9714,0.2805,-0.1462,0.557,3.107,-0.366,nornal
200151,0.9744,0.2817,-0.1453,0.0,3.168,-0.473,nornal
200171,0.9717,0.2803,-0.1394,-0.321,2.916,-0.382,nornal
200191,0.9727,0.2825,-0.1516,-0.511,2.931,-0.397,nornal
200211,0.9692,0.2844,-0.1487,-0.527,3.053,-0.374,nornal
200231,0.9717,0.2852,-0.136,-0.542,3.176,-0.534,nornal
200251,0.9744,0.2817,-0.1433,-0.458,2.832,-0.305,nornal
200271,0.9729,0.2837,-0.1421,-0.336,2.611,-0.084,nornal
200291,0.9683,0.2827,-0.1411,-0.275,2.618,0.183,nornal
200311,0.9729,0.2837,-0.1431,-0.481,2.977,0.153,nornal
200331,0.9678,0.2837,-0.1411,-0.595,2.305,0.443,nornal
200351,0.9709,0.2827,-0.1426,-0.45,2.962,0.305,nornal
200371,0.9714,0.2849,-0.1426,-0.099,3.099,0.069,nornal
200391,0.9707,0.2815,-0.1492,-0.267,3.137,0.031,nornal
200411,0.969,0.2803,-0.1443,-0.527,3.137,0.137,nornal
200431,0.969,0.2878,-0.1482,-0.649,3.061,0.084,nornal
200451,0.9744,0.2888,-0.1433,-0.664,3.252,-0.244,nornal
200471,0.9768,0.2854,-0.144,-0.435,2.947,-0.122,nornal
200491,0.9702,0.2886,-0.1519,0.099,3.183,-0.221,nornal
200511,0.9663,0.2837,-0.1416,0.198,3.458,-0.015,nornal
200532,0.9673,0.2896,-0.1409,-0.16,3.374,-0.168,nornal
200552,0.9688,0.2815,-0.1436,0.244,2.84,-0.115,nornal
200572,0.9712,0.2859,-0.1428,0.374,3.122,-0.214,nornal
200592,0.97,0.2881,-0.1482,0.366,2.786,-0.153,nornal
200612,0.9717,0.283,-0.1484,0.221,2.969,-0.069,nornal
200632,0.9688,0.2812,-0.147,0.252,2.992,-0.107,nornal
200652,0.968,0.2786,-0.1475,0.237,3.0,0.191,nornal
200672,0.9648,0.2832,-0.1475,0.115,3.046,0.382,nornal
200692,0.9678,0.282,-0.1404,0.244,3.397,-0.221,nornal
200712,0.9675,0.283,-0.1418,0.336,3.87,-0.267,nornal
200732,0.9705,0.2805,-0.1499,0.504,3.71,-0.473,nornal
200752,0.968,0.2856,-0.1382,0.489,4.115,-0.992,nornal
200772,0.9697,0.2788,-0.1506,0.947,4.649,-1.107,nornal
200792,0.97,0.2871,-0.1406,0.611,4.618,-1.168,nornal
200812,0.968,0.2825,-0.1438,0.718,5.084,-1.237,nornal
200832,0.9666,0.2849,-0.1389,0.687,5.244,-1.763,nornal
200852,0.9697,0.2866,-0.1479,0.809,4.931,-1.885,nornal
200872,0.9692,0.2856,-0.1404,0.977,4.901,-1.847,nornal
200892,0.9695,0.2834,-0.1401,0.832,4.748,-1.992,nornal
200912,0.9714,0.2883,-0.1409,1.145,4.679,-1.779,nornal
200932,0.9727,0.2847,-0.145,0.771,4.634,-1.321,nornal
200952,0.9714,0.2812,-0.1465,1.198,4.145,-1.336,nornal
200972,0.9746,0.2776,-0.147,0.901,3.481,-1.237,nornal
200992,0.9746,0.2815,-0.1426,0.962,3.229,-0.809,nornal
201012,0.9736,0.2773,-0.1375,0.725,2.695,-0.389,nornal
201032,0.9775,0.2822,-0.1433,0.473,2.542,-0.344,nornal
201052,0.9758,0.2776,-0.1511,0.0,2.26,-0.092,nornal
201072,0.9714,0.2776,-0.146,-0.435,2.58,0.336,nornal
201092,0.97,0.2776,-0.1545,-0.672,2.16,0.328,nornal
201112,0.9736,0.2852,-0.1467,-0.718,1.824,0.313,nornal
201132,0.97,0.2842,-0.1519,-0.115,1.87,0.412,nornal
201152,0.9692,0.2905,-0.145,-0.229,1.557,0.511,nornal
201172,0.9717,0.2856,-0.1487,0.344,2.214,0.908,nornal
201192,0.9692,0.2891,-0.1489,0.443,2.076,0.809,nornal
201212,0.9651,0.2822,-0.1445,0.641,2.382,0.511,nornal
201232,0.967,0.2832,-0.1423,0.176,2.046,0.725,nornal
201252,0.9709,0.2876,-0.1567,0.397,2.26,0.908,nornal
201272,0.9734,0.2903,-0.1416,0.756,3.069,1.191,nornal
201292,0.9707,0.2854,-0.1323,0.305,3.023,0.962,nornal
201312,0.9658,0.2776,-0.1448,0.26,3.069,0.802,nornal
201332,0.9695,0.2798,-0.1504,0.321,3.214,0.13,nornal
201352,0.9678,0.2839,-0.1428,0.313,2.992,-0.443,nornal
201372,0.9707,0.2876,-0.1445,0.672,3.015,-0.885,nornal
201392,0.9678,0.2864,-0.1404,0.565,3.534,-0.878,nornal
201412,0.9761,0.2822,-0.1458,0.313,3.702,-0.458,nornal
201432,0.9719,0.2812,-0.1494,0.565,3.924,-0.015,nornal
201452,0.9688,0.2808,-0.1453,0.672,3.809,-0.557,nornal
201472,0.9695,0.2742,-0.1392,-0.275,4.206,-0.527,nornal
201492,0.9675,0.2778,-0.1455,-0.481,3.695,-0.748,nornal
201512,0.9714,0.283,-0.1453,-1.214,3.763,-0.588,nornal
201532,0.9714,0.2815,-0.1423,-1.679,3.206,-0.565,nornal
201552,0.9724,0.2791,-0.1433,-1.305,3.305,-0.405,nornal
201572,0.9712,0.2888,-0.1353,-1.58,2.962,-0.237,nornal
201592,0.9712,0.2883,-0.1357,-1.954,2.931,-0.382,nornal
201612,0.9651,0.2935,-0.1443,-1.794,3.237,-0.679,nornal
201632,0.9653,0.2935,-0.1401,-1.145,3.344,-0.511,nornal
201652,0.9683,0.2922,-0.1377,0.122,3.328,-0.618,nornal
201672,0.9661,0.2888,-0.1421,0.695,2.519,-1.061,nornal
201692,0.9707,0.2959,-0.1431,0.832,2.611,-0.733,nornal
201712,0.9744,0.2876,-0.1453,0.962,2.733,-0.374,nornal
201732,0.9717,0.2844,-0.1433,1.183,3.107,-0.366,nornal
201752,0.9653,0.2798,-0.1379,0.771,3.137,-0.534,nornal
201772,0.9658,0.2854,-0.1555,0.885,3.275,-0.542,nornal
201792,0.9678,0.2832,-0.1501,0.473,2.962,-0.656,nornal
201812,0.9678,0.2844,-0.155,0.481,2.71,-0.626,nornal
201832,0.9705,0.281,-0.1523,0.42,2.366,-0.298,nornal
201852,0.9758,0.2812,-0.1531,-0.298,2.656,-0.405,nornal
201872,0.9705,0.2756,-0.1584,-0.901,2.908,0.389,nornal
201892,0.9744,0.2791,-0.1506,-1.26,2.198,0.176,nornal
201912,0.9717,0.2834,-0.1458,-2.122,2.656,0.893,nornal
201932,0.9756,0.2827,-0.1467,-2.595,2.221,0.977,nornal
201952,0.9705,0.2866,-0.1509,-2.832,2.267,0.893,nornal
201972,0.9675,0.2874,-0.1484,-3.084,2.412,0.771,nornal
201992,0.967,0.2852,-0.1533,-2.282,3.359,0.55,nornal
202012,0.9648,0.2913,-0.1389,-2.221,3.092,0.321,nornal
202032,0.9712,0.2908,-0.1426,-1.557,2.817,0.061,nornal
202052,0.9709,0.2896,-0.1436,-1.046,2.786,0.183,nornal
202072,0.9661,0.2883,-0.1465,-0.824,3.023,-0.16,nornal
202092,0.9702,0.2832,-0.1619,-0.588,3.496,-0.168,nornal
202112,0.9719,0.2822,-0.1409,-0.84,2.962,-0.099,nornal
202132,0.9719,0.2793,-0.1384,-1.344,2.611,-0.26,nornal
202152,0.9697,0.2834,-0.146,-1.313,2.542,-0.16,nornal
202172,0.968,0.2805,-0.1384,-1.267,2.664,-0.137,nornal
202192,0.969,0.2888,-0.1514,-1.214,2.046,0.061,nornal
202212,0.9697,0.2832,-0.1375,-1.099,1.962,0.168,nornal
202232,0.9709,0.2815,-0.1436,-1.389,2.389,0.183,nornal
202252,0.9709,0.2854,-0.146,-1.061,2.618,0.153,nornal
202272,0.9714,0.2844,-0.146,-0.855,2.611,0.061,nornal
202292,0.967,0.2859,-0.1394,-0.794,2.26,0.298,nornal
202312,0.9692,0.2898,-0.1414,-0.565,2.031,0.366,nornal
202332,0.9712,0.2891,-0.1416,-0.55,1.802,0.313,nornal
202352,0.9712,0.2842,-0.1416,-0.305,2.107,0.977,nornal
202372,0.9688,0.2849,-0.1465,-0.229,2.008,0.656,nornal
202392,0.9675,0.2859,-0.147,-0.359,2.061,0.985,nornal
202412,0.9731,0.2864,-0.1313,-0.008,1.969,0.779,nornal
202432,0.9714,0.2847,-0.1506,0.069,2.847,0.702,nornal
202452,0.969,0.2822,-0.144,-0.13,2.954,0.42,nornal
202472,0.9734,0.283,-0.1409,-0.237,2.664,-0.031,nornal
202492,0.9661,0.2778,-0.1443,0.115,3.214,-0.374,nornal
202512,0.9692,0.2844,-0.1477,0.481,3.389,-0.855,nornal
202533,0.9709,0.2825,-0.1533,0.237,3.321,-0.863,nornal
202553,0.9724,0.2842,-0.1416,0.191,3.336,-1.122,nornal
202573,0.9666,0.2786,-0.1489,0.031,3.702,-1.374,nornal
202593,0.9678,0.282,-0.1492,0.031,4.069,-1.748,nornal
202613,0.9673,0.2803,-0.1487,-0.237,3.817,-1.664,nornal
202633,0.9683,0.2859,-0.1501,-0.634,3.664,-1.824,nornal
202653,0.9695,0.2886,-0.1538,-0.595,3.427,-2.038,nornal
202673,0.9702,0.2874,-0.1484,-0.977,2.901,-1.817,nornal
202693,0.9749,0.2896,-0.1423,-1.481,2.328,-1.756,nornal
202713,0.9678,0.2869,-0.1416,-0.626,2.496,-1.351,nornal
202733,0.9634,0.2866,-0.1545,-0.237,2.237,-0.832,nornal
202753,0.9739,0.292,-0.1655,-0.237,0.954,-0.786,nornal
202773,0.9829,0.2993,-0.1467,-1.534,-1.198,-0.947,nornal
202793,0.9561,0.3005,-0.1553,-1.756,-1.008,-0.382,nornal
202813,0.9756,0.3074,-0.1653,-1.771,-3.206,0.26,nornal
202833,0.9656,0.2939,-0.1636,-1.87,-4.038,0.84,nornal
202853,0.9409,0.2791,-0.1614,-0.557,-1.924,3.595,nornal
202873,0.9526,0.2866,-0.1816,-2.015,-1.145,4.412,nornal
202893,0.9666,0.2837,-0.1887,-3.397,-1.321,3.45,nornal
202913,0.9763,0.259,-0.1992,-3.244,-0.481,3.687,nornal
202933,0.9771,0.2581,-0.196,-5.374,-0.534,3.443,nornal
202953,0.9734,0.2656,-0.1838,-8.771,0.71,2.511,nornal
202973,0.9746,0.2725,-0.1709,-10.473,0.962,1.511,nornal
202993,0.9766,0.2915,-0.1624,-12.084,0.0,0.45,nornal
203013,0.9595,0.3025,-0.1726,-13.168,0.069,1.107,nornal
203033,0.9602,0.3171,-0.1853,-15.13,-0.527,0.893,nornal
203053,0.9526,0.3167,-0.1802,-14.786,2.298,0.13,nornal
203073,0.9438,0.3171,-0.1567,-13.229,3.863,0.634,nornal
203093,0.9478,0.3018,-0.1697,-11.374,6.176,0.313,nornal
203113,0.9656,0.2876,-0.1531,-10.519,5.55,-0.107,nornal
203133,0.9634,0.2637,-0.1392,-11.405,4.099,-1.191,nornal
203153,0.9744,0.2493,-0.1567,-13.985,3.389,-1.198,nornal
203173,0.9773,0.2419,-0.1709,-18.008,3.29,-1.168,nornal
203193,0.979,0.2319,-0.1624,-22.588,1.687,-0.947,nornal
203213,0.9709,0.2346,-0.1411,-26.71,2.626,-0.29,nornal
203233,0.9807,0.2251,-0.135,-33.099,1.053,-0.038,nornal
203253,0.9756,0.2371,-0.1389,-38.504,0.084,0.695,nornal
203273,0.9646,0.2192,-0.106,-43.084,0.099,0.672,nornal
203293,0.9749,0.2236,-0.1094,-47.313,1.504,1.275,nornal
203313,0.9844,0.2373,-0.1179,-53.496,-0.58,1.382,nornal
203333,0.9861,0.2222,-0.0723,-56.664,-0.878,1.206,nornal
203353,1.0056,0.2246,-0.0813,-58.13,1.122,1.725,nornal
203373,0.9958,0.2339,-0.0767,-59.313,1.71,3.771,nornal
203393,1.0068,0.2429,-0.0811,-58.015,1.969,4.893,nornal
203413,1.009,0.2429,-0.0869,-56.473,-0.802,4.435,nornal
203433,0.9912,0.2292,-0.0742,-55.527,-0.916,3.763,nornal
203453,1.0005,0.2085,-0.0989,-54.527,-0.527,2.26,nornal
203473,1.0007,0.2166,-0.0891,-52.969,-3.473,1.237,nornal
203493,0.9924,0.2129,-0.085,-47.809,-1.947,0.267,nornal
203513,0.9983,0.2053,-0.0969,-42.122,-0.137,-0.115,nornal
203533,0.9944,0.2146,-0.0989,-39.366,1.282,-0.748,nornal
203553,0.9973,0.2102,-0.1035,-36.183,1.443,-1.16,nornal
203573,0.9844,0.2009,-0.0901,-33.305,0.763,-2.061,nornal
203593,0.9849,0.1975,-0.072,-30.885,1.534,-3.58,nornal
203613,0.9895,0.1938,-0.0752,-29.534,2.046,-5.931,nornal
203633,0.9973,0.2058,-0.0867,-28.015,1.237,-7.458,nornal
203653,0.9915,0.2083,-0.0876,-26.198,-1.71,-7.832,nornal
203673,0.9871,0.1992,-0.0801,-23.427,-3.634,-8.214,nornal
203693,0.9846,0.1887,-0.0891,-19.641,-4.13,-8.076,nornal
203713,0.988,0.1965,-0.0808,-18.023,-3.443,-7.092,nornal
203733,0.9814,0.209,-0.0527,-14.427,-0.443,-4.931,nornal
203753,0.9915,0.2539,0.0054,-9.618,5.71,-2.55,nornal
203773,1.0078,0.2964,0.001,-4.069,10.824,0.191,nornal
203793,1.0129,0.2561,0.0518,4.359,15.168,5.351,nornal
203813,1.03,0.2344,0.0381,11.084,13.008,9.107,nornal
203833,1.0051,0.2158,0.0332,12.863,7.496,11.824,nornal
203853,0.9902,0.2136,0.0225,11.992,2.924,11.565,nornal
203873,1.022,0.2056,-0.0073,9.053,2.0,8.939,nornal
203893,1.1013,0.2097,-0.0354,2.435,-2.191,4.16,nornal
203913,1.125,0.2302,-0.0151,-8.931,-6.679,1.351,nornal
203933,1.0686,0.2532,-0.0247,-16.977,-14.137,2.267,nornal
203953,0.9861,0.2793,-0.0613,-21.565,-20.412,4.313,nornal
203973,0.9355,0.2939,-0.095,-26.618,-28.718,6.351,nornal
203993,0.9089,0.3059,-0.1079,-32.405,-36.779,8.794,nornal
204013,0.9143,0.3323,-0.1128,-37.641,-38.893,11.252,nornal
204033,0.9358,0.3354,-0.1018,-39.954,-35.443,12.962,nornal
204053,0.9302,0.3218,-0.1101,-40.641,-31.382,13.863,nornal
204073,0.9399,0.3315,-0.1206,-40.992,-30.122,12.718,nornal
204093,0.9924,0.3337,-0.1392,-40.947,-31.534,9.947,nornal
204113,1.0303,0.3105,-0.1362,-39.519,-33.756,7.321,nornal
204133,0.9954,0.2986,-0.1421,-38.824,-31.214,8.855,nornal
204153,0.9705,0.3076,-0.1519,-40.756,-29.084,12.336,nornal
204173,0.978,0.3035,-0.1533,-42.885,-27.893,15.229,nornal
204193,0.9539,0.2917,-0.1558,-46.122,-28.206,16.756,nornal
204213,0.9463,0.2734,-0.1646,-50.84,-27.595,15.756,nornal
204233,0.9414,0.2749,-0.1694,-51.565,-26.962,14.137,nornal
204253,0.9302,0.2839,-0.1521,-52.611,-27.198,12.519,nornal
204273,0.9402,0.2795,-0.1428,-50.053,-26.908,9.481,nornal
204293,0.9651,0.2849,-0.1699,-48.542,-26.725,7.687,nornal
204313,0.97,0.3079,-0.1929,-45.122,-25.962,5.092,nornal
204333,0.9631,0.2937,-0.1929,-42.634,-22.458,3.252,nornal
204353,0.9485,0.282,-0.1882,-38.557,-19.336,2.527,nornal
204373,0.9583,0.2581,-0.2051,-33.29,-15.687,2.557,nornal
204393,0.9587,0.2441,-0.2234,-30.023,-13.053,2.603,nornal
204413,0.9414,0.2229,-0.2283,-29.382,-10.634,2.977,nornal
204433,0.9316,0.2124,-0.2488,-31.443,-8.573,2.29,nornal
204453,0.9126,0.1985,-0.2759,-30.695,-5.702,1.191,nornal
204473,0.9062,0.1917,-0.2825,-28.237,-3.176,-0.779,nornal
204493,0.9006,0.1956,-0.2661,-24.702,0.725,-3.145,nornal
204513,0.9077,0.1855,-0.2712,-21.855,4.641,-5.031,nornal
204534,0.9265,0.1819,-0.2664,-20.305,8.435,-5.534,nornal
204554,0.9441,0.1826,-0.2664,-21.763,11.221,-5.45,nornal
204574,0.9651,0.1841,-0.2791,-22.511,12.191,-5.29,nornal
204594,0.9851,0.196,-0.2837,-24.405,11.588,-4.916,nornal
204614,1.0044,0.209,-0.2903,-25.817,9.267,-4.84,nornal
204634,1.0193,0.2278,-0.2898,-26.992,6.191,-5.771,nornal
204654,1.0312,0.2529,-0.2917,-27.435,5.634,-7.427,nornal
204674,1.0222,0.2644,-0.2791,-29.878,5.443,-8.618,nornal
204694,1.0251,0.2815,-0.281,-31.023,4.687,-10.542,nornal
204714,1.0347,0.2842,-0.3,-30.603,-1.191,-13.366,nornal
204734,1.0098,0.2881,-0.3184,-29.802,-8.351,-14.115,nornal
204754,0.9624,0.2991,-0.3247,-27.779,-9.87,-13.183,nornal
204774,1.0017,0.3589,-0.3462,-25.672,-11.527,-13.069,nornal
204794,1.0916,0.3105,-0.2981,-24.282,-21.687,-17.405,nornal
204814,0.9463,0.3708,-0.3274,-17.595,-10.771,-10.366,nornal
204834,0.896,0.4001,-0.3474,-15.656,-2.687,-4.473,nornal
204854,0.998,0.3706,-0.3323,-9.099,-6.145,-6.008,nornal
204874,0.9758,0.3535,-0.188,-2.641,-3.504,-5.962,nornal
204894,0.9622,0.3447,-0.175,0.244,1.313,-4.084,nornal
204914,0.9424,0.3076,-0.1729,1.496,7.252,0.008,nornal
204934,0.9319,0.3159,-0.1824,-0.275,10.817,4.908,nornal
204954,0.8879,0.2964,-0.1426,-3.595,11.901,6.221,nornal
204974,0.8965,0.2778,-0.094,-6.496,15.366,3.107,nornal
204994,0.9341,0.3047,-0.0066,-10.695,14.145,-3.443,nornal
205014,0.9463,0.3359,0.01,-13.229,9.038,-8.313,nornal
205034,0.937,0.3782,0.0117,-11.0,5.733,-10.366,nornal
205054,0.9412,0.3604,-0.0674,-8.412,3.756,-7.122,nornal
205074,0.9314,0.3596,-0.0869,-8.542,2.664,0.061,nornal
205094,0.9221,0.3745,-0.0962,-6.122,5.527,6.305,nornal
205114,0.9421,0.3796,-0.0869,-3.595,9.031,10.198,nornal
205134,0.9419,0.3457,-0.0232,0.977,15.534,12.954,nornal
205154,0.9463,0.321,-0.0464,4.298,22.206,11.969,nornal
205174,0.9348,0.2791,-0.062,6.305,25.809,8.878,nornal
205194,0.9282,0.2322,-0.0676,7.198,26.542,5.672,nornal
205214,0.9583,0.2227,-0.083,4.939,23.496,0.595,nornal
205234,0.9602,0.2317,-0.0874,0.954,19.427,-4.267,nornal
205254,0.9612,0.2493,-0.0964,-3.298,16.679,-6.626,nornal
205274,0.967,0.2576,-0.0972,-4.817,13.84,-7.023,nornal
205294,0.9668,0.259,-0.1086,-3.863,13.427,-7.672,nornal
205314,0.9683,0.2544,-0.1182,-2.489,16.412,-7.565,nornal
205334,0.9714,0.2654,-0.1167,-1.634,18.817,-7.069,nornal
205354,0.9731,0.2805,-0.1294,0.198,17.427,-6.321,nornal
205374,0.9666,0.2703,-0.1331,3.969,13.893,-5.725,nornal
205394,0.9702,0.2524,-0.1187,8.565,10.198,-6.473,nornal
205414,0.9832,0.2156,-0.0955,13.0,6.29,-6.481,nornal
205434,1.0015,0.2058,-0.0474,13.252,3.252,-5.26,nornal
205454,1.0005,0.219,-0.0459,12.023,2.809,-1.603,nornal
205474,0.9871,0.2083,-0.0679,11.771,6.015,3.794,nornal
205494,0.9944,0.1716,-0.0859,10.672,8.504,7.618,nornal
205514,1.0122,0.158,-0.1187,7.282,6.435,8.092,nornal
205534,1.0137,0.1584,-0.0776,5.672,3.29,6.901,nornal
205554,1.1274,0.2776,-0.113,0.847,-4.679,6.206,nornal
205574,1.1152,0.2407,-0.0425,-7.351,-12.397,12.16,nornal
205594,1.1062,0.2407,-0.0164,-16.565,-7.794,22.405,nornal
205614,1.0813,0.2642,-0.0479,-24.473,-6.565,31.344,nornal
205634,1.0527,0.3198,-0.0691,-30.573,-13.824,37.565,nornal
205654,1.0356,0.3506,-0.1047,-27.45,-25.55,39.084,nornal
205674,0.9272,0.335,-0.1208,-21.954,-31.305,38.038,nornal
205694,0.8665,0.2786,-0.1316,-26.809,-21.977,36.947,nornal
205714,0.8984,0.2297,-0.1313,-40.115,-12.939,34.382,nornal
205734,0.96,0.207,-0.1104,-55.191,-8.489,29.794,nornal
205754,1.0479,0.2485,-0.0823,-61.641,-13.84,22.366,nornal
205774,1.052,0.3247,-0.0732,-60.527,-19.748,13.321,nornal
205794,1.0037,0.3689,-0.0732,-56.74,-22.198,8.618,nornal
205814,0.9795,0.3381,-0.0842,-54.405,-21.565,8.206,nornal
205834,0.978,0.3088,-0.0947,-50.244,-19.702,10.382,nornal
205854,0.9949,0.2905,-0.106,-52.733,-19.221,13.908,nornal
205874,0.9817,0.2922,-0.106,-55.466,-20.733,15.038,nornal
205894,0.9568,0.2749,-0.1243,-59.29,-21.992,12.931,nornal
205914,0.9316,0.25,-0.1379,-61.817,-22.122,8.901,nornal
205934,0.938,0.2507,-0.1416,-57.985,-23.023,4.008,nornal
205954,0.9355,0.2595,-0.1733,-53.656,-23.435,0.137,nornal
205974,0.9382,0.2542,-0.1375,-50.336,-21.71,-2.389,nornal
205994,0.9702,0.2495,-0.1826,-49.16,-20.626,-2.328,nornal
206014,0.9868,0.2478,-0.1982,-48.611,-23.038,-2.328,nornal
206034,0.9573,0.2456,-0.1687,-46.061,-20.786,-0.481,nornal
206054,0.9426,0.238,-0.2024,-40.015,-13.794,2.221,nornal
206074,0.9609,0.2451,-0.2412,-32.916,-10.824,2.038,nornal
206094,0.9443,0.2349,-0.2393,-27.626,-6.443,0.053,nornal
206114,0.9211,0.2183,-0.2373,-23.725,-0.779,-1.115,nornal
206134,0.9114,0.2031,-0.2742,-21.359,3.626,-3.374,nornal
206154,0.9194,0.21,-0.2771,-21.542,6.74,-6.855,nornal
206174,0.9199,0.2043,-0.2842,-21.061,9.687,-9.252,nornal
206194,0.9365,0.2341,-0.2957,-19.16,5.153,-11.809,nornal
206214,0.9546,0.2368,-0.3022,-18.321,0.786,-14.191,nornal
206234,0.9834,0.2334,-0.3159,-17.519,-0.237,-12.58,nornal
206254,1.0208,0.2395,-0.3157,-14.13,-1.649,-10.359,nornal
206274,1.0532,0.2427,-0.3154,-9.55,-4.122,-11.145,nornal
206294,1.0457,0.251,-0.3701,-7.458,-6.45,-10.74,nornal
206314,1.021,0.2554,-0.3953,-12.198,-9.863,-12.107,nornal
206334,0.9622,0.2224,-0.3965,-12.183,-10.969,-12.244,nornal
206354,0.9292,0.2456,-0.3936,-13.695,-12.748,-11.191,nornal
206374,1.0996,0.4216,-0.3105,-22.145,-24.427,-20.282,nornal
206394,1.0781,0.311,-0.2583,-21.641,-32.031,-28.374,nornal
206414,0.9041,0.4666,-0.2124,-18.573,-23.351,-23.275,nornal
206434,0.9104,0.5002,-0.1951,-7.763,-27.115,-18.87,nornal
206454,0.8728,0.4849,-0.2371,5.695,-11.053,-5.786,nornal
206474,0.8293,0.4331,-0.2927,18.641,4.42,8.702,nornal
206494,0.8186,0.3606,-0.2561,22.282,9.916,16.42,nornal
206514,0.8486,0.2842,-0.1145,20.618,11.473,12.634,nornal
206535,0.8896,0.2698,-0.0244,19.725,15.427,1.031,nornal
206555,0.9526,0.3022,-0.0422,13.985,12.626,-11.672,nornal
206575,0.9648,0.3123,-0.0691,14.71,12.786,-17.695,nornal
206595,0.9548,0.3623,-0.1355,19.122,15.298,-16.137,nornal
206615,0.9714,0.3774,-0.2153,26.053,17.275,-9.13,nornal
206635,0.968,0.3325,-0.217,35.008,20.84,-1.802,nornal
206655,0.9771,0.3108,-0.2061,42.237,24.176,3.321,nornal
206675,0.9839,0.2878,-0.1851,47.115,33.359,5.679,nornal
206695,0.9661,0.2947,-0.1392,48.985,46.687,8.084,nornal
206715,0.9524,0.281,-0.1172,48.939,56.298,8.191,nornal
206735,0.9243,0.27,-0.1128,48.58,57.763,4.527,nornal
206755,0.8899,0.269,-0.1274,49.13,51.321,-3.313,nornal
206775,0.884,0.2532,-0.1245,50.641,47.298,-10.679,nornal
206795,0.9102,0.2671,-0.0737,49.504,44.198,-15.679,nornal
206815,0.9475,0.2849,-0.1118,50.45,40.275,-16.221,nornal
206835,0.9607,0.2854,-0.1069,54.137,37.359,-13.832,nornal
206855,0.9673,0.2717,-0.1086,55.336,38.145,-10.237,nornal
206875,0.9915,0.2786,-0.1245,50.924,37.634,-5.489,nornal
206895,0.9458,0.2793,-0.1262,49.725,36.237,-2.985,nornal
206915,0.9668,0.262,-0.1201,51.847,38.565,-1.137,nornal
206935,0.9622,0.229,-0.1499,52.893,39.672,-2.153,nornal
206955,0.9885,0.1831,-0.166,50.137,36.481,-4.168,nornal
206975,1.0359,0.2019,-0.166,48.313,29.282,-7.527,nornal
206995,1.0518,0.207,-0.1526,49.725,23.74,-8.977,nornal
207015,1.0544,0.2117,-0.166,50.427,23.733,-7.733,nornal
207035,1.0886,0.2031,-0.1768,48.244,23.42,-4.908,nornal
207055,1.0686,0.1748,-0.1948,44.122,22.053,-0.786,nornal
207075,1.0452,0.1543,-0.2373,39.328,22.435,5.389,nornal
207095,1.0352,0.0999,-0.2708,37.435,20.901,11.145,nornal
207115,1.0344,0.0583,-0.1772,35.107,15.519,15.145,nornal
207135,1.1477,0.2244,-0.1143,27.359,11.115,12.649,nornal
207155,1.2236,0.2234,-0.105,6.466,-6.924,14.061,nornal
207175,1.2285,0.229,-0.0078,-9.763,-14.687,18.351,nornal
207195,1.1465,0.3142,0.0894,-14.634,-18.076,21.611,nornal
207215,0.9211,0.3835,0.0276,-14.031,-14.725,30.45,nornal
207235,0.7952,0.4373,-0.1187,-6.084,-20.16,32.763,nornal
207255,0.804,0.4836,-0.0952,6.397,-32.908,23.985,nornal
207275,0.8872,0.4219,-0.1052,15.366,-35.313,7.336,nornal
207295,0.9521,0.3547,-0.1499,21.351,-34.71,-6.481,nornal
207315,1.0396,0.3213,-0.1484,23.725,-27.099,-12.824,nornal
207335,1.1072,0.3237,-0.1401,19.985,-21.611,-6.977,nornal
207355,1.0298,0.3242,-0.1553,14.611,-24.412,1.855,nornal
207375,0.9153,0.2913,-0.1692,10.626,-30.336,5.038,nornal
207395,0.8684,0.2571,-0.2197,9.336,-26.504,7.565,nornal
207415,0.8542,0.2419,-0.2371,8.122,-18.542,7.634,nornal
207435,0.873,0.2451,-0.2349,7.718,-13.779,5.931,nornal
207455,0.8633,0.2266,-0.2209,8.092,-9.42,2.565,nornal
207475,0.8491,0.1951,-0.2397,7.282,-2.702,-1.374,nornal
207495,0.8442,0.1643,-0.2568,7.076,4.061,-7.275,nornal
207515,0.8567,0.156,-0.2866,4.893,9.718,-14.481,nornal
207535,0.8674,0.1533,-0.2883,4.115,13.794,-19.267,nornal
207555,0.8879,0.1804,-0.3215,6.206,16.962,-20.023,nornal
207575,0.9404,0.1965,-0.3494,8.74,17.969,-17.947,nornal
207595,1.0085,0.1921,-0.3591,10.198,18.13,-12.977,nornal
207615,1.0498,0.1851,-0.3696,9.87,18.504,-7.145,nornal
207635,1.053,0.2043,-0.3542,5.885,15.863,-2.771,nornal
207655,1.0537,0.2141,-0.3462,0.244,9.656,-3.191,nornal
207675,1.0837,0.2126,-0.3362,-4.061,0.115,-9.71,nornal
207695,1.0471,0.2434,-0.3479,-9.702,-8.87,-14.832,nornal
207715,0.9561,0.2327,-0.3862,-13.664,-12.076,-14.847,nornal
207735,1.1431,0.385,-0.3784,-11.015,-26.527,-22.565,nornal
207755,1.022,0.2378,-0.1746,-6.908,-28.038,-28.817,nornal
207775,0.9084,0.429,-0.2683,-12.702,-18.496,-19.588,nornal
207815,0.8264,0.5435,-0.2522,1.443,10.229,-12.672,nornal
207835,0.8337,0.5137,-0.1829,13.511,29.0,-8.244,nornal
207895,0.9944,0.2786,-0.0415,31.198,27.771,-4.71,nornal
207915,0.9844,0.2751,-0.1006,23.603,16.092,-5.122,nornal
207935,0.9395,0.3022,-0.1206,18.519,10.573,-2.466,nornal
207955,0.9561,0.27,-0.1589,14.634,15.74,4.427,nornal
207975,0.9714,0.2134,-0.1777,7.206,17.985,8.947,nornal
208015,0.9592,0.2434,-0.1228,-6.847,17.954,8.183,nornal
208035,0.9473,0.2717,-0.1016,-5.26,17.176,5.099,nornal
208055,0.9465,0.2629,-0.1255,-1.435,15.603,3.267,nornal
208075,0.9385,0.2683,-0.1587,1.794,13.565,1.885,nornal
208095,0.9324,0.2566,-0.1672,1.305,11.664,-0.153,nornal
208115,0.9485,0.2197,-0.1592,-2.107,11.985,-2.023,nornal
208135,0.9587,0.2117,-0.1599,-8.863,11.901,-3.878,nornal
208155,0.9585,0.21,-0.1621,-12.794,10.153,-5.58,nornal
208175,0.95,0.2104,-0.166,-15.969,8.328,-5.779,nornal
208195,0.9431,0.248,-0.1584,-16.84,8.191,-5.16,nornal
208215,0.9543,0.2729,-0.1628,-13.748,10.344,-3.725,nornal
208235,0.9653,0.28,-0.1514,-9.13,10.916,-0.71,nornal
208255,0.96,0.2886,-0.1431,-2.275,11.573,1.275,nornal
208275,0.9431,0.2683,-0.1372,7.031,13.183,1.618,nornal
208295,0.9514,0.2183,-0.1306,13.412,12.893,2.122,nornal
208315,0.9543,0.1816,-0.1304,13.351,13.313,3.893,nornal
208335,0.9631,0.1602,-0.1487,8.649,12.924,6.344,nornal
208355,0.9604,0.1182,-0.1636,1.229,13.382,9.893,nornal
208375,0.9973,0.0691,-0.1892,-5.855,10.443,11.779,nornal
208395,1.0244,0.0525,-0.0657,-9.038,9.427,11.511,nornal
208415,1.2065,0.2466,-0.1257,-12.916,3.672,7.656,nornal
208435,1.2327,0.2664,-0.0396,-25.473,-4.351,14.405,nornal
208455,1.25,0.2231,-0.0088,-38.748,0.992,24.443,nornal
208475,1.2471,0.2754,-0.0188,-44.542,1.893,31.687,nornal
208495,1.1023,0.3506,0.0164,-47.588,-6.405,34.679,nornal
208515,0.9705,0.3762,-0.0173,-48.191,-18.099,30.565,nornal
208536,0.8809,0.3801,-0.0356,-40.885,-28.588,24.565,nornal
208556,0.7881,0.3369,-0.0696,-35.382,-27.771,17.275,nornal
208576,0.7876,0.2656,-0.1018,-35.962,-23.954,11.221,nornal
208596,0.9038,0.2217,-0.1213,-44.618,-25.0,6.771,nornal
208616,1.0354,0.2358,-0.1284,-53.015,-28.595,2.122,nornal
208636,1.1272,0.2673,-0.0901,-51.565,-28.275,-2.267,nornal
208656,1.1162,0.3005,-0.0933,-51.435,-25.962,-2.885,nornal
208676,1.0452,0.2888,-0.1326,-55.336,-22.527,3.496,nornal
208696,0.9717,0.2561,-0.1411,-60.397,-22.588,11.237,nornal
208716,0.9409,0.2434,-0.1287,-69.939,-17.344,14.763,nornal
208736,0.9167,0.2395,-0.1404,-78.74,-17.313,14.015,nornal
208756,0.8984,0.2356,-0.177,-84.237,-17.748,8.557,nornal
208776,0.8818,0.2134,-0.1636,-85.656,-21.473,1.809,nornal
208796,0.8894,0.1702,-0.1394,-87.252,-21.374,-3.351,nornal
208816,0.9287,0.1812,-0.1265,-88.71,-22.046,-5.954,nornal
208836,0.9563,0.2041,-0.1265,-92.191,-21.756,-5.763,nornal
208856,0.9795,0.2219,-0.157,-95.87,-19.542,-1.634,nornal
208876,1.0073,0.2378,-0.2068,-97.42,-20.046,4.191,nornal
208896,1.0144,0.23,-0.2195,-97.702,-22.313,9.443,nornal
208916,1.0142,0.2041,-0.2295,-97.092,-29.786,10.863,nornal
208936,1.0413,0.1687,-0.2073,-95.481,-31.885,11.687,nornal
208956,1.0422,0.1785,-0.1506,-96.55,-28.847,12.359,nornal
208976,1.0503,0.2195,-0.1155,-103.878,-27.847,10.397,nornal
208996,1.0122,0.2649,-0.1277,-109.702,-26.588,9.695,nornal
209016,0.978,0.2969,-0.1851,-108.847,-25.58,9.557,nornal
209036,0.9062,0.2842,-0.1887,-106.634,-21.969,9.832,nornal
209056,0.8535,0.2129,-0.1855,-103.885,-15.458,10.939,nornal
209096,0.885,0.1699,-0.1956,-97.313,-2.634,16.153,nornal
209116,1.0168,0.2136,-0.1138,-97.374,-6.542,11.733,nornal
209136,1.2068,0.3066,-0.0483,-103.053,-9.221,-4.282,nornal
209156,1.1396,0.3538,-0.0381,-104.992,-8.588,-14.84,nornal
209176,0.9858,0.3499,-0.0884,-101.595,-15.679,-14.046,nornal
209196,0.9429,0.311,-0.1677,-103.26,-25.382,-11.626,nornal
209436,1.0002,0.2104,0.0771,-139.489,-17.099,5.702,nornal
209616,0.9944,0.2666,0.0625,-107.824,-26.069,4.267,nornal
209636,0.9727,0.2617,0.0779,-108.382,-27.313,4.061,nornal
209656,0.9761,0.2627,0.0461,-105.321,-26.702,3.916,nornal
209676,0.9893,0.2476,0.0398,-102.786,-30.191,2.893,nornal
209696,0.9883,0.2341,0.0562,-98.237,-30.595,2.137,nornal
209716,1.0007,0.2336,0.0688,-96.412,-30.779,1.45,nornal
209736,0.9939,0.2402,0.0747,-95.137,-31.359,1.115,nornal
209756,0.991,0.2395,0.0715,-96.023,-31.733,1.099,nornal
209776,1.0,0.2214,0.1123,-89.985,-27.84,0.176,nornal
209796,1.022,0.2205,0.0894,-83.45,-29.107,-0.435,nornal
209816,1.0044,0.2437,0.0833,-76.954,-28.084,1.191,nornal
209836,0.9956,0.2461,0.0667,-70.13,-26.298,2.779,nornal
209856,0.9873,0.217,0.0659,-62.13,-24.809,2.206,nornal
209876,0.9858,0.1797,0.0623,-58.733,-25.282,-0.824,nornal
209896,0.981,0.1472,0.0508,-60.16,-27.618,-5.084,nornal
209916,0.968,0.1482,0.0391,-60.481,-29.84,-8.74,nornal
209936,0.9917,0.1748,0.04,-60.237,-30.099,-11.496,nornal
209956,1.0376,0.2175,0.009,-59.809,-31.595,-11.824,nornal
209976,1.0522,0.2517,-0.0012,-60.863,-31.878,-8.16,nornal
209996,1.043,0.2488,0.0264,-63.244,-26.046,-1.511,nornal
210016,1.062,0.2612,-0.0083,-67.031,-23.191,4.473,nornal
210036,1.0476,0.2715,-0.0208,-65.252,-28.359,6.153,nornal
210056,1.0278,0.2769,-0.0618,-60.221,-33.718,4.427,nornal
210076,1.0208,0.2766,-0.0862,-57.26,-36.168,2.573,nornal
210096,1.0024,0.2747,-0.1145,-59.603,-39.099,1.42,nornal
210116,0.9668,0.2649,-0.136,-64.779,-42.924,2.519,nornal
210136,0.9263,0.2805,-0.1365,-72.046,-46.733,5.817,nornal
210156,0.8733,0.3105,-0.1243,-79.481,-48.74,9.168,nornal
210176,0.8342,0.3611,-0.1189,-84.206,-46.336,11.321,nornal
210196,0.8489,0.3997,-0.115,-85.244,-42.198,10.313,nornal
210216,0.8965,0.4167,-0.1282,-79.015,-34.824,7.351,nornal
210236,0.9692,0.4531,-0.147,-68.962,-33.061,3.466,nornal
210256,0.9797,0.4409,-0.1531,-57.534,-35.145,2.237,nornal
210276,0.9373,0.4202,-0.1809,-53.832,-34.015,8.397,nornal
210296,0.9409,0.3809,-0.2002,-53.153,-32.0,14.557,nornal
210316,0.9785,0.3467,-0.2061,-51.847,-33.733,17.527,nornal
210336,0.9817,0.3013,-0.1753,-48.45,-33.702,17.603,nornal
210356,0.957,0.2595,-0.1777,-46.71,-27.611,18.618,nornal
210376,0.9592,0.2346,-0.1743,-47.542,-21.58,17.908,nornal
210396,0.946,0.2502,-0.1472,-52.817,-20.053,14.618,nornal
210416,0.9314,0.2932,-0.1716,-61.878,-21.397,10.008,nornal
210436,0.926,0.2927,-0.1858,-62.244,-25.145,5.076,nornal
210456,0.9277,0.2776,-0.2361,-52.672,-24.702,0.733,nornal
210476,0.9182,0.2842,-0.2004,-43.275,-25.252,-2.069,nornal
210496,0.9197,0.2986,-0.2251,-30.832,-21.992,-1.947,nornal
210516,0.9148,0.304,-0.2493,-20.87,-15.763,-0.519,nornal
210537,0.9021,0.2607,-0.2656,-12.733,-5.496,1.321,nornal
210557,0.9128,0.23,-0.2849,-9.809,1.733,2.603,nornal
210577,0.9133,0.2058,-0.2776,-7.382,5.229,0.031,nornal
210597,0.9153,0.1936,-0.2683,-6.198,9.931,-3.092,nornal
210617,0.9082,0.1987,-0.2761,-6.168,14.58,-5.977,nornal
210637,0.9231,0.2161,-0.3005,-6.038,16.221,-8.985,nornal
210657,0.9561,0.2314,-0.3306,-5.053,16.183,-12.107,nornal
210677,0.9734,0.2451,-0.3372,-6.366,14.168,-13.443,nornal
210697,0.9668,0.2483,-0.3186,-10.916,13.573,-11.756,nornal
210717,0.9937,0.2678,-0.3076,-12.076,12.076,-9.878,nornal
210737,1.0027,0.2993,-0.3064,-11.29,9.321,-9.214,nornal
210757,0.9741,0.3196,-0.3115,-11.969,5.573,-6.947,nornal
210777,0.9675,0.3118,-0.3208,-12.275,3.244,-5.176,nornal
210797,0.98,0.2827,-0.4031,-12.214,-2.565,-3.58,nornal
210817,1.0129,0.2771,-0.4395,-9.977,-4.115,-2.076,nornal
210837,1.2468,0.4146,-0.4019,-10.519,-22.16,-9.031,nornal
210857,1.1707,0.3716,-0.3132,0.221,-24.435,-10.053,nornal
210877,1.0325,0.4644,-0.3279,5.389,-17.176,-6.618,nornal
210897,0.9832,0.4736,-0.2458,17.748,-13.473,-5.145,nornal
210917,0.8804,0.4287,-0.1941,29.0,2.473,0.443,nornal
210937,0.8123,0.3782,-0.2295,34.985,21.947,7.763,nornal
210957,0.7795,0.3552,-0.1897,38.725,32.137,10.382,nornal
210977,0.752,0.3225,-0.1548,39.435,34.206,9.282,nornal
210997,0.843,0.2739,-0.0562,39.366,28.87,2.336,nornal
211017,0.9905,0.2771,-0.0122,29.053,20.718,-12.214,nornal
211037,1.0464,0.3281,-0.0183,24.756,14.634,-25.366,nornal
211057,0.9768,0.3625,-0.0588,20.664,7.656,-25.641,nornal
211077,0.9451,0.3416,-0.1389,18.992,9.771,-13.885,nornal
211097,0.959,0.3064,-0.1584,12.809,17.794,-1.466,nornal
211117,0.9253,0.3325,-0.1206,6.542,25.427,9.656,nornal
211137,0.9185,0.3464,-0.0674,3.473,30.634,12.855,nornal
211157,0.9333,0.3582,-0.0564,5.321,35.099,13.366,nornal
211177,0.9226,0.3628,-0.0625,12.435,35.053,9.206,nornal
211197,0.8997,0.3416,-0.0852,21.115,33.221,3.634,nornal
211217,0.9124,0.3064,-0.1006,26.832,31.015,-3.069,nornal
211237,0.9534,0.2722,-0.1091,28.695,28.565,-9.695,nornal
211257,0.97,0.2468,-0.1316,27.679,24.458,-11.229,nornal
211277,0.9624,0.2466,-0.1462,26.244,21.641,-10.008,nornal
211297,0.9683,0.2214,-0.1606,23.611,22.42,-7.061,nornal
211317,0.9675,0.2161,-0.157,18.901,18.176,-5.382,nornal
211337,0.9729,0.219,-0.1724,15.962,17.672,-3.55,nornal
211357,0.9761,0.2463,-0.1597,15.58,15.885,-0.084,nornal
211377,0.968,0.2593,-0.1697,16.901,12.298,3.221,nornal
211397,0.9524,0.2622,-0.1533,23.229,10.183,6.214,nornal
211417,0.9438,0.2068,-0.135,31.382,10.092,5.977,nornal
211437,0.9641,0.156,-0.1348,33.412,10.924,5.969,nornal
211457,0.959,0.1592,-0.1553,30.099,15.16,7.221,nornal
211477,0.9824,0.1721,-0.1443,26.779,18.183,6.214,nornal
211497,1.0535,0.1677,-0.1204,22.588,20.74,1.351,nornal
211517,1.0701,0.1687,-0.1299,15.313,23.267,-4.634,nornal
211537,1.0283,0.1875,-0.1196,14.542,26.244,-7.618,nornal
211557,1.136,0.3025,-0.2041,20.687,26.58,-8.115,nornal
211577,1.1594,0.2852,-0.0996,17.885,13.183,-4.519,nornal
211597,1.1533,0.2632,-0.0474,10.992,13.725,4.229,nornal
211617,1.1643,0.3352,-0.0249,-3.58,6.832,12.664,nornal
211637,1.0908,0.3184,0.0269,-13.359,2.916,22.183,nornal
211657,1.0066,0.3569,0.0105,-20.084,-6.435,28.031,nornal
211677,0.9409,0.4121,-0.0171,-22.122,-15.885,27.313,nornal
211697,0.8979,0.4331,-0.0803,-11.344,-22.427,24.435,nornal
211717,0.8528,0.4285,-0.1033,4.191,-30.664,19.664,nornal
211737,0.8684,0.4014,-0.0986,9.672,-39.977,10.504,nornal
211757,0.9023,0.3201,-0.0681,4.046,-35.092,0.908,nornal
211777,0.9846,0.2854,-0.0461,-0.206,-19.053,-5.626,nornal
211797,1.0762,0.3452,-0.0908,-0.282,-12.473,-8.237,nornal
211817,1.0527,0.3748,-0.1555,2.863,-13.26,-4.542,nornal
211837,0.9519,0.3516,-0.2102,3.344,-16.771,1.969,nornal
211857,0.8809,0.3113,-0.1602,-6.038,-13.969,8.046,nornal
211877,0.8655,0.292,-0.1584,-12.359,-11.496,9.344,nornal
211897,0.8572,0.2847,-0.1794,-12.863,-11.237,6.092,nornal
211917,0.8359,0.2781,-0.1975,-10.802,-12.779,-0.756,nornal
211937,0.8352,0.2808,-0.1765,-8.672,-10.42,-7.985,nornal
211957,0.8879,0.2854,-0.1833,-6.008,-8.771,-12.534,nornal
211977,0.9155,0.2898,-0.2058,0.695,-6.687,-15.206,nornal
211997,0.9355,0.3064,-0.231,6.611,-4.382,-12.13,nornal
212017,0.95,0.2944,-0.2334,10.168,-2.573,-4.939,nornal
212037,0.9214,0.2737,-0.2288,10.519,-1.55,0.954,nornal
212057,0.925,0.2571,-0.2317,8.847,5.229,3.878,nornal
212077,0.9258,0.2275,-0.2444,7.473,8.863,4.023,nornal
212097,0.9231,0.2002,-0.2483,5.206,11.344,1.573,nornal
212117,0.9326,0.207,-0.2656,1.237,11.725,-1.626,nornal
212137,0.9409,0.2393,-0.2764,-3.153,10.824,-4.756,nornal
212157,0.9458,0.2837,-0.301,-5.58,11.573,-7.26,nornal
212177,0.9412,0.2988,-0.2993,-5.595,13.275,-8.664,nornal
212197,0.9478,0.2937,-0.2876,-5.389,13.153,-8.809,nornal
212217,0.9712,0.2798,-0.2827,-5.382,9.466,-7.611,nornal
212237,0.9941,0.2737,-0.2788,-6.221,6.519,-5.878,nornal
212257,1.022,0.2551,-0.2959,-6.038,4.336,-3.885,nornal
212277,1.033,0.2244,-0.3042,-6.061,0.992,-3.176,nornal
212297,1.0308,0.1846,-0.3149,-5.817,-0.015,-2.145,nornal
212317,0.9902,0.1362,-0.3408,-4.664,-1.725,2.099,nornal
212337,0.9851,0.1736,-0.3147,-3.153,3.924,3.641,nornal
212357,1.2329,0.3662,-0.2114,-5.198,-7.298,-11.389,nornal
212377,1.2075,0.4526,-0.1606,3.702,-3.061,-24.969,nornal
212397,1.1272,0.572,-0.2356,11.397,-3.954,-28.87,nornal
212417,0.9048,0.5071,-0.1804,27.076,-1.466,-24.931,nornal
212437,0.8008,0.4246,-0.1169,41.771,8.87,-11.939,nornal
212457,0.8198,0.3506,-0.1162,43.176,8.939,-0.878,nornal
212477,0.8779,0.2954,-0.0613,32.779,3.023,1.855,nornal
212497,0.9221,0.2952,-0.0623,25.237,0.16,-6.305,nornal
212517,0.9153,0.3516,-0.1157,20.557,-3.092,-15.244,nornal
212538,0.9138,0.3984,-0.126,22.191,4.733,-15.649,nornal
212558,0.9688,0.4153,-0.106,23.519,10.061,-12.687,nornal
212578,0.9692,0.3704,-0.1064,17.351,12.641,-4.885,nornal
212598,0.9214,0.3606,-0.0657,10.992,16.71,3.557,nornal
212618,0.9092,0.4055,-0.094,7.427,20.397,6.824,nornal
212638,0.9102,0.4102,-0.1267,9.328,22.702,8.985,nornal
212658,0.8816,0.3838,-0.1265,16.023,22.786,8.748,nornal
212678,0.8967,0.3638,-0.146,21.122,21.702,6.527,nornal
212698,0.9333,0.3411,-0.1438,24.595,19.191,2.511,nornal
212718,0.9348,0.3167,-0.1348,23.702,16.305,0.405,nornal
212738,0.9397,0.3047,-0.1277,22.435,15.511,0.099,nornal
212758,0.9619,0.301,-0.1289,20.916,15.718,0.374,nornal
212778,0.9695,0.3159,-0.1287,19.427,13.962,0.168,nornal
212798,0.9668,0.3284,-0.1306,21.313,16.901,1.641,nornal
212818,0.9583,0.3438,-0.1479,25.74,18.405,3.183,nornal
212838,0.9526,0.3311,-0.1526,30.443,17.511,4.321,nornal
212858,0.9617,0.3101,-0.1428,34.641,14.908,3.702,nornal
212878,0.9673,0.2913,-0.1421,36.122,12.344,2.695,nornal
212898,0.9592,0.2874,-0.1479,36.023,11.542,0.817,nornal
212918,0.958,0.2749,-0.1636,35.351,11.885,-0.985,nornal
212938,0.9604,0.2649,-0.1541,37.0,12.344,-2.145,nornal
212958,0.9604,0.2527,-0.1562,37.16,12.885,-3.42,nornal
212978,0.9492,0.2417,-0.1638,37.305,14.122,-3.351,nornal
212998,0.9326,0.2278,-0.1707,37.481,16.374,-2.847,nornal
213018,0.9224,0.2161,-0.176,36.565,18.626,-1.267,nornal
213038,0.9585,0.1946,-0.1731,34.84,17.74,-1.29,nornal
213058,0.9761,0.1819,-0.1531,31.29,16.916,-2.55,nornal
213078,1.0039,0.1709,-0.1597,27.145,15.366,-4.756,nornal
213098,1.0254,0.1704,-0.1426,24.649,14.725,-5.733,nornal
213118,1.0374,0.1665,-0.1394,23.13,12.053,-4.87,nornal
213138,1.0239,0.1506,-0.1421,20.023,11.893,-3.618,nornal
213158,1.0017,0.1235,-0.1367,12.595,12.756,-1.603,nornal
213178,1.0127,0.1152,-0.1262,5.176,13.458,0.611,nornal
213198,1.0361,0.1396,-0.1157,0.557,11.321,1.13,nornal
213218,1.0417,0.1414,-0.0999,-0.282,8.298,0.847,nornal
213238,1.0237,0.1338,-0.1069,-0.794,7.779,0.229,nornal
213258,0.9973,0.1558,-0.0925,-0.565,9.076,2.565,nornal
213278,1.0884,0.2646,-0.2117,-4.351,2.328,3.855,nornal
213298,1.0789,0.1316,-0.073,-5.573,-1.221,4.847,nornal
213318,1.0911,0.0925,-0.0876,-14.198,-2.374,7.84,nornal
213338,1.0667,0.1152,-0.1152,-25.244,-1.176,12.939,nornal
213358,1.0447,0.1353,-0.1406,-33.275,-3.939,19.527,nornal
213378,0.9954,0.1704,-0.1492,-37.992,-7.649,23.573,nornal
213398,0.9473,0.2322,-0.1663,-41.802,-13.664,24.855,nornal
213418,0.9219,0.2803,-0.1536,-41.382,-15.573,23.359,nornal
213438,0.9199,0.3494,-0.1313,-42.244,-17.374,18.557,nornal
213458,0.9268,0.3909,-0.1223,-42.84,-15.679,14.42,nornal
213478,0.9214,0.4106,-0.1509,-41.947,-12.786,11.687,nornal
213498,0.8826,0.3918,-0.1699,-40.176,-9.924,9.13,nornal
213518,0.9172,0.3838,-0.2366,-39.641,-8.229,8.901,nornal
213538,1.0188,0.3472,-0.2798,-37.153,-13.115,8.809,nornal
213558,1.0784,0.3347,-0.2712,-32.405,-19.618,8.74,nornal
213578,1.0745,0.3306,-0.2551,-30.519,-20.214,12.099,nornal
213598,1.072,0.3074,-0.2144,-31.076,-21.206,14.191,nornal
213618,1.0327,0.2959,-0.2041,-32.427,-23.328,13.351,nornal
213638,0.9631,0.2649,-0.2041,-35.038,-20.168,11.595,nornal
213658,0.8982,0.2388,-0.2097,-37.87,-21.412,7.397,nornal
213678,0.8635,0.2395,-0.2168,-40.084,-22.679,3.13,nornal
213698,0.8589,0.2385,-0.2212,-35.206,-20.107,-1.244,nornal
213718,0.8716,0.2468,-0.2412,-28.267,-14.87,-5.061,nornal
213738,0.8674,0.2869,-0.2668,-25.84,-9.023,-6.885,nornal
213758,0.8779,0.2781,-0.2607,-23.824,-3.0,-7.931,nornal
213778,0.9055,0.2561,-0.2874,-16.244,0.29,-7.527,nornal
213798,0.9316,0.2319,-0.2839,-8.29,2.237,-7.221,nornal
213818,0.9441,0.2268,-0.2673,-5.038,5.527,-5.076,nornal
213838,0.9363,0.2349,-0.272,-14.046,6.275,-4.313,nornal
213858,0.9365,0.2124,-0.2651,-15.313,9.985,-2.221,nornal
213878,0.9417,0.2053,-0.283,-13.038,11.908,-1.656,nornal
213898,0.9504,0.2034,-0.2825,-10.153,10.305,-3.779,nornal
213918,0.9609,0.2085,-0.2861,-7.336,10.336,-6.328,nornal
213938,0.9797,0.2393,-0.3079,-9.939,10.206,-8.389,nornal
213958,0.9902,0.2776,-0.3298,-11.099,9.855,-10.031,nornal
213978,0.9919,0.283,-0.334,-12.198,6.809,-11.298,nornal
213998,0.9775,0.2686,-0.3022,-12.962,6.901,-11.779,nornal
214018,0.9736,0.2473,-0.2683,-12.931,8.107,-11.069,nornal
214038,0.999,0.2178,-0.2698,-14.008,6.824,-10.214,nornal
214058,1.0063,0.1731,-0.2893,-16.427,4.931,-9.015,nornal
214078,1.0063,0.1272,-0.3325,-21.809,1.008,-6.351,nornal
214098,1.2202,0.354,-0.3147,-25.084,-8.931,-12.634,nornal
214118,1.1865,0.2812,-0.2319,-16.176,-16.901,-22.275,nornal
214138,0.9976,0.4839,-0.2539,-8.557,-9.42,-17.588,nornal
214158,1.0117,0.5225,-0.3027,3.977,-8.626,-13.908,nornal
214178,0.8743,0.4697,-0.2048,18.58,0.389,-4.916,nornal
214198,0.8591,0.417,-0.1597,26.053,11.855,2.641,nornal
214218,0.8806,0.3516,-0.1404,27.069,19.023,7.84,nornal
214238,0.8733,0.2908,-0.1182,23.504,19.649,9.115,nornal
214258,0.9019,0.2695,-0.0498,14.802,13.649,0.824,nornal
214278,0.9521,0.3047,-0.126,4.229,5.908,-12.206,nornal
214298,0.9546,0.3455,-0.0789,2.817,0.534,-22.122,nornal
214318,0.9612,0.3701,-0.1091,2.412,0.573,-20.679,nornal
214338,0.9521,0.3616,-0.1096,-0.214,4.397,-12.206,nornal
214358,0.9341,0.3601,-0.1272,-2.84,10.725,-2.351,nornal
214378,0.9558,0.3733,-0.1318,-2.412,15.145,5.595,nornal
214398,0.9163,0.3882,-0.0894,0.053,17.878,8.664,nornal
214418,0.9065,0.4004,-0.0989,3.84,19.618,10.534,nornal
214438,0.8899,0.3887,-0.1057,9.496,21.145,7.641,nornal
214458,0.9023,0.3596,-0.1133,15.489,21.313,2.244,nornal
214478,0.9312,0.3362,-0.1311,19.405,17.855,-3.641,nornal
214498,0.9561,0.3169,-0.1416,19.885,14.053,-6.786,nornal
214518,0.9673,0.3076,-0.1621,18.382,9.198,-7.107,nornal
214539,0.9509,0.2805,-0.156,16.206,6.969,-5.473,nornal
214559,0.9702,0.2681,-0.1709,14.969,7.611,-3.611,nornal
214579,0.9585,0.2585,-0.1763,13.29,5.733,-4.389,nornal
214599,0.948,0.2449,-0.165,10.473,9.336,-4.618,nornal
214619,0.9585,0.2449,-0.1758,8.29,11.267,-5.107,nornal
214639,0.9658,0.25,-0.1814,7.71,9.779,-6.573,nornal
214659,0.9614,0.2534,-0.1931,8.504,7.176,-7.626,nornal
214679,0.9663,0.2505,-0.198,9.122,3.481,-6.374,nornal
214699,0.9646,0.2451,-0.1917,11.687,0.603,-3.832,nornal
214719,0.9631,0.2358,-0.1804,14.855,2.023,-2.489,nornal
214739,0.9661,0.22,-0.1831,15.702,7.649,-0.42,nornal
214759,0.9707,0.2026,-0.1672,12.733,12.519,2.305,nornal
214779,0.9644,0.1909,-0.1594,10.153,16.389,4.878,nornal
214799,0.9473,0.209,-0.1465,7.168,20.969,6.443,nornal
214819,0.9424,0.2783,-0.1455,6.321,26.252,10.344,nornal
214839,0.9287,0.2568,-0.124,5.664,24.954,15.427,nornal
214859,1.0227,0.2356,-0.0972,2.763,25.779,19.824,nornal
214879,1.0977,0.2573,-0.1033,0.046,22.183,19.618,nornal
214899,1.1384,0.3188,-0.1011,0.672,17.397,17.718,nornal
214919,1.1565,0.3672,-0.0647,2.786,9.389,12.351,nornal
214939,1.1116,0.353,-0.0632,6.45,5.382,6.206,nornal
214959,1.0701,0.3206,-0.0544,6.16,6.885,0.672,nornal
214979,1.0425,0.3196,-0.0806,4.382,6.969,-0.71,nornal
214999,1.0012,0.3528,-0.0862,-0.046,0.053,1.137,nornal
215019,0.9253,0.3635,-0.0779,-7.527,-9.748,3.168,nornal
215039,0.8723,0.3586,-0.0654,-13.74,-16.931,4.458,nornal
215059,0.8215,0.3408,-0.0862,-15.137,-21.565,6.344,nornal
215079,0.8035,0.322,-0.1453,-13.405,-21.679,7.832,nornal
215099,0.8438,0.3008,-0.1731,-12.786,-22.336,9.153,nornal
215119,0.9268,0.2751,-0.1726,-15.947,-25.267,7.305,nornal
215139,1.0554,0.2371,-0.1775,-19.458,-24.87,4.802,nornal
215159,1.0933,0.2534,-0.1663,-24.45,-25.298,4.649,nornal
215179,1.0508,0.2683,-0.2063,-29.359,-24.626,8.397,nornal
215199,1.0049,0.2903,-0.2129,-33.328,-23.496,13.588,nornal
215219,0.9771,0.2952,-0.2246,-34.939,-23.947,16.29,nornal
215239,0.9414,0.2798,-0.2563,-32.664,-23.489,17.992,nornal
215259,0.8955,0.2593,-0.2485,-32.237,-19.977,17.229,nornal
215279,0.8708,0.2395,-0.2373,-30.58,-15.336,14.412,nornal
215299,0.8889,0.2153,-0.2239,-29.427,-11.153,9.13,nornal
215319,0.9043,0.1924,-0.2166,-30.763,-7.16,2.008,nornal
215339,0.9211,0.1741,-0.2385,-32.626,-4.244,-4.237,nornal
215359,0.9375,0.1892,-0.2822,-33.015,-3.099,-7.038,nornal
215379,0.969,0.1936,-0.2947,-33.687,-4.824,-7.397,nornal
215399,0.9924,0.187,-0.2781,-35.107,-4.16,-6.069,nornal
215419,1.001,0.1929,-0.2637,-36.412,0.176,-3.153,nornal
215439,1.011,0.1917,-0.2761,-38.107,1.328,1.198,nornal
215459,1.0056,0.178,-0.2673,-38.122,-3.359,4.74,nornal
215479,0.9736,0.1731,-0.2358,-35.466,-4.29,7.26,nornal
215499,0.9478,0.1685,-0.2222,-33.0,-1.603,8.733,nornal
215519,0.9197,0.1414,-0.3,-28.328,-0.481,11.802,nornal
215539,0.9326,0.1379,-0.3628,-26.252,-1.809,13.969,nornal
215559,1.1111,0.3115,-0.2371,-30.405,-13.679,5.649,nornal
215579,1.2449,0.3757,-0.1519,-42.023,-19.687,-13.008,nornal
215599,1.0376,0.447,-0.1716,-40.168,-16.412,-14.321,nornal
215619,0.897,0.4543,-0.1377,-34.588,-16.076,-8.885,nornal
215639,0.8652,0.3982,-0.1465,-22.931,-7.069,-4.099,nornal
215659,0.855,0.3909,-0.127,-21.26,-5.496,-3.58,nornal
215679,0.876,0.3567,-0.1404,-26.824,-2.023,-3.076,nornal
215699,0.9143,0.3228,-0.1489,-33.786,1.023,0.176,nornal
215719,0.9507,0.343,-0.1294,-42.718,-1.473,3.183,nornal
215739,0.9893,0.3762,-0.0688,-43.863,-4.603,4.489,nornal
215759,0.9802,0.3667,-0.0444,-37.489,-3.244,6.206,nornal
215779,0.9946,0.321,-0.0798,-31.756,-0.626,6.527,nornal
215799,0.9885,0.2866,-0.092,-30.176,0.641,5.115,nornal
215819,0.9775,0.2756,-0.0991,-31.458,1.458,3.527,nornal
215839,0.981,0.2698,-0.1289,-31.626,0.748,3.092,nornal
215859,0.9731,0.2876,-0.1343,-29.84,-0.916,2.931,nornal
215879,0.9636,0.2898,-0.1257,-26.321,-0.473,2.817,nornal
215899,0.9775,0.2913,-0.1357,-21.344,0.45,1.939,nornal
215919,0.9685,0.2769,-0.1018,-18.221,1.298,1.748,nornal
215939,0.9817,0.2578,-0.1025,-16.351,1.115,0.802,nornal
215959,0.9771,0.2554,-0.1018,-15.458,-0.458,-0.008,nornal
215979,0.9817,0.2561,-0.1045,-15.382,0.466,-0.496,nornal
215999,0.9751,0.2737,-0.094,-14.031,0.733,-1.328,nornal
216019,0.9773,0.2817,-0.1082,-10.786,0.794,-2.298,nornal
216039,0.9683,0.2793,-0.0974,-4.595,1.313,-3.481,nornal
216059,0.9802,0.2905,-0.1033,2.573,1.519,-4.924,nornal
216079,0.9817,0.3079,-0.1057,12.053,2.511,-4.702,nornal
216099,0.9846,0.3037,-0.1191,19.718,4.504,-2.626,nornal
216119,0.9905,0.2937,-0.134,25.344,5.214,0.229,nornal
216139,0.9883,0.2654,-0.0737,28.794,6.298,1.267,nornal
216159,0.9841,0.2307,-0.0874,27.489,9.038,1.122,nornal
216179,0.9744,0.2473,-0.1233,21.122,8.687,1.328,nornal
216199,0.9607,0.2654,-0.1218,19.031,7.672,0.649,nornal
216219,0.9695,0.2942,-0.1394,18.603,6.076,0.16,nornal
216239,0.9636,0.3005,-0.1726,17.702,5.794,0.244,nornal
216259,0.9741,0.2808,-0.1526,18.557,7.58,1.038,nornal
216279,0.9697,0.2756,-0.1519,19.534,9.725,1.756,nornal
216299,0.9424,0.2908,-0.1626,19.427,11.107,2.504,nornal
216319,0.9312,0.3235,-0.1641,19.214,12.702,1.58,nornal
216339,0.9263,0.3494,-0.158,20.557,13.87,-0.573,nornal
216359,0.9343,0.344,-0.1516,23.145,15.237,-3.359,nornal
216379,0.9548,0.3425,-0.1658,24.053,15.206,-6.221,nornal
216399,0.9602,0.3667,-0.1814,26.298,14.305,-7.229,nornal
216419,0.9517,0.3799,-0.2021,28.763,12.794,-7.0,nornal
216439,0.9387,0.3577,-0.2205,31.397,11.756,-5.481,nornal
216459,0.939,0.3279,-0.219,31.557,12.916,-3.87,nornal
216479,0.95,0.3027,-0.2026,28.565,14.824,-3.527,nornal
216499,0.9578,0.29,-0.2141,23.985,16.702,-3.29,nornal
216519,0.959,0.2825,-0.1997,20.588,16.511,-2.908,nornal
216540,0.9634,0.2876,-0.2212,18.26,14.382,-3.16,nornal
216560,0.9709,0.3015,-0.207,15.29,10.794,-4.252,nornal
216580,0.9697,0.3054,-0.2097,12.412,8.855,-5.504,nornal
216600,0.9517,0.3125,-0.2065,10.031,8.588,-6.321,nornal
216620,0.9421,0.3162,-0.2129,8.229,10.374,-7.511,nornal
216640,0.9387,0.3083,-0.2007,7.282,11.817,-7.847,nornal
216660,0.9407,0.3081,-0.2024,6.611,12.55,-7.74,nornal
216680,0.9541,0.3098,-0.1953,6.847,13.13,-7.237,nornal
216700,0.9666,0.3022,-0.2102,7.557,12.763,-7.076,nornal
216720,0.9612,0.2969,-0.2173,7.076,12.061,-6.336,nornal
216740,0.9629,0.2842,-0.2087,5.267,11.046,-6.229,nornal
216760,0.969,0.2849,-0.2119,2.618,9.939,-6.076,nornal
216780,0.9622,0.2759,-0.2075,1.153,9.13,-6.397,nornal
216800,0.9622,0.281,-0.2136,-0.786,8.45,-5.641,nornal
216820,0.9648,0.28,-0.218,-3.015,7.55,-4.55,nornal
216840,0.9636,0.28,-0.2139,-4.603,6.176,-2.962,nornal
216860,0.97,0.2839,-0.2051,-5.916,5.565,-2.122,nornal
216880,0.9648,0.2876,-0.2068,-7.069,4.779,-1.435,nornal
216900,0.9736,0.2849,-0.2026,-8.115,4.168,-0.344,nornal
216920,0.9604,0.2786,-0.2002,-8.015,3.519,0.58,nornal
216940,0.9658,0.2808,-0.1936,-8.336,2.847,1.573,nornal
216960,0.978,0.28,-0.1953,-9.618,2.702,1.962,nornal
216980,0.9673,0.2712,-0.1826,-11.237,2.496,2.832,nornal
217000,0.9653,0.2615,-0.1829,-13.435,2.374,3.336,nornal
217020,0.9773,0.2563,-0.176,-15.626,1.763,3.244,nornal
217040,0.9766,0.2612,-0.1731,-19.58,0.809,3.321,nornal
217060,0.9756,0.259,-0.1685,-22.939,0.931,2.786,nornal
217080,0.97,0.2576,-0.1626,-25.527,0.565,2.336,nornal
217100,0.9692,0.2622,-0.1689,-27.71,-0.466,1.969,nornal
217120,0.9685,0.2695,-0.1592,-29.977,-1.45,3.008,nornal
217140,0.9724,0.2742,-0.166,-32.29,-1.962,3.489,nornal
217160,0.9734,0.2827,-0.1445,-34.267,-2.573,4.267,nornal
217180,0.9763,0.2957,-0.1438,-35.908,-3.527,4.908,nornal
217200,0.9661,0.3049,-0.1299,-36.176,-4.13,4.947,nornal
217220,0.9626,0.3167,-0.1284,-35.252,-4.481,5.107,nornal
217240,0.9617,0.3213,-0.1301,-33.908,-4.931,4.969,nornal
217260,0.9561,0.3237,-0.124,-32.817,-4.527,5.061,nornal
217280,0.9636,0.3293,-0.114,-31.069,-3.939,4.718,nornal
217300,0.9653,0.3301,-0.1042,-28.275,-3.496,3.947,nornal
217320,0.9697,0.3198,-0.1121,-24.45,-1.55,3.366,nornal
217340,0.9644,0.3245,-0.1252,-20.71,-0.389,3.313,nornal
217360,0.9678,0.3203,-0.1216,-18.908,-0.71,2.511,nornal
217380,0.9678,0.3149,-0.1228,-17.534,-1.092,2.221,nornal
217400,0.9636,0.3057,-0.1211,-16.45,-0.977,2.748,nornal
217420,0.9673,0.3047,-0.1245,-15.076,-0.824,2.771,nornal
217440,0.9666,0.2976,-0.1243,-14.298,-0.924,2.954,nornal
217460,0.9697,0.3005,-0.1172,-13.298,-0.534,2.534,nornal
217480,0.9675,0.3086,-0.1213,-12.031,-0.252,2.053,nornal
217500,0.9653,0.3123,-0.1252,-10.397,0.206,1.832,nornal
217520,0.9636,0.311,-0.1143,-8.313,0.519,1.87,nornal
217540,0.9624,0.3069,-0.1196,-6.282,1.656,1.145,nornal
217560,0.9661,0.2998,-0.1211,-4.206,1.718,0.733,nornal
217580,0.97,0.2939,-0.1108,-3.42,2.13,0.389,nornal
217600,0.967,0.2883,-0.1179,-2.725,2.58,0.137,nornal
217620,0.9722,0.2844,-0.1108,-2.237,3.023,-0.26,nornal
217640,0.9724,0.2832,-0.1196,-2.099,2.947,-0.847,nornal
217660,0.9692,0.2825,-0.1238,-1.779,3.198,-0.725,nornal
217680,0.9685,0.2854,-0.1191,-1.084,3.267,-0.496,nornal
217700,0.9719,0.28,-0.1191,-0.634,3.802,-0.435,nornal
217720,0.9719,0.2827,-0.1133,-0.443,3.649,-0.466,nornal
217740,0.9744,0.2832,-0.1152,-0.031,3.58,-0.046,nornal
217760,0.9744,0.2783,-0.1169,-0.122,2.931,0.015,nornal
217780,0.9717,0.2866,-0.1165,0.534,2.458,0.405,nornal
217800,0.9695,0.2852,-0.1165,0.878,2.771,0.382,nornal
217820,0.9756,0.293,-0.1179,1.718,2.931,0.641,nornal
217840,0.9697,0.2891,-0.1169,2.977,3.389,0.962,nornal
217860,0.9692,0.2898,-0.1138,4.076,3.58,0.87,nornal
217880,0.9714,0.2842,-0.1174,4.763,4.069,0.954,nornal
217900,0.9734,0.2776,-0.1196,4.962,4.206,0.595,nornal
217920,0.9709,0.2734,-0.1296,5.473,4.527,0.115,nornal
217940,0.9744,0.2625,-0.1362,5.519,4.924,-0.603,nornal
217960,0.9771,0.2585,-0.1265,4.542,4.992,-1.092,nornal
217980,0.9697,0.26,-0.127,2.481,4.947,-1.298,nornal
218000,0.9719,0.2634,-0.123,0.733,5.069,-1.649,nornal
218020,0.9746,0.2715,-0.1213,0.466,4.542,-1.443,nornal
218040,0.9756,0.2771,-0.1155,0.481,4.16,-1.206,nornal
218060,0.9766,0.2766,-0.1064,0.786,4.084,-0.725,nornal
218080,0.9744,0.2739,-0.1179,0.74,3.977,-0.282,nornal
218100,0.9717,0.2788,-0.1167,0.397,4.206,0.336,nornal
218120,0.9729,0.2839,-0.1133,0.985,3.672,0.099,nornal
218140,0.9792,0.2812,-0.1106,1.45,3.198,-0.015,nornal
218160,0.9758,0.2759,-0.1104,1.695,2.893,0.153,nornal
218180,0.9795,0.2715,-0.1062,2.069,3.374,0.802,nornal
218200,0.9763,0.2671,-0.1157,1.519,3.26,1.092,nornal
218220,0.9771,0.26,-0.1174,1.252,3.466,1.244,nornal
218240,0.9788,0.2649,-0.1145,0.55,3.611,1.489,nornal
218260,0.98,0.261,-0.1211,0.191,4.023,1.321,nornal
218280,0.9785,0.2617,-0.1199,-0.16,3.664,1.313,nornal
218300,0.9751,0.2585,-0.1125,-0.847,3.794,1.214,nornal
218320,0.9771,0.2644,-0.1191,-1.71,3.565,1.786,nornal
218340,0.9729,0.2668,-0.1152,-2.618,3.672,1.672,nornal
218360,0.9744,0.2717,-0.1172,-2.71,3.908,2.092,nornal
218380,0.9766,0.28,-0.1223,-2.992,3.771,2.031,nornal
218400,0.9724,0.2827,-0.1191,-2.183,3.824,1.679,nornal
218420,0.9727,0.2844,-0.1169,-2.092,3.542,1.534,nornal
218440,0.9771,0.2891,-0.1221,-1.893,3.252,1.794,nornal
218460,0.9727,0.2844,-0.1177,-1.183,3.458,1.588,nornal
218480,0.9688,0.2834,-0.1238,-0.565,3.45,0.534,nornal
218500,0.9717,0.2913,-0.1211,-0.16,3.496,0.489,nornal
218520,0.9714,0.2834,-0.1204,0.16,3.504,0.153,nornal
218541,0.9766,0.2815,-0.1277,0.908,4.0,0.122,nornal
218561,0.9709,0.2764,-0.1213,0.473,4.664,-0.015,nornal
218581,0.9709,0.2778,-0.124,-0.427,4.16,-0.382,nornal
218601,0.9719,0.2781,-0.1208,-0.786,4.076,-0.672,nornal
218621,0.9749,0.2832,-0.1182,-1.099,4.053,-1.0,nornal
218641,0.9727,0.2795,-0.1262,-0.771,3.74,-1.229,nornal
218661,0.9788,0.2803,-0.1252,-0.435,3.954,-1.122,nornal
218681,0.9768,0.2837,-0.1223,-0.656,3.809,-1.42,nornal
218701,0.97,0.2825,-0.1243,-0.267,3.893,-1.458,nornal
218721,0.9734,0.2803,-0.1143,0.42,4.145,-1.137,nornal
218741,0.9741,0.2815,-0.1111,0.656,4.16,-1.008,nornal
